solid 
 facet normal -1.000000e+00  0.000000e+00  0.000000e+00
   outer loop
     vertex -3.000000e+00  3.500000e+01  1.800000e+00
     vertex -3.000000e+00  4.200000e+01 -3.300000e+00
     vertex -3.000000e+00  3.500000e+01 -3.300000e+00
   endloop
 endfacet
 facet normal -1.000000e+00  0.000000e+00  0.000000e+00
   outer loop
     vertex -3.000000e+00  3.500000e+01  1.800000e+00
     vertex -3.000000e+00  4.200000e+01  1.800000e+00
     vertex -3.000000e+00  4.200000e+01 -3.300000e+00
   endloop
 endfacet
 facet normal  0.000000e+00  0.000000e+00  1.000000e+00
   outer loop
     vertex  0.000000e+00  4.200000e+01  1.800000e+00
     vertex -3.000000e+00  4.200000e+01  1.800000e+00
     vertex -3.000000e+00  3.500000e+01  1.800000e+00
   endloop
 endfacet
 facet normal  0.000000e+00  0.000000e+00  1.000000e+00
   outer loop
     vertex  0.000000e+00  4.200000e+01  1.800000e+00
     vertex -3.000000e+00  3.500000e+01  1.800000e+00
     vertex  0.000000e+00  3.500000e+01  1.800000e+00
   endloop
 endfacet
 facet normal -0.000000e+00  0.000000e+00 -1.000000e+00
   outer loop
     vertex  5.923077e+01  2.000000e+00  4.500000e+00
     vertex  5.707692e+01  0.000000e+00  4.500000e+00
     vertex  5.707692e+01  2.000000e+00  4.500000e+00
   endloop
 endfacet
 facet normal  0.000000e+00 -0.000000e+00 -1.000000e+00
   outer loop
     vertex  5.923077e+01  2.000000e+00  4.500000e+00
     vertex  5.923077e+01  0.000000e+00  4.500000e+00
     vertex  5.707692e+01  0.000000e+00  4.500000e+00
   endloop
 endfacet
 facet normal -1.000000e+00  0.000000e+00  0.000000e+00
   outer loop
     vertex  5.923077e+01  0.000000e+00  4.500000e+00
     vertex  5.923077e+01  2.000000e+00  3.000000e+00
     vertex  5.923077e+01  0.000000e+00  3.000000e+00
   endloop
 endfacet
 facet normal -1.000000e+00  0.000000e+00  0.000000e+00
   outer loop
     vertex  5.923077e+01  0.000000e+00  4.500000e+00
     vertex  5.923077e+01  2.000000e+00  4.500000e+00
     vertex  5.923077e+01  2.000000e+00  3.000000e+00
   endloop
 endfacet
 facet normal -0.000000e+00  0.000000e+00 -1.000000e+00
   outer loop
     vertex  6.223077e+01  2.000000e+00  3.000000e+00
     vertex  5.923077e+01  0.000000e+00  3.000000e+00
     vertex  5.923077e+01  2.000000e+00  3.000000e+00
   endloop
 endfacet
 facet normal  0.000000e+00 -0.000000e+00 -1.000000e+00
   outer loop
     vertex  6.223077e+01  2.000000e+00  3.000000e+00
     vertex  6.223077e+01  0.000000e+00  3.000000e+00
     vertex  5.923077e+01  0.000000e+00  3.000000e+00
   endloop
 endfacet
 facet normal  1.000000e+00  0.000000e+00  0.000000e+00
   outer loop
     vertex  6.223077e+01  0.000000e+00  4.500000e+00
     vertex  6.223077e+01  0.000000e+00  3.000000e+00
     vertex  6.223077e+01  2.000000e+00  3.000000e+00
   endloop
 endfacet
 facet normal  1.000000e+00 -0.000000e+00  0.000000e+00
   outer loop
     vertex  6.223077e+01  0.000000e+00  4.500000e+00
     vertex  6.223077e+01  2.000000e+00  3.000000e+00
     vertex  6.223077e+01  2.000000e+00  4.500000e+00
   endloop
 endfacet
 facet normal -0.000000e+00  0.000000e+00 -1.000000e+00
   outer loop
     vertex  6.638462e+01  2.000000e+00  4.500000e+00
     vertex  6.223077e+01  0.000000e+00  4.500000e+00
     vertex  6.223077e+01  2.000000e+00  4.500000e+00
   endloop
 endfacet
 facet normal  0.000000e+00 -0.000000e+00 -1.000000e+00
   outer loop
     vertex  6.638462e+01  2.000000e+00  4.500000e+00
     vertex  6.638462e+01  0.000000e+00  4.500000e+00
     vertex  6.223077e+01  0.000000e+00  4.500000e+00
   endloop
 endfacet
 facet normal -1.000000e+00  0.000000e+00  0.000000e+00
   outer loop
     vertex  6.638462e+01  0.000000e+00  4.500000e+00
     vertex  6.638462e+01  2.000000e+00  3.000000e+00
     vertex  6.638462e+01  0.000000e+00  3.000000e+00
   endloop
 endfacet
 facet normal -1.000000e+00  0.000000e+00  0.000000e+00
   outer loop
     vertex  6.638462e+01  0.000000e+00  4.500000e+00
     vertex  6.638462e+01  2.000000e+00  4.500000e+00
     vertex  6.638462e+01  2.000000e+00  3.000000e+00
   endloop
 endfacet
 facet normal -0.000000e+00  0.000000e+00 -1.000000e+00
   outer loop
     vertex  6.938462e+01  2.000000e+00  3.000000e+00
     vertex  6.638462e+01  0.000000e+00  3.000000e+00
     vertex  6.638462e+01  2.000000e+00  3.000000e+00
   endloop
 endfacet
 facet normal  0.000000e+00 -0.000000e+00 -1.000000e+00
   outer loop
     vertex  6.938462e+01  2.000000e+00  3.000000e+00
     vertex  6.938462e+01  0.000000e+00  3.000000e+00
     vertex  6.638462e+01  0.000000e+00  3.000000e+00
   endloop
 endfacet
 facet normal  1.000000e+00  0.000000e+00  0.000000e+00
   outer loop
     vertex  6.938462e+01  0.000000e+00  4.500000e+00
     vertex  6.938462e+01  0.000000e+00  3.000000e+00
     vertex  6.938462e+01  2.000000e+00  3.000000e+00
   endloop
 endfacet
 facet normal  1.000000e+00 -0.000000e+00  0.000000e+00
   outer loop
     vertex  6.938462e+01  0.000000e+00  4.500000e+00
     vertex  6.938462e+01  2.000000e+00  3.000000e+00
     vertex  6.938462e+01  2.000000e+00  4.500000e+00
   endloop
 endfacet
 facet normal -0.000000e+00  0.000000e+00 -1.000000e+00
   outer loop
     vertex  7.353846e+01  2.000000e+00  4.500000e+00
     vertex  6.938462e+01  0.000000e+00  4.500000e+00
     vertex  6.938462e+01  2.000000e+00  4.500000e+00
   endloop
 endfacet
 facet normal  0.000000e+00 -0.000000e+00 -1.000000e+00
   outer loop
     vertex  7.353846e+01  2.000000e+00  4.500000e+00
     vertex  7.353846e+01  0.000000e+00  4.500000e+00
     vertex  6.938462e+01  0.000000e+00  4.500000e+00
   endloop
 endfacet
 facet normal -1.000000e+00  0.000000e+00  0.000000e+00
   outer loop
     vertex  7.353846e+01  0.000000e+00  4.500000e+00
     vertex  7.353846e+01  2.000000e+00  3.000000e+00
     vertex  7.353846e+01  0.000000e+00  3.000000e+00
   endloop
 endfacet
 facet normal -1.000000e+00  0.000000e+00  0.000000e+00
   outer loop
     vertex  7.353846e+01  0.000000e+00  4.500000e+00
     vertex  7.353846e+01  2.000000e+00  4.500000e+00
     vertex  7.353846e+01  2.000000e+00  3.000000e+00
   endloop
 endfacet
 facet normal -0.000000e+00  0.000000e+00 -1.000000e+00
   outer loop
     vertex  7.653846e+01  2.000000e+00  3.000000e+00
     vertex  7.353846e+01  0.000000e+00  3.000000e+00
     vertex  7.353846e+01  2.000000e+00  3.000000e+00
   endloop
 endfacet
 facet normal  0.000000e+00 -0.000000e+00 -1.000000e+00
   outer loop
     vertex  7.653846e+01  2.000000e+00  3.000000e+00
     vertex  7.653846e+01  0.000000e+00  3.000000e+00
     vertex  7.353846e+01  0.000000e+00  3.000000e+00
   endloop
 endfacet
 facet normal  1.000000e+00  0.000000e+00  0.000000e+00
   outer loop
     vertex  7.653846e+01  0.000000e+00  4.500000e+00
     vertex  7.653846e+01  0.000000e+00  3.000000e+00
     vertex  7.653846e+01  2.000000e+00  3.000000e+00
   endloop
 endfacet
 facet normal  1.000000e+00 -0.000000e+00  0.000000e+00
   outer loop
     vertex  7.653846e+01  0.000000e+00  4.500000e+00
     vertex  7.653846e+01  2.000000e+00  3.000000e+00
     vertex  7.653846e+01  2.000000e+00  4.500000e+00
   endloop
 endfacet
 facet normal -0.000000e+00  0.000000e+00 -1.000000e+00
   outer loop
     vertex  8.069231e+01  2.000000e+00  4.500000e+00
     vertex  7.653846e+01  0.000000e+00  4.500000e+00
     vertex  7.653846e+01  2.000000e+00  4.500000e+00
   endloop
 endfacet
 facet normal  0.000000e+00 -0.000000e+00 -1.000000e+00
   outer loop
     vertex  8.069231e+01  2.000000e+00  4.500000e+00
     vertex  8.069231e+01  0.000000e+00  4.500000e+00
     vertex  7.653846e+01  0.000000e+00  4.500000e+00
   endloop
 endfacet
 facet normal -1.000000e+00  0.000000e+00  0.000000e+00
   outer loop
     vertex  8.069231e+01  0.000000e+00  4.500000e+00
     vertex  8.069231e+01  2.000000e+00  3.000000e+00
     vertex  8.069231e+01  0.000000e+00  3.000000e+00
   endloop
 endfacet
 facet normal -1.000000e+00  0.000000e+00  0.000000e+00
   outer loop
     vertex  8.069231e+01  0.000000e+00  4.500000e+00
     vertex  8.069231e+01  2.000000e+00  4.500000e+00
     vertex  8.069231e+01  2.000000e+00  3.000000e+00
   endloop
 endfacet
 facet normal -0.000000e+00  0.000000e+00 -1.000000e+00
   outer loop
     vertex  8.369231e+01  2.000000e+00  3.000000e+00
     vertex  8.069231e+01  0.000000e+00  3.000000e+00
     vertex  8.069231e+01  2.000000e+00  3.000000e+00
   endloop
 endfacet
 facet normal  0.000000e+00 -0.000000e+00 -1.000000e+00
   outer loop
     vertex  8.369231e+01  2.000000e+00  3.000000e+00
     vertex  8.369231e+01  0.000000e+00  3.000000e+00
     vertex  8.069231e+01  0.000000e+00  3.000000e+00
   endloop
 endfacet
 facet normal  1.000000e+00  0.000000e+00  0.000000e+00
   outer loop
     vertex  8.369231e+01  0.000000e+00  4.500000e+00
     vertex  8.369231e+01  0.000000e+00  3.000000e+00
     vertex  8.369231e+01  2.000000e+00  3.000000e+00
   endloop
 endfacet
 facet normal  1.000000e+00 -0.000000e+00  0.000000e+00
   outer loop
     vertex  8.369231e+01  0.000000e+00  4.500000e+00
     vertex  8.369231e+01  2.000000e+00  3.000000e+00
     vertex  8.369231e+01  2.000000e+00  4.500000e+00
   endloop
 endfacet
 facet normal -0.000000e+00  0.000000e+00 -1.000000e+00
   outer loop
     vertex  8.784615e+01  2.000000e+00  4.500000e+00
     vertex  8.369231e+01  0.000000e+00  4.500000e+00
     vertex  8.369231e+01  2.000000e+00  4.500000e+00
   endloop
 endfacet
 facet normal  0.000000e+00 -0.000000e+00 -1.000000e+00
   outer loop
     vertex  8.784615e+01  2.000000e+00  4.500000e+00
     vertex  8.784615e+01  0.000000e+00  4.500000e+00
     vertex  8.369231e+01  0.000000e+00  4.500000e+00
   endloop
 endfacet
 facet normal -1.000000e+00  0.000000e+00  0.000000e+00
   outer loop
     vertex  8.784615e+01  0.000000e+00  4.500000e+00
     vertex  8.784615e+01  2.000000e+00  3.000000e+00
     vertex  8.784615e+01  0.000000e+00  3.000000e+00
   endloop
 endfacet
 facet normal -1.000000e+00  0.000000e+00  0.000000e+00
   outer loop
     vertex  8.784615e+01  0.000000e+00  4.500000e+00
     vertex  8.784615e+01  2.000000e+00  4.500000e+00
     vertex  8.784615e+01  2.000000e+00  3.000000e+00
   endloop
 endfacet
 facet normal -0.000000e+00  0.000000e+00 -1.000000e+00
   outer loop
     vertex  9.084615e+01  2.000000e+00  3.000000e+00
     vertex  8.784615e+01  0.000000e+00  3.000000e+00
     vertex  8.784615e+01  2.000000e+00  3.000000e+00
   endloop
 endfacet
 facet normal  0.000000e+00 -0.000000e+00 -1.000000e+00
   outer loop
     vertex  9.084615e+01  2.000000e+00  3.000000e+00
     vertex  9.084615e+01  0.000000e+00  3.000000e+00
     vertex  8.784615e+01  0.000000e+00  3.000000e+00
   endloop
 endfacet
 facet normal  1.000000e+00  0.000000e+00  0.000000e+00
   outer loop
     vertex  9.084615e+01  0.000000e+00  4.500000e+00
     vertex  9.084615e+01  0.000000e+00  3.000000e+00
     vertex  9.084615e+01  2.000000e+00  3.000000e+00
   endloop
 endfacet
 facet normal  1.000000e+00 -0.000000e+00  0.000000e+00
   outer loop
     vertex  9.084615e+01  0.000000e+00  4.500000e+00
     vertex  9.084615e+01  2.000000e+00  3.000000e+00
     vertex  9.084615e+01  2.000000e+00  4.500000e+00
   endloop
 endfacet
 facet normal -0.000000e+00  0.000000e+00 -1.000000e+00
   outer loop
     vertex  9.500000e+01  2.000000e+00  4.500000e+00
     vertex  9.084615e+01  0.000000e+00  4.500000e+00
     vertex  9.084615e+01  2.000000e+00  4.500000e+00
   endloop
 endfacet
 facet normal  0.000000e+00 -0.000000e+00 -1.000000e+00
   outer loop
     vertex  9.500000e+01  2.000000e+00  4.500000e+00
     vertex  9.500000e+01  0.000000e+00  4.500000e+00
     vertex  9.084615e+01  0.000000e+00  4.500000e+00
   endloop
 endfacet
 facet normal -1.000000e+00  0.000000e+00  0.000000e+00
   outer loop
     vertex  9.500000e+01  0.000000e+00  4.500000e+00
     vertex  9.500000e+01  2.000000e+00  3.000000e+00
     vertex  9.500000e+01  0.000000e+00  3.000000e+00
   endloop
 endfacet
 facet normal -1.000000e+00  0.000000e+00  0.000000e+00
   outer loop
     vertex  9.500000e+01  0.000000e+00  4.500000e+00
     vertex  9.500000e+01  2.000000e+00  4.500000e+00
     vertex  9.500000e+01  2.000000e+00  3.000000e+00
   endloop
 endfacet
 facet normal -0.000000e+00  0.000000e+00 -1.000000e+00
   outer loop
     vertex  9.800000e+01  2.000000e+00  3.000000e+00
     vertex  9.500000e+01  0.000000e+00  3.000000e+00
     vertex  9.500000e+01  2.000000e+00  3.000000e+00
   endloop
 endfacet
 facet normal  0.000000e+00 -0.000000e+00 -1.000000e+00
   outer loop
     vertex  9.800000e+01  2.000000e+00  3.000000e+00
     vertex  9.800000e+01  0.000000e+00  3.000000e+00
     vertex  9.500000e+01  0.000000e+00  3.000000e+00
   endloop
 endfacet
 facet normal -1.000000e+00  0.000000e+00  0.000000e+00
   outer loop
     vertex  9.800000e+01  4.200000e+01  0.000000e+00
     vertex  9.800000e+01  4.000000e+01  3.000000e+00
     vertex  9.800000e+01  4.200000e+01  3.000000e+00
   endloop
 endfacet
 facet normal -1.000000e+00  0.000000e+00  0.000000e+00
   outer loop
     vertex  9.800000e+01  3.400000e+01  3.000000e+00
     vertex  9.800000e+01  3.400000e+01  1.200000e+01
     vertex  9.800000e+01  4.000000e+01  1.200000e+01
   endloop
 endfacet
 facet normal -1.000000e+00  0.000000e+00  0.000000e+00
   outer loop
     vertex  9.800000e+01  3.400000e+01  3.000000e+00
     vertex  9.800000e+01  4.000000e+01  1.200000e+01
     vertex  9.800000e+01  4.000000e+01  3.000000e+00
   endloop
 endfacet
 facet normal -1.000000e+00  0.000000e+00  0.000000e+00
   outer loop
     vertex  9.800000e+01  3.400000e+01  3.000000e+00
     vertex  9.800000e+01  4.000000e+01  3.000000e+00
     vertex  9.800000e+01  4.200000e+01  0.000000e+00
   endloop
 endfacet
 facet normal -1.000000e+00  0.000000e+00  0.000000e+00
   outer loop
     vertex  9.800000e+01  3.200000e+01  3.000000e+00
     vertex  9.800000e+01  2.600000e+01  1.200000e+01
     vertex  9.800000e+01  3.200000e+01  1.200000e+01
   endloop
 endfacet
 facet normal -1.000000e+00  0.000000e+00  0.000000e+00
   outer loop
     vertex  9.800000e+01  3.200000e+01  3.000000e+00
     vertex  9.800000e+01  3.400000e+01  3.000000e+00
     vertex  9.800000e+01  4.200000e+01  0.000000e+00
   endloop
 endfacet
 facet normal -1.000000e+00  0.000000e+00  0.000000e+00
   outer loop
     vertex  9.800000e+01  2.600000e+01  3.000000e+00
     vertex  9.800000e+01  2.600000e+01  1.200000e+01
     vertex  9.800000e+01  3.200000e+01  3.000000e+00
   endloop
 endfacet
 facet normal -1.000000e+00  0.000000e+00  0.000000e+00
   outer loop
     vertex  9.800000e+01  2.600000e+01  3.000000e+00
     vertex  9.800000e+01  3.200000e+01  3.000000e+00
     vertex  9.800000e+01  4.200000e+01  0.000000e+00
   endloop
 endfacet
 facet normal -1.000000e+00  0.000000e+00  0.000000e+00
   outer loop
     vertex  9.800000e+01  2.400000e+01  3.000000e+00
     vertex  9.800000e+01  1.800000e+01  1.200000e+01
     vertex  9.800000e+01  2.400000e+01  1.200000e+01
   endloop
 endfacet
 facet normal -1.000000e+00  0.000000e+00  0.000000e+00
   outer loop
     vertex  9.800000e+01  1.800000e+01  3.000000e+00
     vertex  9.800000e+01  1.800000e+01  1.200000e+01
     vertex  9.800000e+01  2.400000e+01  3.000000e+00
   endloop
 endfacet
 facet normal -1.000000e+00  0.000000e+00  0.000000e+00
   outer loop
     vertex  9.800000e+01  1.000000e+01  3.000000e+00
     vertex  9.800000e+01  1.000000e+01  1.200000e+01
     vertex  9.800000e+01  1.600000e+01  1.200000e+01
   endloop
 endfacet
 facet normal -1.000000e+00  0.000000e+00  0.000000e+00
   outer loop
     vertex  9.800000e+01  1.000000e+01  3.000000e+00
     vertex  9.800000e+01  1.600000e+01  1.200000e+01
     vertex  9.800000e+01  1.600000e+01  3.000000e+00
   endloop
 endfacet
 facet normal -1.000000e+00  0.000000e+00  0.000000e+00
   outer loop
     vertex  9.800000e+01  2.000000e+00  3.000000e+00
     vertex  9.800000e+01  2.000000e+00  1.200000e+01
     vertex  9.800000e+01  8.000000e+00  1.200000e+01
   endloop
 endfacet
 facet normal -1.000000e+00  0.000000e+00  0.000000e+00
   outer loop
     vertex  9.800000e+01  2.000000e+00  3.000000e+00
     vertex  9.800000e+01  8.000000e+00  1.200000e+01
     vertex  9.800000e+01  8.000000e+00  3.000000e+00
   endloop
 endfacet
 facet normal -1.000000e+00  0.000000e+00  0.000000e+00
   outer loop
     vertex  9.800000e+01  0.000000e+00  0.000000e+00
     vertex  9.800000e+01  0.000000e+00  3.000000e+00
     vertex  9.800000e+01  2.000000e+00  3.000000e+00
   endloop
 endfacet
 facet normal -1.000000e+00  0.000000e+00  0.000000e+00
   outer loop
     vertex  9.800000e+01  0.000000e+00  0.000000e+00
     vertex  9.800000e+01  8.000000e+00  3.000000e+00
     vertex  9.800000e+01  1.000000e+01  3.000000e+00
   endloop
 endfacet
 facet normal -1.000000e+00  0.000000e+00  0.000000e+00
   outer loop
     vertex  9.800000e+01  0.000000e+00  0.000000e+00
     vertex  9.800000e+01  1.000000e+01  3.000000e+00
     vertex  9.800000e+01  1.600000e+01  3.000000e+00
   endloop
 endfacet
 facet normal -1.000000e+00  0.000000e+00  0.000000e+00
   outer loop
     vertex  9.800000e+01  0.000000e+00  0.000000e+00
     vertex  9.800000e+01  2.000000e+00  3.000000e+00
     vertex  9.800000e+01  8.000000e+00  3.000000e+00
   endloop
 endfacet
 facet normal -1.000000e+00  0.000000e+00  0.000000e+00
   outer loop
     vertex  9.800000e+01  4.200000e+01  0.000000e+00
     vertex  9.800000e+01  0.000000e+00  0.000000e+00
     vertex  9.800000e+01  1.600000e+01  3.000000e+00
   endloop
 endfacet
 facet normal -1.000000e+00  0.000000e+00  0.000000e+00
   outer loop
     vertex  9.800000e+01  4.200000e+01  0.000000e+00
     vertex  9.800000e+01  1.600000e+01  3.000000e+00
     vertex  9.800000e+01  1.800000e+01  3.000000e+00
   endloop
 endfacet
 facet normal -1.000000e+00  0.000000e+00  0.000000e+00
   outer loop
     vertex  9.800000e+01  4.200000e+01  0.000000e+00
     vertex  9.800000e+01  1.800000e+01  3.000000e+00
     vertex  9.800000e+01  2.400000e+01  3.000000e+00
   endloop
 endfacet
 facet normal -1.000000e+00  0.000000e+00  0.000000e+00
   outer loop
     vertex  9.800000e+01  4.200000e+01  0.000000e+00
     vertex  9.800000e+01  2.400000e+01  3.000000e+00
     vertex  9.800000e+01  2.600000e+01  3.000000e+00
   endloop
 endfacet
 facet normal -1.000000e+00  0.000000e+00  0.000000e+00
   outer loop
     vertex  0.000000e+00  3.500000e+01  8.000000e-01
     vertex  0.000000e+00  4.200000e+01  8.000000e-01
     vertex  0.000000e+00  4.200000e+01  0.000000e+00
   endloop
 endfacet
 facet normal -1.000000e+00  0.000000e+00 -0.000000e+00
   outer loop
     vertex  0.000000e+00  4.200000e+01  1.200000e+01
     vertex  0.000000e+00  4.200000e+01  1.800000e+00
     vertex  0.000000e+00  3.500000e+01  1.800000e+00
   endloop
 endfacet
 facet normal -1.000000e+00  0.000000e+00  0.000000e+00
   outer loop
     vertex  0.000000e+00  7.000000e+00  8.000000e-01
     vertex  0.000000e+00  3.500000e+01  1.800000e+00
     vertex  0.000000e+00  3.500000e+01  8.000000e-01
   endloop
 endfacet
 facet normal -1.000000e+00  0.000000e+00  0.000000e+00
   outer loop
     vertex  0.000000e+00  7.000000e+00  1.800000e+00
     vertex  0.000000e+00  3.500000e+01  1.800000e+00
     vertex  0.000000e+00  7.000000e+00  8.000000e-01
   endloop
 endfacet
 facet normal -1.000000e+00  0.000000e+00  0.000000e+00
   outer loop
     vertex  0.000000e+00  0.000000e+00  8.000000e-01
     vertex  0.000000e+00  7.000000e+00  8.000000e-01
     vertex  0.000000e+00  0.000000e+00  0.000000e+00
   endloop
 endfacet
 facet normal -1.000000e+00  0.000000e+00  0.000000e+00
   outer loop
     vertex  0.000000e+00  0.000000e+00  1.200000e+01
     vertex  0.000000e+00  7.000000e+00  1.800000e+00
     vertex  0.000000e+00  0.000000e+00  1.800000e+00
   endloop
 endfacet
 facet normal -1.000000e+00  0.000000e+00  0.000000e+00
   outer loop
     vertex  0.000000e+00  0.000000e+00  1.200000e+01
     vertex  0.000000e+00  4.200000e+01  1.200000e+01
     vertex  0.000000e+00  3.500000e+01  1.800000e+00
   endloop
 endfacet
 facet normal -1.000000e+00  0.000000e+00  0.000000e+00
   outer loop
     vertex  0.000000e+00  0.000000e+00  1.200000e+01
     vertex  0.000000e+00  3.500000e+01  1.800000e+00
     vertex  0.000000e+00  7.000000e+00  1.800000e+00
   endloop
 endfacet
 facet normal -1.000000e+00  0.000000e+00  0.000000e+00
   outer loop
     vertex  0.000000e+00  0.000000e+00  0.000000e+00
     vertex  0.000000e+00  3.500000e+01  8.000000e-01
     vertex  0.000000e+00  4.200000e+01  0.000000e+00
   endloop
 endfacet
 facet normal -1.000000e+00  0.000000e+00  0.000000e+00
   outer loop
     vertex  0.000000e+00  0.000000e+00  0.000000e+00
     vertex  0.000000e+00  7.000000e+00  8.000000e-01
     vertex  0.000000e+00  3.500000e+01  8.000000e-01
   endloop
 endfacet
 facet normal -0.000000e+00  0.000000e+00 -1.000000e+00
   outer loop
     vertex  0.000000e+00  7.000000e+00  8.000000e-01
     vertex -1.000000e+00  0.000000e+00  8.000000e-01
     vertex -1.000000e+00  7.000000e+00  8.000000e-01
   endloop
 endfacet
 facet normal  0.000000e+00 -0.000000e+00 -1.000000e+00
   outer loop
     vertex  0.000000e+00  7.000000e+00  8.000000e-01
     vertex  0.000000e+00  0.000000e+00  8.000000e-01
     vertex -1.000000e+00  0.000000e+00  8.000000e-01
   endloop
 endfacet
 facet normal  0.000000e+00  0.000000e+00  1.000000e+00
   outer loop
     vertex  2.000000e+00  8.000000e+00  1.200000e+01
     vertex  0.000000e+00  0.000000e+00  1.200000e+01
     vertex  2.000000e+00  2.000000e+00  1.200000e+01
   endloop
 endfacet
 facet normal  0.000000e+00  0.000000e+00  1.000000e+00
   outer loop
     vertex  2.000000e+00  1.000000e+01  1.200000e+01
     vertex  0.000000e+00  0.000000e+00  1.200000e+01
     vertex  2.000000e+00  8.000000e+00  1.200000e+01
   endloop
 endfacet
 facet normal  0.000000e+00  0.000000e+00  1.000000e+00
   outer loop
     vertex  2.000000e+00  1.600000e+01  1.200000e+01
     vertex  0.000000e+00  0.000000e+00  1.200000e+01
     vertex  2.000000e+00  1.000000e+01  1.200000e+01
   endloop
 endfacet
 facet normal  0.000000e+00  0.000000e+00  1.000000e+00
   outer loop
     vertex  2.000000e+00  1.800000e+01  1.200000e+01
     vertex  0.000000e+00  0.000000e+00  1.200000e+01
     vertex  2.000000e+00  1.600000e+01  1.200000e+01
   endloop
 endfacet
 facet normal  0.000000e+00  0.000000e+00  1.000000e+00
   outer loop
     vertex  0.000000e+00  4.200000e+01  1.200000e+01
     vertex  2.000000e+00  2.600000e+01  1.200000e+01
     vertex  2.000000e+00  3.200000e+01  1.200000e+01
   endloop
 endfacet
 facet normal  0.000000e+00  0.000000e+00  1.000000e+00
   outer loop
     vertex  0.000000e+00  4.200000e+01  1.200000e+01
     vertex  2.000000e+00  3.400000e+01  1.200000e+01
     vertex  2.000000e+00  4.000000e+01  1.200000e+01
   endloop
 endfacet
 facet normal  0.000000e+00  0.000000e+00  1.000000e+00
   outer loop
     vertex  0.000000e+00  4.200000e+01  1.200000e+01
     vertex  2.000000e+00  2.400000e+01  1.200000e+01
     vertex  2.000000e+00  2.600000e+01  1.200000e+01
   endloop
 endfacet
 facet normal  0.000000e+00  0.000000e+00  1.000000e+00
   outer loop
     vertex  0.000000e+00  4.200000e+01  1.200000e+01
     vertex  2.000000e+00  3.200000e+01  1.200000e+01
     vertex  2.000000e+00  3.400000e+01  1.200000e+01
   endloop
 endfacet
 facet normal  0.000000e+00  0.000000e+00  1.000000e+00
   outer loop
     vertex  9.800000e+01  2.000000e+00  1.200000e+01
     vertex  0.000000e+00  0.000000e+00  1.200000e+01
     vertex  1.000000e+02  0.000000e+00  1.200000e+01
   endloop
 endfacet
 facet normal  0.000000e+00  0.000000e+00  1.000000e+00
   outer loop
     vertex  9.800000e+01  2.000000e+00  1.200000e+01
     vertex  2.000000e+00  2.000000e+00  1.200000e+01
     vertex  0.000000e+00  0.000000e+00  1.200000e+01
   endloop
 endfacet
 facet normal  0.000000e+00  0.000000e+00  1.000000e+00
   outer loop
     vertex  9.800000e+01  8.000000e+00  1.200000e+01
     vertex  9.800000e+01  2.000000e+00  1.200000e+01
     vertex  1.000000e+02  0.000000e+00  1.200000e+01
   endloop
 endfacet
 facet normal  0.000000e+00  0.000000e+00  1.000000e+00
   outer loop
     vertex  9.800000e+01  8.000000e+00  1.200000e+01
     vertex  2.000000e+00  1.000000e+01  1.200000e+01
     vertex  2.000000e+00  8.000000e+00  1.200000e+01
   endloop
 endfacet
 facet normal  0.000000e+00  0.000000e+00  1.000000e+00
   outer loop
     vertex  9.800000e+01  1.000000e+01  1.200000e+01
     vertex  2.000000e+00  1.000000e+01  1.200000e+01
     vertex  9.800000e+01  8.000000e+00  1.200000e+01
   endloop
 endfacet
 facet normal  0.000000e+00  0.000000e+00  1.000000e+00
   outer loop
     vertex  9.800000e+01  1.000000e+01  1.200000e+01
     vertex  9.800000e+01  8.000000e+00  1.200000e+01
     vertex  1.000000e+02  0.000000e+00  1.200000e+01
   endloop
 endfacet
 facet normal  0.000000e+00  0.000000e+00  1.000000e+00
   outer loop
     vertex  9.800000e+01  1.600000e+01  1.200000e+01
     vertex  2.000000e+00  1.800000e+01  1.200000e+01
     vertex  2.000000e+00  1.600000e+01  1.200000e+01
   endloop
 endfacet
 facet normal  0.000000e+00  0.000000e+00  1.000000e+00
   outer loop
     vertex  9.800000e+01  1.600000e+01  1.200000e+01
     vertex  9.800000e+01  1.000000e+01  1.200000e+01
     vertex  1.000000e+02  0.000000e+00  1.200000e+01
   endloop
 endfacet
 facet normal  0.000000e+00  0.000000e+00  1.000000e+00
   outer loop
     vertex  9.800000e+01  1.800000e+01  1.200000e+01
     vertex  2.000000e+00  1.800000e+01  1.200000e+01
     vertex  9.800000e+01  1.600000e+01  1.200000e+01
   endloop
 endfacet
 facet normal  0.000000e+00  0.000000e+00  1.000000e+00
   outer loop
     vertex  9.800000e+01  1.800000e+01  1.200000e+01
     vertex  9.800000e+01  1.600000e+01  1.200000e+01
     vertex  1.000000e+02  0.000000e+00  1.200000e+01
   endloop
 endfacet
 facet normal  0.000000e+00  0.000000e+00  1.000000e+00
   outer loop
     vertex  9.800000e+01  2.400000e+01  1.200000e+01
     vertex  2.000000e+00  2.600000e+01  1.200000e+01
     vertex  2.000000e+00  2.400000e+01  1.200000e+01
   endloop
 endfacet
 facet normal  0.000000e+00  0.000000e+00  1.000000e+00
   outer loop
     vertex  9.800000e+01  2.600000e+01  1.200000e+01
     vertex  2.000000e+00  2.600000e+01  1.200000e+01
     vertex  9.800000e+01  2.400000e+01  1.200000e+01
   endloop
 endfacet
 facet normal  0.000000e+00  0.000000e+00  1.000000e+00
   outer loop
     vertex  9.800000e+01  3.200000e+01  1.200000e+01
     vertex  2.000000e+00  3.400000e+01  1.200000e+01
     vertex  2.000000e+00  3.200000e+01  1.200000e+01
   endloop
 endfacet
 facet normal  0.000000e+00  0.000000e+00  1.000000e+00
   outer loop
     vertex  9.800000e+01  3.400000e+01  1.200000e+01
     vertex  2.000000e+00  3.400000e+01  1.200000e+01
     vertex  9.800000e+01  3.200000e+01  1.200000e+01
   endloop
 endfacet
 facet normal  0.000000e+00  0.000000e+00  1.000000e+00
   outer loop
     vertex  1.000000e+02  4.200000e+01  1.200000e+01
     vertex  9.800000e+01  3.200000e+01  1.200000e+01
     vertex  9.800000e+01  2.600000e+01  1.200000e+01
   endloop
 endfacet
 facet normal  0.000000e+00  0.000000e+00  1.000000e+00
   outer loop
     vertex  1.000000e+02  4.200000e+01  1.200000e+01
     vertex  9.800000e+01  4.000000e+01  1.200000e+01
     vertex  9.800000e+01  3.400000e+01  1.200000e+01
   endloop
 endfacet
 facet normal  0.000000e+00  0.000000e+00  1.000000e+00
   outer loop
     vertex  1.000000e+02  4.200000e+01  1.200000e+01
     vertex  9.800000e+01  2.600000e+01  1.200000e+01
     vertex  9.800000e+01  2.400000e+01  1.200000e+01
   endloop
 endfacet
 facet normal  0.000000e+00  0.000000e+00  1.000000e+00
   outer loop
     vertex  1.000000e+02  4.200000e+01  1.200000e+01
     vertex  9.800000e+01  3.400000e+01  1.200000e+01
     vertex  9.800000e+01  3.200000e+01  1.200000e+01
   endloop
 endfacet
 facet normal  0.000000e+00  0.000000e+00  1.000000e+00
   outer loop
     vertex  0.000000e+00  4.200000e+01  1.200000e+01
     vertex  0.000000e+00  0.000000e+00  1.200000e+01
     vertex  2.000000e+00  1.800000e+01  1.200000e+01
   endloop
 endfacet
 facet normal  0.000000e+00  0.000000e+00  1.000000e+00
   outer loop
     vertex  0.000000e+00  4.200000e+01  1.200000e+01
     vertex  2.000000e+00  1.800000e+01  1.200000e+01
     vertex  2.000000e+00  2.400000e+01  1.200000e+01
   endloop
 endfacet
 facet normal  0.000000e+00 -0.000000e+00  1.000000e+00
   outer loop
     vertex  1.000000e+02  0.000000e+00  1.200000e+01
     vertex  1.000000e+02  4.200000e+01  1.200000e+01
     vertex  9.800000e+01  2.400000e+01  1.200000e+01
   endloop
 endfacet
 facet normal  0.000000e+00  0.000000e+00  1.000000e+00
   outer loop
     vertex  1.000000e+02  0.000000e+00  1.200000e+01
     vertex  9.800000e+01  2.400000e+01  1.200000e+01
     vertex  9.800000e+01  1.800000e+01  1.200000e+01
   endloop
 endfacet
 facet normal  0.000000e+00  0.000000e+00  1.000000e+00
   outer loop
     vertex  1.000000e+02  4.200000e+01  1.200000e+01
     vertex  0.000000e+00  4.200000e+01  1.200000e+01
     vertex  2.000000e+00  4.000000e+01  1.200000e+01
   endloop
 endfacet
 facet normal  0.000000e+00  0.000000e+00  1.000000e+00
   outer loop
     vertex  1.000000e+02  4.200000e+01  1.200000e+01
     vertex  2.000000e+00  4.000000e+01  1.200000e+01
     vertex  9.800000e+01  4.000000e+01  1.200000e+01
   endloop
 endfacet
 facet normal -0.000000e+00  0.000000e+00 -1.000000e+00
   outer loop
     vertex  0.000000e+00  4.200000e+01  8.000000e-01
     vertex -1.000000e+00  3.500000e+01  8.000000e-01
     vertex -1.000000e+00  4.200000e+01  8.000000e-01
   endloop
 endfacet
 facet normal  0.000000e+00 -0.000000e+00 -1.000000e+00
   outer loop
     vertex  0.000000e+00  4.200000e+01  8.000000e-01
     vertex  0.000000e+00  3.500000e+01  8.000000e-01
     vertex -1.000000e+00  3.500000e+01  8.000000e-01
   endloop
 endfacet
 facet normal -0.000000e+00  0.000000e+00 -1.000000e+00
   outer loop
     vertex  2.000000e+00  4.200000e+01  0.000000e+00
     vertex  0.000000e+00  0.000000e+00  0.000000e+00
     vertex  0.000000e+00  4.200000e+01  0.000000e+00
   endloop
 endfacet
 facet normal  0.000000e+00 -0.000000e+00 -1.000000e+00
   outer loop
     vertex  2.000000e+00  4.200000e+01  0.000000e+00
     vertex  2.000000e+00  0.000000e+00  0.000000e+00
     vertex  0.000000e+00  0.000000e+00  0.000000e+00
   endloop
 endfacet
 facet normal  1.000000e+00 -0.000000e+00  0.000000e+00
   outer loop
     vertex  2.000000e+00  4.000000e+01  3.000000e+00
     vertex  2.000000e+00  4.200000e+01  0.000000e+00
     vertex  2.000000e+00  4.200000e+01  3.000000e+00
   endloop
 endfacet
 facet normal  1.000000e+00 -0.000000e+00  0.000000e+00
   outer loop
     vertex  2.000000e+00  3.400000e+01  3.000000e+00
     vertex  2.000000e+00  4.200000e+01  0.000000e+00
     vertex  2.000000e+00  4.000000e+01  3.000000e+00
   endloop
 endfacet
 facet normal  1.000000e+00 -0.000000e+00  0.000000e+00
   outer loop
     vertex  2.000000e+00  3.200000e+01  3.000000e+00
     vertex  2.000000e+00  4.200000e+01  0.000000e+00
     vertex  2.000000e+00  3.400000e+01  3.000000e+00
   endloop
 endfacet
 facet normal  1.000000e+00 -0.000000e+00  0.000000e+00
   outer loop
     vertex  2.000000e+00  2.600000e+01  3.000000e+00
     vertex  2.000000e+00  4.200000e+01  0.000000e+00
     vertex  2.000000e+00  3.200000e+01  3.000000e+00
   endloop
 endfacet
 facet normal  1.000000e+00 -0.000000e+00  0.000000e+00
   outer loop
     vertex  2.000000e+00  3.400000e+01  1.200000e+01
     vertex  2.000000e+00  4.000000e+01  3.000000e+00
     vertex  2.000000e+00  4.000000e+01  1.200000e+01
   endloop
 endfacet
 facet normal  1.000000e+00  0.000000e+00  0.000000e+00
   outer loop
     vertex  2.000000e+00  3.400000e+01  1.200000e+01
     vertex  2.000000e+00  3.400000e+01  3.000000e+00
     vertex  2.000000e+00  4.000000e+01  3.000000e+00
   endloop
 endfacet
 facet normal  1.000000e+00 -0.000000e+00  0.000000e+00
   outer loop
     vertex  2.000000e+00  2.600000e+01  1.200000e+01
     vertex  2.000000e+00  3.200000e+01  3.000000e+00
     vertex  2.000000e+00  3.200000e+01  1.200000e+01
   endloop
 endfacet
 facet normal  1.000000e+00  0.000000e+00  0.000000e+00
   outer loop
     vertex  2.000000e+00  2.600000e+01  1.200000e+01
     vertex  2.000000e+00  2.600000e+01  3.000000e+00
     vertex  2.000000e+00  3.200000e+01  3.000000e+00
   endloop
 endfacet
 facet normal  1.000000e+00 -0.000000e+00  0.000000e+00
   outer loop
     vertex  2.000000e+00  1.800000e+01  1.200000e+01
     vertex  2.000000e+00  2.400000e+01  3.000000e+00
     vertex  2.000000e+00  2.400000e+01  1.200000e+01
   endloop
 endfacet
 facet normal  1.000000e+00  0.000000e+00  0.000000e+00
   outer loop
     vertex  2.000000e+00  1.800000e+01  1.200000e+01
     vertex  2.000000e+00  1.800000e+01  3.000000e+00
     vertex  2.000000e+00  2.400000e+01  3.000000e+00
   endloop
 endfacet
 facet normal  1.000000e+00  0.000000e+00  0.000000e+00
   outer loop
     vertex  2.000000e+00  0.000000e+00  0.000000e+00
     vertex  2.000000e+00  1.000000e+01  3.000000e+00
     vertex  2.000000e+00  8.000000e+00  3.000000e+00
   endloop
 endfacet
 facet normal  1.000000e+00  0.000000e+00  0.000000e+00
   outer loop
     vertex  2.000000e+00  0.000000e+00  0.000000e+00
     vertex  2.000000e+00  1.600000e+01  3.000000e+00
     vertex  2.000000e+00  1.000000e+01  3.000000e+00
   endloop
 endfacet
 facet normal  1.000000e+00 -0.000000e+00  0.000000e+00
   outer loop
     vertex  2.000000e+00  2.000000e+00  3.000000e+00
     vertex  2.000000e+00  0.000000e+00  0.000000e+00
     vertex  2.000000e+00  8.000000e+00  3.000000e+00
   endloop
 endfacet
 facet normal  1.000000e+00 -0.000000e+00  0.000000e+00
   outer loop
     vertex  2.000000e+00  1.000000e+01  1.200000e+01
     vertex  2.000000e+00  1.600000e+01  3.000000e+00
     vertex  2.000000e+00  1.600000e+01  1.200000e+01
   endloop
 endfacet
 facet normal  1.000000e+00  0.000000e+00  0.000000e+00
   outer loop
     vertex  2.000000e+00  1.000000e+01  1.200000e+01
     vertex  2.000000e+00  1.000000e+01  3.000000e+00
     vertex  2.000000e+00  1.600000e+01  3.000000e+00
   endloop
 endfacet
 facet normal  1.000000e+00 -0.000000e+00  0.000000e+00
   outer loop
     vertex  2.000000e+00  0.000000e+00  3.000000e+00
     vertex  2.000000e+00  0.000000e+00  0.000000e+00
     vertex  2.000000e+00  2.000000e+00  3.000000e+00
   endloop
 endfacet
 facet normal  1.000000e+00 -0.000000e+00  0.000000e+00
   outer loop
     vertex  2.000000e+00  2.000000e+00  1.200000e+01
     vertex  2.000000e+00  8.000000e+00  3.000000e+00
     vertex  2.000000e+00  8.000000e+00  1.200000e+01
   endloop
 endfacet
 facet normal  1.000000e+00  0.000000e+00  0.000000e+00
   outer loop
     vertex  2.000000e+00  2.000000e+00  1.200000e+01
     vertex  2.000000e+00  2.000000e+00  3.000000e+00
     vertex  2.000000e+00  8.000000e+00  3.000000e+00
   endloop
 endfacet
 facet normal  1.000000e+00  0.000000e+00  0.000000e+00
   outer loop
     vertex  2.000000e+00  0.000000e+00  0.000000e+00
     vertex  2.000000e+00  4.200000e+01  0.000000e+00
     vertex  2.000000e+00  2.600000e+01  3.000000e+00
   endloop
 endfacet
 facet normal  1.000000e+00  0.000000e+00  0.000000e+00
   outer loop
     vertex  2.000000e+00  0.000000e+00  0.000000e+00
     vertex  2.000000e+00  2.600000e+01  3.000000e+00
     vertex  2.000000e+00  2.400000e+01  3.000000e+00
   endloop
 endfacet
 facet normal  1.000000e+00  0.000000e+00  0.000000e+00
   outer loop
     vertex  2.000000e+00  0.000000e+00  0.000000e+00
     vertex  2.000000e+00  2.400000e+01  3.000000e+00
     vertex  2.000000e+00  1.800000e+01  3.000000e+00
   endloop
 endfacet
 facet normal  1.000000e+00  0.000000e+00  0.000000e+00
   outer loop
     vertex  2.000000e+00  0.000000e+00  0.000000e+00
     vertex  2.000000e+00  1.800000e+01  3.000000e+00
     vertex  2.000000e+00  1.600000e+01  3.000000e+00
   endloop
 endfacet
 facet normal -0.000000e+00  0.000000e+00 -1.000000e+00
   outer loop
     vertex  5.000000e+00  2.000000e+00  3.000000e+00
     vertex  2.000000e+00  0.000000e+00  3.000000e+00
     vertex  2.000000e+00  2.000000e+00  3.000000e+00
   endloop
 endfacet
 facet normal  0.000000e+00 -0.000000e+00 -1.000000e+00
   outer loop
     vertex  5.000000e+00  2.000000e+00  3.000000e+00
     vertex  5.000000e+00  0.000000e+00  3.000000e+00
     vertex  2.000000e+00  0.000000e+00  3.000000e+00
   endloop
 endfacet
 facet normal  1.000000e+00  0.000000e+00  0.000000e+00
   outer loop
     vertex  5.000000e+00  0.000000e+00  4.500000e+00
     vertex  5.000000e+00  0.000000e+00  3.000000e+00
     vertex  5.000000e+00  2.000000e+00  3.000000e+00
   endloop
 endfacet
 facet normal  1.000000e+00 -0.000000e+00  0.000000e+00
   outer loop
     vertex  5.000000e+00  0.000000e+00  4.500000e+00
     vertex  5.000000e+00  2.000000e+00  3.000000e+00
     vertex  5.000000e+00  2.000000e+00  4.500000e+00
   endloop
 endfacet
 facet normal -0.000000e+00  0.000000e+00 -1.000000e+00
   outer loop
     vertex  9.153846e+00  2.000000e+00  4.500000e+00
     vertex  5.000000e+00  0.000000e+00  4.500000e+00
     vertex  5.000000e+00  2.000000e+00  4.500000e+00
   endloop
 endfacet
 facet normal  0.000000e+00 -0.000000e+00 -1.000000e+00
   outer loop
     vertex  9.153846e+00  2.000000e+00  4.500000e+00
     vertex  9.153846e+00  0.000000e+00  4.500000e+00
     vertex  5.000000e+00  0.000000e+00  4.500000e+00
   endloop
 endfacet
 facet normal -1.000000e+00  0.000000e+00  0.000000e+00
   outer loop
     vertex  9.153846e+00  0.000000e+00  4.500000e+00
     vertex  9.153846e+00  2.000000e+00  3.000000e+00
     vertex  9.153846e+00  0.000000e+00  3.000000e+00
   endloop
 endfacet
 facet normal -1.000000e+00  0.000000e+00  0.000000e+00
   outer loop
     vertex  9.153846e+00  0.000000e+00  4.500000e+00
     vertex  9.153846e+00  2.000000e+00  4.500000e+00
     vertex  9.153846e+00  2.000000e+00  3.000000e+00
   endloop
 endfacet
 facet normal -0.000000e+00  0.000000e+00 -1.000000e+00
   outer loop
     vertex  1.215385e+01  2.000000e+00  3.000000e+00
     vertex  9.153846e+00  0.000000e+00  3.000000e+00
     vertex  9.153846e+00  2.000000e+00  3.000000e+00
   endloop
 endfacet
 facet normal  0.000000e+00 -0.000000e+00 -1.000000e+00
   outer loop
     vertex  1.215385e+01  2.000000e+00  3.000000e+00
     vertex  1.215385e+01  0.000000e+00  3.000000e+00
     vertex  9.153846e+00  0.000000e+00  3.000000e+00
   endloop
 endfacet
 facet normal  1.000000e+00  0.000000e+00  0.000000e+00
   outer loop
     vertex  1.215385e+01  0.000000e+00  4.500000e+00
     vertex  1.215385e+01  0.000000e+00  3.000000e+00
     vertex  1.215385e+01  2.000000e+00  3.000000e+00
   endloop
 endfacet
 facet normal  1.000000e+00 -0.000000e+00  0.000000e+00
   outer loop
     vertex  1.215385e+01  0.000000e+00  4.500000e+00
     vertex  1.215385e+01  2.000000e+00  3.000000e+00
     vertex  1.215385e+01  2.000000e+00  4.500000e+00
   endloop
 endfacet
 facet normal -0.000000e+00  0.000000e+00 -1.000000e+00
   outer loop
     vertex  1.630769e+01  2.000000e+00  4.500000e+00
     vertex  1.215385e+01  0.000000e+00  4.500000e+00
     vertex  1.215385e+01  2.000000e+00  4.500000e+00
   endloop
 endfacet
 facet normal  0.000000e+00 -0.000000e+00 -1.000000e+00
   outer loop
     vertex  1.630769e+01  2.000000e+00  4.500000e+00
     vertex  1.630769e+01  0.000000e+00  4.500000e+00
     vertex  1.215385e+01  0.000000e+00  4.500000e+00
   endloop
 endfacet
 facet normal -1.000000e+00  0.000000e+00  0.000000e+00
   outer loop
     vertex  1.630769e+01  0.000000e+00  4.500000e+00
     vertex  1.630769e+01  2.000000e+00  3.000000e+00
     vertex  1.630769e+01  0.000000e+00  3.000000e+00
   endloop
 endfacet
 facet normal -1.000000e+00  0.000000e+00  0.000000e+00
   outer loop
     vertex  1.630769e+01  0.000000e+00  4.500000e+00
     vertex  1.630769e+01  2.000000e+00  4.500000e+00
     vertex  1.630769e+01  2.000000e+00  3.000000e+00
   endloop
 endfacet
 facet normal -0.000000e+00  0.000000e+00 -1.000000e+00
   outer loop
     vertex  1.930769e+01  2.000000e+00  3.000000e+00
     vertex  1.630769e+01  0.000000e+00  3.000000e+00
     vertex  1.630769e+01  2.000000e+00  3.000000e+00
   endloop
 endfacet
 facet normal  0.000000e+00 -0.000000e+00 -1.000000e+00
   outer loop
     vertex  1.930769e+01  2.000000e+00  3.000000e+00
     vertex  1.930769e+01  0.000000e+00  3.000000e+00
     vertex  1.630769e+01  0.000000e+00  3.000000e+00
   endloop
 endfacet
 facet normal  1.000000e+00  0.000000e+00  0.000000e+00
   outer loop
     vertex  1.930769e+01  0.000000e+00  4.500000e+00
     vertex  1.930769e+01  0.000000e+00  3.000000e+00
     vertex  1.930769e+01  2.000000e+00  3.000000e+00
   endloop
 endfacet
 facet normal  1.000000e+00 -0.000000e+00  0.000000e+00
   outer loop
     vertex  1.930769e+01  0.000000e+00  4.500000e+00
     vertex  1.930769e+01  2.000000e+00  3.000000e+00
     vertex  1.930769e+01  2.000000e+00  4.500000e+00
   endloop
 endfacet
 facet normal -0.000000e+00  0.000000e+00 -1.000000e+00
   outer loop
     vertex  2.346154e+01  2.000000e+00  4.500000e+00
     vertex  1.930769e+01  0.000000e+00  4.500000e+00
     vertex  1.930769e+01  2.000000e+00  4.500000e+00
   endloop
 endfacet
 facet normal  0.000000e+00 -0.000000e+00 -1.000000e+00
   outer loop
     vertex  2.346154e+01  2.000000e+00  4.500000e+00
     vertex  2.346154e+01  0.000000e+00  4.500000e+00
     vertex  1.930769e+01  0.000000e+00  4.500000e+00
   endloop
 endfacet
 facet normal -1.000000e+00  0.000000e+00  0.000000e+00
   outer loop
     vertex  2.346154e+01  0.000000e+00  4.500000e+00
     vertex  2.346154e+01  2.000000e+00  3.000000e+00
     vertex  2.346154e+01  0.000000e+00  3.000000e+00
   endloop
 endfacet
 facet normal -1.000000e+00  0.000000e+00  0.000000e+00
   outer loop
     vertex  2.346154e+01  0.000000e+00  4.500000e+00
     vertex  2.346154e+01  2.000000e+00  4.500000e+00
     vertex  2.346154e+01  2.000000e+00  3.000000e+00
   endloop
 endfacet
 facet normal -0.000000e+00  0.000000e+00 -1.000000e+00
   outer loop
     vertex  2.646154e+01  2.000000e+00  3.000000e+00
     vertex  2.346154e+01  0.000000e+00  3.000000e+00
     vertex  2.346154e+01  2.000000e+00  3.000000e+00
   endloop
 endfacet
 facet normal  0.000000e+00 -0.000000e+00 -1.000000e+00
   outer loop
     vertex  2.646154e+01  2.000000e+00  3.000000e+00
     vertex  2.646154e+01  0.000000e+00  3.000000e+00
     vertex  2.346154e+01  0.000000e+00  3.000000e+00
   endloop
 endfacet
 facet normal  1.000000e+00  0.000000e+00  0.000000e+00
   outer loop
     vertex  2.646154e+01  0.000000e+00  4.500000e+00
     vertex  2.646154e+01  0.000000e+00  3.000000e+00
     vertex  2.646154e+01  2.000000e+00  3.000000e+00
   endloop
 endfacet
 facet normal  1.000000e+00 -0.000000e+00  0.000000e+00
   outer loop
     vertex  2.646154e+01  0.000000e+00  4.500000e+00
     vertex  2.646154e+01  2.000000e+00  3.000000e+00
     vertex  2.646154e+01  2.000000e+00  4.500000e+00
   endloop
 endfacet
 facet normal -0.000000e+00  0.000000e+00 -1.000000e+00
   outer loop
     vertex  3.061538e+01  2.000000e+00  4.500000e+00
     vertex  2.646154e+01  0.000000e+00  4.500000e+00
     vertex  2.646154e+01  2.000000e+00  4.500000e+00
   endloop
 endfacet
 facet normal  0.000000e+00 -0.000000e+00 -1.000000e+00
   outer loop
     vertex  3.061538e+01  2.000000e+00  4.500000e+00
     vertex  3.061538e+01  0.000000e+00  4.500000e+00
     vertex  2.646154e+01  0.000000e+00  4.500000e+00
   endloop
 endfacet
 facet normal -1.000000e+00  0.000000e+00  0.000000e+00
   outer loop
     vertex  3.061538e+01  0.000000e+00  4.500000e+00
     vertex  3.061538e+01  2.000000e+00  3.000000e+00
     vertex  3.061538e+01  0.000000e+00  3.000000e+00
   endloop
 endfacet
 facet normal -1.000000e+00  0.000000e+00  0.000000e+00
   outer loop
     vertex  3.061538e+01  0.000000e+00  4.500000e+00
     vertex  3.061538e+01  2.000000e+00  4.500000e+00
     vertex  3.061538e+01  2.000000e+00  3.000000e+00
   endloop
 endfacet
 facet normal -0.000000e+00  0.000000e+00 -1.000000e+00
   outer loop
     vertex  3.361538e+01  2.000000e+00  3.000000e+00
     vertex  3.061538e+01  0.000000e+00  3.000000e+00
     vertex  3.061538e+01  2.000000e+00  3.000000e+00
   endloop
 endfacet
 facet normal  0.000000e+00 -0.000000e+00 -1.000000e+00
   outer loop
     vertex  3.361538e+01  2.000000e+00  3.000000e+00
     vertex  3.361538e+01  0.000000e+00  3.000000e+00
     vertex  3.061538e+01  0.000000e+00  3.000000e+00
   endloop
 endfacet
 facet normal  1.000000e+00  0.000000e+00  0.000000e+00
   outer loop
     vertex  3.361538e+01  0.000000e+00  4.500000e+00
     vertex  3.361538e+01  0.000000e+00  3.000000e+00
     vertex  3.361538e+01  2.000000e+00  3.000000e+00
   endloop
 endfacet
 facet normal  1.000000e+00 -0.000000e+00  0.000000e+00
   outer loop
     vertex  3.361538e+01  0.000000e+00  4.500000e+00
     vertex  3.361538e+01  2.000000e+00  3.000000e+00
     vertex  3.361538e+01  2.000000e+00  4.500000e+00
   endloop
 endfacet
 facet normal -0.000000e+00  0.000000e+00 -1.000000e+00
   outer loop
     vertex  3.776923e+01  2.000000e+00  4.500000e+00
     vertex  3.361538e+01  0.000000e+00  4.500000e+00
     vertex  3.361538e+01  2.000000e+00  4.500000e+00
   endloop
 endfacet
 facet normal  0.000000e+00 -0.000000e+00 -1.000000e+00
   outer loop
     vertex  3.776923e+01  2.000000e+00  4.500000e+00
     vertex  3.776923e+01  0.000000e+00  4.500000e+00
     vertex  3.361538e+01  0.000000e+00  4.500000e+00
   endloop
 endfacet
 facet normal -1.000000e+00  0.000000e+00  0.000000e+00
   outer loop
     vertex  3.776923e+01  0.000000e+00  4.500000e+00
     vertex  3.776923e+01  2.000000e+00  3.000000e+00
     vertex  3.776923e+01  0.000000e+00  3.000000e+00
   endloop
 endfacet
 facet normal -1.000000e+00  0.000000e+00  0.000000e+00
   outer loop
     vertex  3.776923e+01  0.000000e+00  4.500000e+00
     vertex  3.776923e+01  2.000000e+00  4.500000e+00
     vertex  3.776923e+01  2.000000e+00  3.000000e+00
   endloop
 endfacet
 facet normal -0.000000e+00  0.000000e+00 -1.000000e+00
   outer loop
     vertex  4.076923e+01  2.000000e+00  3.000000e+00
     vertex  3.776923e+01  0.000000e+00  3.000000e+00
     vertex  3.776923e+01  2.000000e+00  3.000000e+00
   endloop
 endfacet
 facet normal  0.000000e+00 -0.000000e+00 -1.000000e+00
   outer loop
     vertex  4.076923e+01  2.000000e+00  3.000000e+00
     vertex  4.076923e+01  0.000000e+00  3.000000e+00
     vertex  3.776923e+01  0.000000e+00  3.000000e+00
   endloop
 endfacet
 facet normal  1.000000e+00  0.000000e+00  0.000000e+00
   outer loop
     vertex  4.076923e+01  0.000000e+00  4.500000e+00
     vertex  4.076923e+01  0.000000e+00  3.000000e+00
     vertex  4.076923e+01  2.000000e+00  3.000000e+00
   endloop
 endfacet
 facet normal  1.000000e+00 -0.000000e+00  0.000000e+00
   outer loop
     vertex  4.076923e+01  0.000000e+00  4.500000e+00
     vertex  4.076923e+01  2.000000e+00  3.000000e+00
     vertex  4.076923e+01  2.000000e+00  4.500000e+00
   endloop
 endfacet
 facet normal -0.000000e+00  0.000000e+00 -1.000000e+00
   outer loop
     vertex  4.492308e+01  2.000000e+00  4.500000e+00
     vertex  4.076923e+01  0.000000e+00  4.500000e+00
     vertex  4.076923e+01  2.000000e+00  4.500000e+00
   endloop
 endfacet
 facet normal  0.000000e+00 -0.000000e+00 -1.000000e+00
   outer loop
     vertex  4.492308e+01  2.000000e+00  4.500000e+00
     vertex  4.492308e+01  0.000000e+00  4.500000e+00
     vertex  4.076923e+01  0.000000e+00  4.500000e+00
   endloop
 endfacet
 facet normal -1.000000e+00  0.000000e+00  0.000000e+00
   outer loop
     vertex  4.492308e+01  0.000000e+00  4.500000e+00
     vertex  4.492308e+01  2.000000e+00  3.000000e+00
     vertex  4.492308e+01  0.000000e+00  3.000000e+00
   endloop
 endfacet
 facet normal -1.000000e+00  0.000000e+00  0.000000e+00
   outer loop
     vertex  4.492308e+01  0.000000e+00  4.500000e+00
     vertex  4.492308e+01  2.000000e+00  4.500000e+00
     vertex  4.492308e+01  2.000000e+00  3.000000e+00
   endloop
 endfacet
 facet normal -0.000000e+00  0.000000e+00 -1.000000e+00
   outer loop
     vertex  4.792308e+01  2.000000e+00  3.000000e+00
     vertex  4.492308e+01  0.000000e+00  3.000000e+00
     vertex  4.492308e+01  2.000000e+00  3.000000e+00
   endloop
 endfacet
 facet normal  0.000000e+00 -0.000000e+00 -1.000000e+00
   outer loop
     vertex  4.792308e+01  2.000000e+00  3.000000e+00
     vertex  4.792308e+01  0.000000e+00  3.000000e+00
     vertex  4.492308e+01  0.000000e+00  3.000000e+00
   endloop
 endfacet
 facet normal  1.000000e+00  0.000000e+00  0.000000e+00
   outer loop
     vertex  4.792308e+01  0.000000e+00  4.500000e+00
     vertex  4.792308e+01  0.000000e+00  3.000000e+00
     vertex  4.792308e+01  2.000000e+00  3.000000e+00
   endloop
 endfacet
 facet normal  1.000000e+00 -0.000000e+00  0.000000e+00
   outer loop
     vertex  4.792308e+01  0.000000e+00  4.500000e+00
     vertex  4.792308e+01  2.000000e+00  3.000000e+00
     vertex  4.792308e+01  2.000000e+00  4.500000e+00
   endloop
 endfacet
 facet normal -0.000000e+00  0.000000e+00 -1.000000e+00
   outer loop
     vertex  5.007692e+01  2.000000e+00  4.500000e+00
     vertex  4.792308e+01  0.000000e+00  4.500000e+00
     vertex  4.792308e+01  2.000000e+00  4.500000e+00
   endloop
 endfacet
 facet normal  0.000000e+00 -0.000000e+00 -1.000000e+00
   outer loop
     vertex  5.007692e+01  2.000000e+00  4.500000e+00
     vertex  5.007692e+01  0.000000e+00  4.500000e+00
     vertex  4.792308e+01  0.000000e+00  4.500000e+00
   endloop
 endfacet
 facet normal -0.000000e+00  0.000000e+00 -1.000000e+00
   outer loop
     vertex  1.000000e+02  4.200000e+01  0.000000e+00
     vertex  9.800000e+01  0.000000e+00  0.000000e+00
     vertex  9.800000e+01  4.200000e+01  0.000000e+00
   endloop
 endfacet
 facet normal  0.000000e+00 -0.000000e+00 -1.000000e+00
   outer loop
     vertex  1.000000e+02  4.200000e+01  0.000000e+00
     vertex  1.000000e+02  0.000000e+00  0.000000e+00
     vertex  9.800000e+01  0.000000e+00  0.000000e+00
   endloop
 endfacet
 facet normal  1.000000e+00 -0.000000e+00  0.000000e+00
   outer loop
     vertex  1.000000e+02  3.500000e+01  8.000000e-01
     vertex  1.000000e+02  4.200000e+01  0.000000e+00
     vertex  1.000000e+02  4.200000e+01  8.000000e-01
   endloop
 endfacet
 facet normal  1.000000e+00  0.000000e+00  0.000000e+00
   outer loop
     vertex  1.000000e+02  4.200000e+01  1.200000e+01
     vertex  1.000000e+02  3.500000e+01  1.800000e+00
     vertex  1.000000e+02  4.200000e+01  1.800000e+00
   endloop
 endfacet
 facet normal  1.000000e+00  0.000000e+00  0.000000e+00
   outer loop
     vertex  1.000000e+02  7.000000e+00  8.000000e-01
     vertex  1.000000e+02  3.500000e+01  8.000000e-01
     vertex  1.000000e+02  3.500000e+01  1.800000e+00
   endloop
 endfacet
 facet normal  1.000000e+00 -0.000000e+00  0.000000e+00
   outer loop
     vertex  1.000000e+02  7.000000e+00  1.800000e+00
     vertex  1.000000e+02  7.000000e+00  8.000000e-01
     vertex  1.000000e+02  3.500000e+01  1.800000e+00
   endloop
 endfacet
 facet normal  1.000000e+00 -0.000000e+00  0.000000e+00
   outer loop
     vertex  1.000000e+02  0.000000e+00  8.000000e-01
     vertex  1.000000e+02  0.000000e+00  0.000000e+00
     vertex  1.000000e+02  7.000000e+00  8.000000e-01
   endloop
 endfacet
 facet normal  1.000000e+00  0.000000e+00  0.000000e+00
   outer loop
     vertex  1.000000e+02  0.000000e+00  1.200000e+01
     vertex  1.000000e+02  0.000000e+00  1.800000e+00
     vertex  1.000000e+02  7.000000e+00  1.800000e+00
   endloop
 endfacet
 facet normal  1.000000e+00 -0.000000e+00  0.000000e+00
   outer loop
     vertex  1.000000e+02  0.000000e+00  1.200000e+01
     vertex  1.000000e+02  3.500000e+01  1.800000e+00
     vertex  1.000000e+02  4.200000e+01  1.200000e+01
   endloop
 endfacet
 facet normal  1.000000e+00  0.000000e+00  0.000000e+00
   outer loop
     vertex  1.000000e+02  0.000000e+00  1.200000e+01
     vertex  1.000000e+02  7.000000e+00  1.800000e+00
     vertex  1.000000e+02  3.500000e+01  1.800000e+00
   endloop
 endfacet
 facet normal  1.000000e+00  0.000000e+00  0.000000e+00
   outer loop
     vertex  1.000000e+02  0.000000e+00  0.000000e+00
     vertex  1.000000e+02  4.200000e+01  0.000000e+00
     vertex  1.000000e+02  3.500000e+01  8.000000e-01
   endloop
 endfacet
 facet normal  1.000000e+00  0.000000e+00  0.000000e+00
   outer loop
     vertex  1.000000e+02  0.000000e+00  0.000000e+00
     vertex  1.000000e+02  3.500000e+01  8.000000e-01
     vertex  1.000000e+02  7.000000e+00  8.000000e-01
   endloop
 endfacet
 facet normal  1.000000e+00  0.000000e+00  0.000000e+00
   outer loop
     vertex -1.000000e+00  0.000000e+00  8.000000e-01
     vertex -1.000000e+00  0.000000e+00 -2.300000e+00
     vertex -1.000000e+00  7.000000e+00 -2.300000e+00
   endloop
 endfacet
 facet normal  1.000000e+00 -0.000000e+00  0.000000e+00
   outer loop
     vertex -1.000000e+00  0.000000e+00  8.000000e-01
     vertex -1.000000e+00  7.000000e+00 -2.300000e+00
     vertex -1.000000e+00  7.000000e+00  8.000000e-01
   endloop
 endfacet
 facet normal  0.000000e+00  1.000000e+00  0.000000e+00
   outer loop
     vertex  5.000000e+00  2.000000e+00  4.500000e+00
     vertex  5.000000e+00  2.000000e+00  3.000000e+00
     vertex  2.000000e+00  2.000000e+00  3.000000e+00
   endloop
 endfacet
 facet normal  0.000000e+00  1.000000e+00  0.000000e+00
   outer loop
     vertex  5.000000e+00  2.000000e+00  6.000000e+00
     vertex  5.000000e+00  2.000000e+00  4.500000e+00
     vertex  2.000000e+00  2.000000e+00  3.000000e+00
   endloop
 endfacet
 facet normal  0.000000e+00  1.000000e+00  0.000000e+00
   outer loop
     vertex  2.000000e+00  2.000000e+00  1.200000e+01
     vertex  5.000000e+00  2.000000e+00  6.000000e+00
     vertex  2.000000e+00  2.000000e+00  3.000000e+00
   endloop
 endfacet
 facet normal  0.000000e+00  1.000000e+00  0.000000e+00
   outer loop
     vertex  9.153846e+00  2.000000e+00  6.000000e+00
     vertex  5.000000e+00  2.000000e+00  4.500000e+00
     vertex  5.000000e+00  2.000000e+00  6.000000e+00
   endloop
 endfacet
 facet normal  0.000000e+00  1.000000e+00  0.000000e+00
   outer loop
     vertex  9.153846e+00  2.000000e+00  6.000000e+00
     vertex  9.153846e+00  2.000000e+00  4.500000e+00
     vertex  5.000000e+00  2.000000e+00  4.500000e+00
   endloop
 endfacet
 facet normal  0.000000e+00  1.000000e+00  0.000000e+00
   outer loop
     vertex  5.000000e+00  2.000000e+00  1.050000e+01
     vertex  5.000000e+00  2.000000e+00  6.000000e+00
     vertex  2.000000e+00  2.000000e+00  1.200000e+01
   endloop
 endfacet
 facet normal  0.000000e+00  1.000000e+00  0.000000e+00
   outer loop
     vertex  1.215385e+01  2.000000e+00  4.500000e+00
     vertex  1.215385e+01  2.000000e+00  3.000000e+00
     vertex  9.153846e+00  2.000000e+00  3.000000e+00
   endloop
 endfacet
 facet normal  0.000000e+00  1.000000e+00  0.000000e+00
   outer loop
     vertex  1.215385e+01  2.000000e+00  4.500000e+00
     vertex  9.153846e+00  2.000000e+00  3.000000e+00
     vertex  9.153846e+00  2.000000e+00  4.500000e+00
   endloop
 endfacet
 facet normal  0.000000e+00  1.000000e+00  0.000000e+00
   outer loop
     vertex  1.215385e+01  2.000000e+00  6.000000e+00
     vertex  1.215385e+01  2.000000e+00  4.500000e+00
     vertex  9.153846e+00  2.000000e+00  4.500000e+00
   endloop
 endfacet
 facet normal  0.000000e+00  1.000000e+00  0.000000e+00
   outer loop
     vertex  1.215385e+01  2.000000e+00  6.000000e+00
     vertex  9.153846e+00  2.000000e+00  4.500000e+00
     vertex  9.153846e+00  2.000000e+00  6.000000e+00
   endloop
 endfacet
 facet normal  0.000000e+00  1.000000e+00  0.000000e+00
   outer loop
     vertex  9.153846e+00  2.000000e+00  1.050000e+01
     vertex  5.000000e+00  2.000000e+00  1.050000e+01
     vertex  2.000000e+00  2.000000e+00  1.200000e+01
   endloop
 endfacet
 facet normal  0.000000e+00  1.000000e+00  0.000000e+00
   outer loop
     vertex  1.930769e+01  2.000000e+00  3.000000e+00
     vertex  1.630769e+01  2.000000e+00  3.000000e+00
     vertex  1.630769e+01  2.000000e+00  4.500000e+00
   endloop
 endfacet
 facet normal  0.000000e+00  1.000000e+00  0.000000e+00
   outer loop
     vertex  1.630769e+01  2.000000e+00  6.000000e+00
     vertex  1.215385e+01  2.000000e+00  4.500000e+00
     vertex  1.215385e+01  2.000000e+00  6.000000e+00
   endloop
 endfacet
 facet normal  0.000000e+00  1.000000e+00  0.000000e+00
   outer loop
     vertex  1.630769e+01  2.000000e+00  6.000000e+00
     vertex  1.630769e+01  2.000000e+00  4.500000e+00
     vertex  1.215385e+01  2.000000e+00  4.500000e+00
   endloop
 endfacet
 facet normal  0.000000e+00  1.000000e+00  0.000000e+00
   outer loop
     vertex  1.215385e+01  2.000000e+00  1.050000e+01
     vertex  9.153846e+00  2.000000e+00  1.050000e+01
     vertex  2.000000e+00  2.000000e+00  1.200000e+01
   endloop
 endfacet
 facet normal  0.000000e+00  1.000000e+00  0.000000e+00
   outer loop
     vertex  1.215385e+01  2.000000e+00  1.050000e+01
     vertex  1.215385e+01  2.000000e+00  6.000000e+00
     vertex  9.153846e+00  2.000000e+00  6.000000e+00
   endloop
 endfacet
 facet normal  0.000000e+00  1.000000e+00  0.000000e+00
   outer loop
     vertex  1.215385e+01  2.000000e+00  1.050000e+01
     vertex  9.153846e+00  2.000000e+00  6.000000e+00
     vertex  9.153846e+00  2.000000e+00  1.050000e+01
   endloop
 endfacet
 facet normal  0.000000e+00  1.000000e+00  0.000000e+00
   outer loop
     vertex  1.930769e+01  2.000000e+00  4.500000e+00
     vertex  1.930769e+01  2.000000e+00  3.000000e+00
     vertex  1.630769e+01  2.000000e+00  4.500000e+00
   endloop
 endfacet
 facet normal  0.000000e+00  1.000000e+00  0.000000e+00
   outer loop
     vertex  1.930769e+01  2.000000e+00  4.500000e+00
     vertex  1.630769e+01  2.000000e+00  4.500000e+00
     vertex  1.630769e+01  2.000000e+00  6.000000e+00
   endloop
 endfacet
 facet normal  0.000000e+00  1.000000e+00  0.000000e+00
   outer loop
     vertex  1.930769e+01  2.000000e+00  6.000000e+00
     vertex  1.930769e+01  2.000000e+00  4.500000e+00
     vertex  1.630769e+01  2.000000e+00  6.000000e+00
   endloop
 endfacet
 facet normal  0.000000e+00  1.000000e+00  0.000000e+00
   outer loop
     vertex  1.630769e+01  2.000000e+00  1.050000e+01
     vertex  1.215385e+01  2.000000e+00  1.050000e+01
     vertex  2.000000e+00  2.000000e+00  1.200000e+01
   endloop
 endfacet
 facet normal  0.000000e+00  1.000000e+00  0.000000e+00
   outer loop
     vertex  1.630769e+01  2.000000e+00  1.050000e+01
     vertex  1.930769e+01  2.000000e+00  6.000000e+00
     vertex  1.630769e+01  2.000000e+00  6.000000e+00
   endloop
 endfacet
 facet normal  0.000000e+00  1.000000e+00  0.000000e+00
   outer loop
     vertex  2.346154e+01  2.000000e+00  6.000000e+00
     vertex  2.346154e+01  2.000000e+00  4.500000e+00
     vertex  1.930769e+01  2.000000e+00  4.500000e+00
   endloop
 endfacet
 facet normal  0.000000e+00  1.000000e+00  0.000000e+00
   outer loop
     vertex  2.346154e+01  2.000000e+00  6.000000e+00
     vertex  1.930769e+01  2.000000e+00  4.500000e+00
     vertex  1.930769e+01  2.000000e+00  6.000000e+00
   endloop
 endfacet
 facet normal  0.000000e+00  1.000000e+00  0.000000e+00
   outer loop
     vertex  1.930769e+01  2.000000e+00  1.050000e+01
     vertex  1.930769e+01  2.000000e+00  6.000000e+00
     vertex  1.630769e+01  2.000000e+00  1.050000e+01
   endloop
 endfacet
 facet normal  0.000000e+00  1.000000e+00  0.000000e+00
   outer loop
     vertex  2.646154e+01  2.000000e+00  4.500000e+00
     vertex  2.646154e+01  2.000000e+00  3.000000e+00
     vertex  2.346154e+01  2.000000e+00  3.000000e+00
   endloop
 endfacet
 facet normal  0.000000e+00  1.000000e+00  0.000000e+00
   outer loop
     vertex  2.646154e+01  2.000000e+00  4.500000e+00
     vertex  2.346154e+01  2.000000e+00  3.000000e+00
     vertex  2.346154e+01  2.000000e+00  4.500000e+00
   endloop
 endfacet
 facet normal  0.000000e+00  1.000000e+00  0.000000e+00
   outer loop
     vertex  2.646154e+01  2.000000e+00  6.000000e+00
     vertex  2.646154e+01  2.000000e+00  4.500000e+00
     vertex  2.346154e+01  2.000000e+00  4.500000e+00
   endloop
 endfacet
 facet normal  0.000000e+00  1.000000e+00  0.000000e+00
   outer loop
     vertex  2.646154e+01  2.000000e+00  6.000000e+00
     vertex  2.346154e+01  2.000000e+00  4.500000e+00
     vertex  2.346154e+01  2.000000e+00  6.000000e+00
   endloop
 endfacet
 facet normal  0.000000e+00  1.000000e+00  0.000000e+00
   outer loop
     vertex  2.346154e+01  2.000000e+00  1.050000e+01
     vertex  2.646154e+01  2.000000e+00  6.000000e+00
     vertex  2.346154e+01  2.000000e+00  6.000000e+00
   endloop
 endfacet
 facet normal  0.000000e+00  1.000000e+00  0.000000e+00
   outer loop
     vertex  3.061538e+01  2.000000e+00  6.000000e+00
     vertex  3.061538e+01  2.000000e+00  4.500000e+00
     vertex  2.646154e+01  2.000000e+00  4.500000e+00
   endloop
 endfacet
 facet normal  0.000000e+00  1.000000e+00  0.000000e+00
   outer loop
     vertex  3.061538e+01  2.000000e+00  6.000000e+00
     vertex  2.646154e+01  2.000000e+00  4.500000e+00
     vertex  2.646154e+01  2.000000e+00  6.000000e+00
   endloop
 endfacet
 facet normal  0.000000e+00  1.000000e+00  0.000000e+00
   outer loop
     vertex  2.646154e+01  2.000000e+00  1.050000e+01
     vertex  2.646154e+01  2.000000e+00  6.000000e+00
     vertex  2.346154e+01  2.000000e+00  1.050000e+01
   endloop
 endfacet
 facet normal  0.000000e+00  1.000000e+00  0.000000e+00
   outer loop
     vertex  3.361538e+01  2.000000e+00  4.500000e+00
     vertex  3.361538e+01  2.000000e+00  3.000000e+00
     vertex  3.061538e+01  2.000000e+00  3.000000e+00
   endloop
 endfacet
 facet normal  0.000000e+00  1.000000e+00  0.000000e+00
   outer loop
     vertex  3.361538e+01  2.000000e+00  4.500000e+00
     vertex  3.061538e+01  2.000000e+00  3.000000e+00
     vertex  3.061538e+01  2.000000e+00  4.500000e+00
   endloop
 endfacet
 facet normal  0.000000e+00  1.000000e+00  0.000000e+00
   outer loop
     vertex  3.361538e+01  2.000000e+00  6.000000e+00
     vertex  3.061538e+01  2.000000e+00  4.500000e+00
     vertex  3.061538e+01  2.000000e+00  6.000000e+00
   endloop
 endfacet
 facet normal  0.000000e+00  1.000000e+00  0.000000e+00
   outer loop
     vertex  3.361538e+01  2.000000e+00  6.000000e+00
     vertex  3.361538e+01  2.000000e+00  4.500000e+00
     vertex  3.061538e+01  2.000000e+00  4.500000e+00
   endloop
 endfacet
 facet normal  0.000000e+00  1.000000e+00  0.000000e+00
   outer loop
     vertex  3.776923e+01  2.000000e+00  4.500000e+00
     vertex  3.361538e+01  2.000000e+00  4.500000e+00
     vertex  3.361538e+01  2.000000e+00  6.000000e+00
   endloop
 endfacet
 facet normal  0.000000e+00  1.000000e+00  0.000000e+00
   outer loop
     vertex  3.776923e+01  2.000000e+00  6.000000e+00
     vertex  3.776923e+01  2.000000e+00  4.500000e+00
     vertex  3.361538e+01  2.000000e+00  6.000000e+00
   endloop
 endfacet
 facet normal  0.000000e+00  1.000000e+00  0.000000e+00
   outer loop
     vertex  3.361538e+01  2.000000e+00  1.050000e+01
     vertex  3.061538e+01  2.000000e+00  6.000000e+00
     vertex  3.061538e+01  2.000000e+00  1.050000e+01
   endloop
 endfacet
 facet normal  0.000000e+00  1.000000e+00  0.000000e+00
   outer loop
     vertex  3.361538e+01  2.000000e+00  1.050000e+01
     vertex  3.361538e+01  2.000000e+00  6.000000e+00
     vertex  3.061538e+01  2.000000e+00  6.000000e+00
   endloop
 endfacet
 facet normal  0.000000e+00  1.000000e+00  0.000000e+00
   outer loop
     vertex  4.076923e+01  2.000000e+00  4.500000e+00
     vertex  4.076923e+01  2.000000e+00  3.000000e+00
     vertex  3.776923e+01  2.000000e+00  3.000000e+00
   endloop
 endfacet
 facet normal  0.000000e+00  1.000000e+00  0.000000e+00
   outer loop
     vertex  4.076923e+01  2.000000e+00  4.500000e+00
     vertex  3.776923e+01  2.000000e+00  3.000000e+00
     vertex  3.776923e+01  2.000000e+00  4.500000e+00
   endloop
 endfacet
 facet normal  0.000000e+00  1.000000e+00  0.000000e+00
   outer loop
     vertex  4.076923e+01  2.000000e+00  6.000000e+00
     vertex  4.076923e+01  2.000000e+00  4.500000e+00
     vertex  3.776923e+01  2.000000e+00  4.500000e+00
   endloop
 endfacet
 facet normal  0.000000e+00  1.000000e+00  0.000000e+00
   outer loop
     vertex  4.076923e+01  2.000000e+00  6.000000e+00
     vertex  3.776923e+01  2.000000e+00  4.500000e+00
     vertex  3.776923e+01  2.000000e+00  6.000000e+00
   endloop
 endfacet
 facet normal  0.000000e+00  1.000000e+00  0.000000e+00
   outer loop
     vertex  4.492308e+01  2.000000e+00  4.500000e+00
     vertex  4.076923e+01  2.000000e+00  4.500000e+00
     vertex  4.076923e+01  2.000000e+00  6.000000e+00
   endloop
 endfacet
 facet normal  0.000000e+00  1.000000e+00  0.000000e+00
   outer loop
     vertex  4.492308e+01  2.000000e+00  6.000000e+00
     vertex  4.492308e+01  2.000000e+00  4.500000e+00
     vertex  4.076923e+01  2.000000e+00  6.000000e+00
   endloop
 endfacet
 facet normal  0.000000e+00  1.000000e+00  0.000000e+00
   outer loop
     vertex  4.792308e+01  2.000000e+00  3.000000e+00
     vertex  4.492308e+01  2.000000e+00  3.000000e+00
     vertex  4.492308e+01  2.000000e+00  4.500000e+00
   endloop
 endfacet
 facet normal  0.000000e+00  1.000000e+00  0.000000e+00
   outer loop
     vertex  4.076923e+01  2.000000e+00  1.050000e+01
     vertex  4.076923e+01  2.000000e+00  6.000000e+00
     vertex  3.776923e+01  2.000000e+00  6.000000e+00
   endloop
 endfacet
 facet normal  0.000000e+00  1.000000e+00  0.000000e+00
   outer loop
     vertex  4.076923e+01  2.000000e+00  1.050000e+01
     vertex  3.776923e+01  2.000000e+00  6.000000e+00
     vertex  3.776923e+01  2.000000e+00  1.050000e+01
   endloop
 endfacet
 facet normal  0.000000e+00  1.000000e+00  0.000000e+00
   outer loop
     vertex  4.792308e+01  2.000000e+00  4.500000e+00
     vertex  4.492308e+01  2.000000e+00  4.500000e+00
     vertex  4.492308e+01  2.000000e+00  6.000000e+00
   endloop
 endfacet
 facet normal  0.000000e+00  1.000000e+00  0.000000e+00
   outer loop
     vertex  4.792308e+01  2.000000e+00  4.500000e+00
     vertex  4.792308e+01  2.000000e+00  3.000000e+00
     vertex  4.492308e+01  2.000000e+00  4.500000e+00
   endloop
 endfacet
 facet normal  0.000000e+00  1.000000e+00  0.000000e+00
   outer loop
     vertex  4.792308e+01  2.000000e+00  6.000000e+00
     vertex  4.792308e+01  2.000000e+00  4.500000e+00
     vertex  4.492308e+01  2.000000e+00  6.000000e+00
   endloop
 endfacet
 facet normal  0.000000e+00  1.000000e+00  0.000000e+00
   outer loop
     vertex  5.007692e+01  2.000000e+00  6.000000e+00
     vertex  4.792308e+01  2.000000e+00  4.500000e+00
     vertex  4.792308e+01  2.000000e+00  6.000000e+00
   endloop
 endfacet
 facet normal  0.000000e+00  1.000000e+00  0.000000e+00
   outer loop
     vertex  5.007692e+01  2.000000e+00  6.000000e+00
     vertex  5.007692e+01  2.000000e+00  4.500000e+00
     vertex  4.792308e+01  2.000000e+00  4.500000e+00
   endloop
 endfacet
 facet normal  0.000000e+00  1.000000e+00  0.000000e+00
   outer loop
     vertex  4.792308e+01  2.000000e+00  1.050000e+01
     vertex  4.792308e+01  2.000000e+00  6.000000e+00
     vertex  4.492308e+01  2.000000e+00  6.000000e+00
   endloop
 endfacet
 facet normal  0.000000e+00  1.000000e+00  0.000000e+00
   outer loop
     vertex  4.792308e+01  2.000000e+00  1.050000e+01
     vertex  4.492308e+01  2.000000e+00  6.000000e+00
     vertex  4.492308e+01  2.000000e+00  1.050000e+01
   endloop
 endfacet
 facet normal  0.000000e+00  1.000000e+00  0.000000e+00
   outer loop
     vertex  5.707692e+01  2.000000e+00  4.500000e+00
     vertex  5.707692e+01  2.000000e+00  3.000000e+00
     vertex  5.007692e+01  2.000000e+00  3.000000e+00
   endloop
 endfacet
 facet normal  0.000000e+00  1.000000e+00  0.000000e+00
   outer loop
     vertex  5.707692e+01  2.000000e+00  4.500000e+00
     vertex  5.007692e+01  2.000000e+00  3.000000e+00
     vertex  5.007692e+01  2.000000e+00  4.500000e+00
   endloop
 endfacet
 facet normal  0.000000e+00  1.000000e+00  0.000000e+00
   outer loop
     vertex  5.707692e+01  2.000000e+00  6.000000e+00
     vertex  5.007692e+01  2.000000e+00  4.500000e+00
     vertex  5.007692e+01  2.000000e+00  6.000000e+00
   endloop
 endfacet
 facet normal  0.000000e+00  1.000000e+00  0.000000e+00
   outer loop
     vertex  5.707692e+01  2.000000e+00  6.000000e+00
     vertex  5.707692e+01  2.000000e+00  4.500000e+00
     vertex  5.007692e+01  2.000000e+00  4.500000e+00
   endloop
 endfacet
 facet normal  0.000000e+00  1.000000e+00  0.000000e+00
   outer loop
     vertex  6.223077e+01  2.000000e+00  3.000000e+00
     vertex  5.923077e+01  2.000000e+00  3.000000e+00
     vertex  5.923077e+01  2.000000e+00  4.500000e+00
   endloop
 endfacet
 facet normal  0.000000e+00  1.000000e+00  0.000000e+00
   outer loop
     vertex  5.923077e+01  2.000000e+00  6.000000e+00
     vertex  5.923077e+01  2.000000e+00  4.500000e+00
     vertex  5.707692e+01  2.000000e+00  4.500000e+00
   endloop
 endfacet
 facet normal  0.000000e+00  1.000000e+00  0.000000e+00
   outer loop
     vertex  5.923077e+01  2.000000e+00  6.000000e+00
     vertex  5.707692e+01  2.000000e+00  4.500000e+00
     vertex  5.707692e+01  2.000000e+00  6.000000e+00
   endloop
 endfacet
 facet normal  0.000000e+00  1.000000e+00  0.000000e+00
   outer loop
     vertex  6.223077e+01  2.000000e+00  4.500000e+00
     vertex  6.223077e+01  2.000000e+00  3.000000e+00
     vertex  5.923077e+01  2.000000e+00  4.500000e+00
   endloop
 endfacet
 facet normal  0.000000e+00  1.000000e+00  0.000000e+00
   outer loop
     vertex  6.223077e+01  2.000000e+00  4.500000e+00
     vertex  5.923077e+01  2.000000e+00  4.500000e+00
     vertex  5.923077e+01  2.000000e+00  6.000000e+00
   endloop
 endfacet
 facet normal  0.000000e+00  1.000000e+00  0.000000e+00
   outer loop
     vertex  5.707692e+01  2.000000e+00  1.050000e+01
     vertex  5.707692e+01  2.000000e+00  6.000000e+00
     vertex  5.007692e+01  2.000000e+00  6.000000e+00
   endloop
 endfacet
 facet normal  0.000000e+00  1.000000e+00  0.000000e+00
   outer loop
     vertex  5.707692e+01  2.000000e+00  1.050000e+01
     vertex  5.007692e+01  2.000000e+00  6.000000e+00
     vertex  5.007692e+01  2.000000e+00  1.050000e+01
   endloop
 endfacet
 facet normal  0.000000e+00  1.000000e+00  0.000000e+00
   outer loop
     vertex  6.223077e+01  2.000000e+00  6.000000e+00
     vertex  6.223077e+01  2.000000e+00  4.500000e+00
     vertex  5.923077e+01  2.000000e+00  6.000000e+00
   endloop
 endfacet
 facet normal  0.000000e+00  1.000000e+00  0.000000e+00
   outer loop
     vertex  6.638462e+01  2.000000e+00  6.000000e+00
     vertex  6.638462e+01  2.000000e+00  4.500000e+00
     vertex  6.223077e+01  2.000000e+00  4.500000e+00
   endloop
 endfacet
 facet normal  0.000000e+00  1.000000e+00  0.000000e+00
   outer loop
     vertex  6.638462e+01  2.000000e+00  6.000000e+00
     vertex  6.223077e+01  2.000000e+00  4.500000e+00
     vertex  6.223077e+01  2.000000e+00  6.000000e+00
   endloop
 endfacet
 facet normal  0.000000e+00  1.000000e+00  0.000000e+00
   outer loop
     vertex  6.223077e+01  2.000000e+00  1.050000e+01
     vertex  6.223077e+01  2.000000e+00  6.000000e+00
     vertex  5.923077e+01  2.000000e+00  6.000000e+00
   endloop
 endfacet
 facet normal  0.000000e+00  1.000000e+00  0.000000e+00
   outer loop
     vertex  6.223077e+01  2.000000e+00  1.050000e+01
     vertex  5.923077e+01  2.000000e+00  6.000000e+00
     vertex  5.923077e+01  2.000000e+00  1.050000e+01
   endloop
 endfacet
 facet normal  0.000000e+00  1.000000e+00  0.000000e+00
   outer loop
     vertex  6.938462e+01  2.000000e+00  4.500000e+00
     vertex  6.938462e+01  2.000000e+00  3.000000e+00
     vertex  6.638462e+01  2.000000e+00  3.000000e+00
   endloop
 endfacet
 facet normal  0.000000e+00  1.000000e+00  0.000000e+00
   outer loop
     vertex  6.938462e+01  2.000000e+00  4.500000e+00
     vertex  6.638462e+01  2.000000e+00  3.000000e+00
     vertex  6.638462e+01  2.000000e+00  4.500000e+00
   endloop
 endfacet
 facet normal  0.000000e+00  1.000000e+00  0.000000e+00
   outer loop
     vertex  6.938462e+01  2.000000e+00  6.000000e+00
     vertex  6.638462e+01  2.000000e+00  4.500000e+00
     vertex  6.638462e+01  2.000000e+00  6.000000e+00
   endloop
 endfacet
 facet normal  0.000000e+00  1.000000e+00  0.000000e+00
   outer loop
     vertex  6.938462e+01  2.000000e+00  6.000000e+00
     vertex  6.938462e+01  2.000000e+00  4.500000e+00
     vertex  6.638462e+01  2.000000e+00  4.500000e+00
   endloop
 endfacet
 facet normal  0.000000e+00  1.000000e+00  0.000000e+00
   outer loop
     vertex  7.353846e+01  2.000000e+00  6.000000e+00
     vertex  7.353846e+01  2.000000e+00  4.500000e+00
     vertex  6.938462e+01  2.000000e+00  4.500000e+00
   endloop
 endfacet
 facet normal  0.000000e+00  1.000000e+00  0.000000e+00
   outer loop
     vertex  7.353846e+01  2.000000e+00  6.000000e+00
     vertex  6.938462e+01  2.000000e+00  4.500000e+00
     vertex  6.938462e+01  2.000000e+00  6.000000e+00
   endloop
 endfacet
 facet normal  0.000000e+00  1.000000e+00  0.000000e+00
   outer loop
     vertex  6.938462e+01  2.000000e+00  1.050000e+01
     vertex  6.938462e+01  2.000000e+00  6.000000e+00
     vertex  6.638462e+01  2.000000e+00  6.000000e+00
   endloop
 endfacet
 facet normal  0.000000e+00  1.000000e+00  0.000000e+00
   outer loop
     vertex  6.938462e+01  2.000000e+00  1.050000e+01
     vertex  6.638462e+01  2.000000e+00  6.000000e+00
     vertex  6.638462e+01  2.000000e+00  1.050000e+01
   endloop
 endfacet
 facet normal  0.000000e+00  1.000000e+00  0.000000e+00
   outer loop
     vertex  7.653846e+01  2.000000e+00  4.500000e+00
     vertex  7.653846e+01  2.000000e+00  3.000000e+00
     vertex  7.353846e+01  2.000000e+00  3.000000e+00
   endloop
 endfacet
 facet normal  0.000000e+00  1.000000e+00  0.000000e+00
   outer loop
     vertex  7.653846e+01  2.000000e+00  4.500000e+00
     vertex  7.353846e+01  2.000000e+00  3.000000e+00
     vertex  7.353846e+01  2.000000e+00  4.500000e+00
   endloop
 endfacet
 facet normal  0.000000e+00  1.000000e+00  0.000000e+00
   outer loop
     vertex  7.653846e+01  2.000000e+00  6.000000e+00
     vertex  7.353846e+01  2.000000e+00  4.500000e+00
     vertex  7.353846e+01  2.000000e+00  6.000000e+00
   endloop
 endfacet
 facet normal  0.000000e+00  1.000000e+00  0.000000e+00
   outer loop
     vertex  7.653846e+01  2.000000e+00  6.000000e+00
     vertex  7.653846e+01  2.000000e+00  4.500000e+00
     vertex  7.353846e+01  2.000000e+00  4.500000e+00
   endloop
 endfacet
 facet normal  0.000000e+00  1.000000e+00  0.000000e+00
   outer loop
     vertex  8.369231e+01  2.000000e+00  3.000000e+00
     vertex  8.069231e+01  2.000000e+00  3.000000e+00
     vertex  8.069231e+01  2.000000e+00  4.500000e+00
   endloop
 endfacet
 facet normal  0.000000e+00  1.000000e+00  0.000000e+00
   outer loop
     vertex  8.069231e+01  2.000000e+00  6.000000e+00
     vertex  8.069231e+01  2.000000e+00  4.500000e+00
     vertex  7.653846e+01  2.000000e+00  4.500000e+00
   endloop
 endfacet
 facet normal  0.000000e+00  1.000000e+00  0.000000e+00
   outer loop
     vertex  8.069231e+01  2.000000e+00  6.000000e+00
     vertex  7.653846e+01  2.000000e+00  4.500000e+00
     vertex  7.653846e+01  2.000000e+00  6.000000e+00
   endloop
 endfacet
 facet normal  0.000000e+00  1.000000e+00  0.000000e+00
   outer loop
     vertex  7.653846e+01  2.000000e+00  1.050000e+01
     vertex  7.653846e+01  2.000000e+00  6.000000e+00
     vertex  7.353846e+01  2.000000e+00  6.000000e+00
   endloop
 endfacet
 facet normal  0.000000e+00  1.000000e+00  0.000000e+00
   outer loop
     vertex  7.653846e+01  2.000000e+00  1.050000e+01
     vertex  7.353846e+01  2.000000e+00  6.000000e+00
     vertex  7.353846e+01  2.000000e+00  1.050000e+01
   endloop
 endfacet
 facet normal  0.000000e+00  1.000000e+00  0.000000e+00
   outer loop
     vertex  8.369231e+01  2.000000e+00  4.500000e+00
     vertex  8.069231e+01  2.000000e+00  4.500000e+00
     vertex  8.069231e+01  2.000000e+00  6.000000e+00
   endloop
 endfacet
 facet normal  0.000000e+00  1.000000e+00  0.000000e+00
   outer loop
     vertex  8.369231e+01  2.000000e+00  4.500000e+00
     vertex  8.369231e+01  2.000000e+00  3.000000e+00
     vertex  8.069231e+01  2.000000e+00  4.500000e+00
   endloop
 endfacet
 facet normal  0.000000e+00  1.000000e+00  0.000000e+00
   outer loop
     vertex  8.369231e+01  2.000000e+00  6.000000e+00
     vertex  8.369231e+01  2.000000e+00  4.500000e+00
     vertex  8.069231e+01  2.000000e+00  6.000000e+00
   endloop
 endfacet
 facet normal  0.000000e+00  1.000000e+00  0.000000e+00
   outer loop
     vertex  8.784615e+01  2.000000e+00  6.000000e+00
     vertex  8.784615e+01  2.000000e+00  4.500000e+00
     vertex  8.369231e+01  2.000000e+00  4.500000e+00
   endloop
 endfacet
 facet normal  0.000000e+00  1.000000e+00  0.000000e+00
   outer loop
     vertex  8.784615e+01  2.000000e+00  6.000000e+00
     vertex  8.369231e+01  2.000000e+00  4.500000e+00
     vertex  8.369231e+01  2.000000e+00  6.000000e+00
   endloop
 endfacet
 facet normal  0.000000e+00  1.000000e+00  0.000000e+00
   outer loop
     vertex  8.369231e+01  2.000000e+00  1.050000e+01
     vertex  8.369231e+01  2.000000e+00  6.000000e+00
     vertex  8.069231e+01  2.000000e+00  6.000000e+00
   endloop
 endfacet
 facet normal  0.000000e+00  1.000000e+00  0.000000e+00
   outer loop
     vertex  8.369231e+01  2.000000e+00  1.050000e+01
     vertex  8.069231e+01  2.000000e+00  6.000000e+00
     vertex  8.069231e+01  2.000000e+00  1.050000e+01
   endloop
 endfacet
 facet normal  0.000000e+00  1.000000e+00  0.000000e+00
   outer loop
     vertex  9.084615e+01  2.000000e+00  4.500000e+00
     vertex  9.084615e+01  2.000000e+00  3.000000e+00
     vertex  8.784615e+01  2.000000e+00  3.000000e+00
   endloop
 endfacet
 facet normal  0.000000e+00  1.000000e+00  0.000000e+00
   outer loop
     vertex  9.084615e+01  2.000000e+00  4.500000e+00
     vertex  8.784615e+01  2.000000e+00  3.000000e+00
     vertex  8.784615e+01  2.000000e+00  4.500000e+00
   endloop
 endfacet
 facet normal  0.000000e+00  1.000000e+00  0.000000e+00
   outer loop
     vertex  9.084615e+01  2.000000e+00  6.000000e+00
     vertex  9.084615e+01  2.000000e+00  4.500000e+00
     vertex  8.784615e+01  2.000000e+00  4.500000e+00
   endloop
 endfacet
 facet normal  0.000000e+00  1.000000e+00  0.000000e+00
   outer loop
     vertex  9.084615e+01  2.000000e+00  6.000000e+00
     vertex  8.784615e+01  2.000000e+00  4.500000e+00
     vertex  8.784615e+01  2.000000e+00  6.000000e+00
   endloop
 endfacet
 facet normal  0.000000e+00  1.000000e+00  0.000000e+00
   outer loop
     vertex  8.784615e+01  2.000000e+00  1.050000e+01
     vertex  9.084615e+01  2.000000e+00  6.000000e+00
     vertex  8.784615e+01  2.000000e+00  6.000000e+00
   endloop
 endfacet
 facet normal  0.000000e+00  1.000000e+00  0.000000e+00
   outer loop
     vertex  9.800000e+01  2.000000e+00  3.000000e+00
     vertex  9.500000e+01  2.000000e+00  3.000000e+00
     vertex  9.500000e+01  2.000000e+00  4.500000e+00
   endloop
 endfacet
 facet normal  0.000000e+00  1.000000e+00  0.000000e+00
   outer loop
     vertex  9.500000e+01  2.000000e+00  6.000000e+00
     vertex  9.500000e+01  2.000000e+00  4.500000e+00
     vertex  9.084615e+01  2.000000e+00  4.500000e+00
   endloop
 endfacet
 facet normal  0.000000e+00  1.000000e+00  0.000000e+00
   outer loop
     vertex  9.500000e+01  2.000000e+00  6.000000e+00
     vertex  9.084615e+01  2.000000e+00  4.500000e+00
     vertex  9.084615e+01  2.000000e+00  6.000000e+00
   endloop
 endfacet
 facet normal  0.000000e+00  1.000000e+00  0.000000e+00
   outer loop
     vertex  9.500000e+01  2.000000e+00  6.000000e+00
     vertex  9.800000e+01  2.000000e+00  3.000000e+00
     vertex  9.500000e+01  2.000000e+00  4.500000e+00
   endloop
 endfacet
 facet normal  0.000000e+00  1.000000e+00  0.000000e+00
   outer loop
     vertex  9.084615e+01  2.000000e+00  1.050000e+01
     vertex  9.084615e+01  2.000000e+00  6.000000e+00
     vertex  8.784615e+01  2.000000e+00  1.050000e+01
   endloop
 endfacet
 facet normal  0.000000e+00  1.000000e+00  0.000000e+00
   outer loop
     vertex  9.800000e+01  2.000000e+00  1.200000e+01
     vertex  8.784615e+01  2.000000e+00  1.050000e+01
     vertex  8.369231e+01  2.000000e+00  1.050000e+01
   endloop
 endfacet
 facet normal  0.000000e+00  1.000000e+00  0.000000e+00
   outer loop
     vertex  9.800000e+01  2.000000e+00  1.200000e+01
     vertex  8.369231e+01  2.000000e+00  1.050000e+01
     vertex  8.069231e+01  2.000000e+00  1.050000e+01
   endloop
 endfacet
 facet normal  0.000000e+00  1.000000e+00  0.000000e+00
   outer loop
     vertex  9.800000e+01  2.000000e+00  1.200000e+01
     vertex  9.500000e+01  2.000000e+00  6.000000e+00
     vertex  9.500000e+01  2.000000e+00  1.050000e+01
   endloop
 endfacet
 facet normal  0.000000e+00  1.000000e+00  0.000000e+00
   outer loop
     vertex  9.800000e+01  2.000000e+00  1.200000e+01
     vertex  9.500000e+01  2.000000e+00  1.050000e+01
     vertex  9.084615e+01  2.000000e+00  1.050000e+01
   endloop
 endfacet
 facet normal  0.000000e+00  1.000000e+00  0.000000e+00
   outer loop
     vertex  9.800000e+01  2.000000e+00  1.200000e+01
     vertex  9.084615e+01  2.000000e+00  1.050000e+01
     vertex  8.784615e+01  2.000000e+00  1.050000e+01
   endloop
 endfacet
 facet normal  0.000000e+00  1.000000e+00  0.000000e+00
   outer loop
     vertex  9.800000e+01  2.000000e+00  1.200000e+01
     vertex  9.800000e+01  2.000000e+00  3.000000e+00
     vertex  9.500000e+01  2.000000e+00  6.000000e+00
   endloop
 endfacet
 facet normal -0.000000e+00  1.000000e+00  0.000000e+00
   outer loop
     vertex  2.000000e+00  2.000000e+00  1.200000e+01
     vertex  9.800000e+01  2.000000e+00  1.200000e+01
     vertex  8.069231e+01  2.000000e+00  1.050000e+01
   endloop
 endfacet
 facet normal  0.000000e+00  1.000000e+00  0.000000e+00
   outer loop
     vertex  2.000000e+00  2.000000e+00  1.200000e+01
     vertex  8.069231e+01  2.000000e+00  1.050000e+01
     vertex  7.653846e+01  2.000000e+00  1.050000e+01
   endloop
 endfacet
 facet normal  0.000000e+00  1.000000e+00  0.000000e+00
   outer loop
     vertex  2.000000e+00  2.000000e+00  1.200000e+01
     vertex  7.653846e+01  2.000000e+00  1.050000e+01
     vertex  7.353846e+01  2.000000e+00  1.050000e+01
   endloop
 endfacet
 facet normal  0.000000e+00  1.000000e+00  0.000000e+00
   outer loop
     vertex  2.000000e+00  2.000000e+00  1.200000e+01
     vertex  7.353846e+01  2.000000e+00  1.050000e+01
     vertex  6.938462e+01  2.000000e+00  1.050000e+01
   endloop
 endfacet
 facet normal  0.000000e+00  1.000000e+00  0.000000e+00
   outer loop
     vertex  2.000000e+00  2.000000e+00  1.200000e+01
     vertex  6.938462e+01  2.000000e+00  1.050000e+01
     vertex  6.638462e+01  2.000000e+00  1.050000e+01
   endloop
 endfacet
 facet normal  0.000000e+00  1.000000e+00  0.000000e+00
   outer loop
     vertex  2.000000e+00  2.000000e+00  1.200000e+01
     vertex  6.638462e+01  2.000000e+00  1.050000e+01
     vertex  6.223077e+01  2.000000e+00  1.050000e+01
   endloop
 endfacet
 facet normal  0.000000e+00  1.000000e+00  0.000000e+00
   outer loop
     vertex  2.000000e+00  2.000000e+00  1.200000e+01
     vertex  6.223077e+01  2.000000e+00  1.050000e+01
     vertex  5.923077e+01  2.000000e+00  1.050000e+01
   endloop
 endfacet
 facet normal  0.000000e+00  1.000000e+00  0.000000e+00
   outer loop
     vertex  2.000000e+00  2.000000e+00  1.200000e+01
     vertex  5.923077e+01  2.000000e+00  1.050000e+01
     vertex  5.707692e+01  2.000000e+00  1.050000e+01
   endloop
 endfacet
 facet normal  0.000000e+00  1.000000e+00  0.000000e+00
   outer loop
     vertex  2.000000e+00  2.000000e+00  1.200000e+01
     vertex  5.707692e+01  2.000000e+00  1.050000e+01
     vertex  5.007692e+01  2.000000e+00  1.050000e+01
   endloop
 endfacet
 facet normal  0.000000e+00  1.000000e+00  0.000000e+00
   outer loop
     vertex  2.000000e+00  2.000000e+00  1.200000e+01
     vertex  5.007692e+01  2.000000e+00  1.050000e+01
     vertex  4.792308e+01  2.000000e+00  1.050000e+01
   endloop
 endfacet
 facet normal  0.000000e+00  1.000000e+00  0.000000e+00
   outer loop
     vertex  2.000000e+00  2.000000e+00  1.200000e+01
     vertex  4.792308e+01  2.000000e+00  1.050000e+01
     vertex  4.492308e+01  2.000000e+00  1.050000e+01
   endloop
 endfacet
 facet normal  0.000000e+00  1.000000e+00  0.000000e+00
   outer loop
     vertex  2.000000e+00  2.000000e+00  1.200000e+01
     vertex  4.492308e+01  2.000000e+00  1.050000e+01
     vertex  4.076923e+01  2.000000e+00  1.050000e+01
   endloop
 endfacet
 facet normal  0.000000e+00  1.000000e+00  0.000000e+00
   outer loop
     vertex  2.000000e+00  2.000000e+00  1.200000e+01
     vertex  4.076923e+01  2.000000e+00  1.050000e+01
     vertex  3.776923e+01  2.000000e+00  1.050000e+01
   endloop
 endfacet
 facet normal  0.000000e+00  1.000000e+00  0.000000e+00
   outer loop
     vertex  2.000000e+00  2.000000e+00  1.200000e+01
     vertex  3.776923e+01  2.000000e+00  1.050000e+01
     vertex  3.361538e+01  2.000000e+00  1.050000e+01
   endloop
 endfacet
 facet normal  0.000000e+00  1.000000e+00  0.000000e+00
   outer loop
     vertex  2.000000e+00  2.000000e+00  1.200000e+01
     vertex  3.361538e+01  2.000000e+00  1.050000e+01
     vertex  3.061538e+01  2.000000e+00  1.050000e+01
   endloop
 endfacet
 facet normal  0.000000e+00  1.000000e+00  0.000000e+00
   outer loop
     vertex  2.000000e+00  2.000000e+00  1.200000e+01
     vertex  3.061538e+01  2.000000e+00  1.050000e+01
     vertex  2.646154e+01  2.000000e+00  1.050000e+01
   endloop
 endfacet
 facet normal  0.000000e+00  1.000000e+00  0.000000e+00
   outer loop
     vertex  2.000000e+00  2.000000e+00  1.200000e+01
     vertex  2.646154e+01  2.000000e+00  1.050000e+01
     vertex  2.346154e+01  2.000000e+00  1.050000e+01
   endloop
 endfacet
 facet normal  0.000000e+00  1.000000e+00  0.000000e+00
   outer loop
     vertex  2.000000e+00  2.000000e+00  1.200000e+01
     vertex  2.346154e+01  2.000000e+00  1.050000e+01
     vertex  1.930769e+01  2.000000e+00  1.050000e+01
   endloop
 endfacet
 facet normal  0.000000e+00  1.000000e+00  0.000000e+00
   outer loop
     vertex  2.000000e+00  2.000000e+00  1.200000e+01
     vertex  1.930769e+01  2.000000e+00  1.050000e+01
     vertex  1.630769e+01  2.000000e+00  1.050000e+01
   endloop
 endfacet
 facet normal  1.000000e+00  0.000000e+00  0.000000e+00
   outer loop
     vertex  5.000000e+00  0.000000e+00  1.050000e+01
     vertex  5.000000e+00  0.000000e+00  6.000000e+00
     vertex  5.000000e+00  2.000000e+00  6.000000e+00
   endloop
 endfacet
 facet normal  1.000000e+00 -0.000000e+00  0.000000e+00
   outer loop
     vertex  5.000000e+00  0.000000e+00  1.050000e+01
     vertex  5.000000e+00  2.000000e+00  6.000000e+00
     vertex  5.000000e+00  2.000000e+00  1.050000e+01
   endloop
 endfacet
 facet normal  0.000000e+00  0.000000e+00  1.000000e+00
   outer loop
     vertex  9.153846e+00  2.000000e+00  6.000000e+00
     vertex  5.000000e+00  2.000000e+00  6.000000e+00
     vertex  5.000000e+00  0.000000e+00  6.000000e+00
   endloop
 endfacet
 facet normal  0.000000e+00  0.000000e+00  1.000000e+00
   outer loop
     vertex  9.153846e+00  2.000000e+00  6.000000e+00
     vertex  5.000000e+00  0.000000e+00  6.000000e+00
     vertex  9.153846e+00  0.000000e+00  6.000000e+00
   endloop
 endfacet
 facet normal -0.000000e+00  0.000000e+00 -1.000000e+00
   outer loop
     vertex  9.153846e+00  2.000000e+00  1.050000e+01
     vertex  5.000000e+00  0.000000e+00  1.050000e+01
     vertex  5.000000e+00  2.000000e+00  1.050000e+01
   endloop
 endfacet
 facet normal  0.000000e+00 -0.000000e+00 -1.000000e+00
   outer loop
     vertex  9.153846e+00  2.000000e+00  1.050000e+01
     vertex  9.153846e+00  0.000000e+00  1.050000e+01
     vertex  5.000000e+00  0.000000e+00  1.050000e+01
   endloop
 endfacet
 facet normal -1.000000e+00  0.000000e+00  0.000000e+00
   outer loop
     vertex  9.153846e+00  0.000000e+00  1.050000e+01
     vertex  9.153846e+00  2.000000e+00  6.000000e+00
     vertex  9.153846e+00  0.000000e+00  6.000000e+00
   endloop
 endfacet
 facet normal -1.000000e+00  0.000000e+00  0.000000e+00
   outer loop
     vertex  9.153846e+00  0.000000e+00  1.050000e+01
     vertex  9.153846e+00  2.000000e+00  1.050000e+01
     vertex  9.153846e+00  2.000000e+00  6.000000e+00
   endloop
 endfacet
 facet normal  1.000000e+00  0.000000e+00  0.000000e+00
   outer loop
     vertex  1.215385e+01  0.000000e+00  1.050000e+01
     vertex  1.215385e+01  0.000000e+00  6.000000e+00
     vertex  1.215385e+01  2.000000e+00  6.000000e+00
   endloop
 endfacet
 facet normal  1.000000e+00 -0.000000e+00  0.000000e+00
   outer loop
     vertex  1.215385e+01  0.000000e+00  1.050000e+01
     vertex  1.215385e+01  2.000000e+00  6.000000e+00
     vertex  1.215385e+01  2.000000e+00  1.050000e+01
   endloop
 endfacet
 facet normal  0.000000e+00  0.000000e+00  1.000000e+00
   outer loop
     vertex  1.630769e+01  2.000000e+00  6.000000e+00
     vertex  1.215385e+01  2.000000e+00  6.000000e+00
     vertex  1.215385e+01  0.000000e+00  6.000000e+00
   endloop
 endfacet
 facet normal  0.000000e+00  0.000000e+00  1.000000e+00
   outer loop
     vertex  1.630769e+01  2.000000e+00  6.000000e+00
     vertex  1.215385e+01  0.000000e+00  6.000000e+00
     vertex  1.630769e+01  0.000000e+00  6.000000e+00
   endloop
 endfacet
 facet normal -0.000000e+00  0.000000e+00 -1.000000e+00
   outer loop
     vertex  1.630769e+01  2.000000e+00  1.050000e+01
     vertex  1.215385e+01  0.000000e+00  1.050000e+01
     vertex  1.215385e+01  2.000000e+00  1.050000e+01
   endloop
 endfacet
 facet normal  0.000000e+00 -0.000000e+00 -1.000000e+00
   outer loop
     vertex  1.630769e+01  2.000000e+00  1.050000e+01
     vertex  1.630769e+01  0.000000e+00  1.050000e+01
     vertex  1.215385e+01  0.000000e+00  1.050000e+01
   endloop
 endfacet
 facet normal -1.000000e+00  0.000000e+00  0.000000e+00
   outer loop
     vertex  1.630769e+01  0.000000e+00  1.050000e+01
     vertex  1.630769e+01  2.000000e+00  6.000000e+00
     vertex  1.630769e+01  0.000000e+00  6.000000e+00
   endloop
 endfacet
 facet normal -1.000000e+00  0.000000e+00  0.000000e+00
   outer loop
     vertex  1.630769e+01  0.000000e+00  1.050000e+01
     vertex  1.630769e+01  2.000000e+00  1.050000e+01
     vertex  1.630769e+01  2.000000e+00  6.000000e+00
   endloop
 endfacet
 facet normal  1.000000e+00  0.000000e+00  0.000000e+00
   outer loop
     vertex  1.930769e+01  0.000000e+00  1.050000e+01
     vertex  1.930769e+01  0.000000e+00  6.000000e+00
     vertex  1.930769e+01  2.000000e+00  6.000000e+00
   endloop
 endfacet
 facet normal  1.000000e+00 -0.000000e+00  0.000000e+00
   outer loop
     vertex  1.930769e+01  0.000000e+00  1.050000e+01
     vertex  1.930769e+01  2.000000e+00  6.000000e+00
     vertex  1.930769e+01  2.000000e+00  1.050000e+01
   endloop
 endfacet
 facet normal  0.000000e+00  0.000000e+00  1.000000e+00
   outer loop
     vertex  2.346154e+01  2.000000e+00  6.000000e+00
     vertex  1.930769e+01  2.000000e+00  6.000000e+00
     vertex  1.930769e+01  0.000000e+00  6.000000e+00
   endloop
 endfacet
 facet normal  0.000000e+00  0.000000e+00  1.000000e+00
   outer loop
     vertex  2.346154e+01  2.000000e+00  6.000000e+00
     vertex  1.930769e+01  0.000000e+00  6.000000e+00
     vertex  2.346154e+01  0.000000e+00  6.000000e+00
   endloop
 endfacet
 facet normal -0.000000e+00  0.000000e+00 -1.000000e+00
   outer loop
     vertex  2.346154e+01  2.000000e+00  1.050000e+01
     vertex  1.930769e+01  0.000000e+00  1.050000e+01
     vertex  1.930769e+01  2.000000e+00  1.050000e+01
   endloop
 endfacet
 facet normal  0.000000e+00 -0.000000e+00 -1.000000e+00
   outer loop
     vertex  2.346154e+01  2.000000e+00  1.050000e+01
     vertex  2.346154e+01  0.000000e+00  1.050000e+01
     vertex  1.930769e+01  0.000000e+00  1.050000e+01
   endloop
 endfacet
 facet normal -1.000000e+00  0.000000e+00  0.000000e+00
   outer loop
     vertex  2.346154e+01  0.000000e+00  1.050000e+01
     vertex  2.346154e+01  2.000000e+00  6.000000e+00
     vertex  2.346154e+01  0.000000e+00  6.000000e+00
   endloop
 endfacet
 facet normal -1.000000e+00  0.000000e+00  0.000000e+00
   outer loop
     vertex  2.346154e+01  0.000000e+00  1.050000e+01
     vertex  2.346154e+01  2.000000e+00  1.050000e+01
     vertex  2.346154e+01  2.000000e+00  6.000000e+00
   endloop
 endfacet
 facet normal  1.000000e+00  0.000000e+00  0.000000e+00
   outer loop
     vertex  2.646154e+01  0.000000e+00  1.050000e+01
     vertex  2.646154e+01  0.000000e+00  6.000000e+00
     vertex  2.646154e+01  2.000000e+00  6.000000e+00
   endloop
 endfacet
 facet normal  1.000000e+00 -0.000000e+00  0.000000e+00
   outer loop
     vertex  2.646154e+01  0.000000e+00  1.050000e+01
     vertex  2.646154e+01  2.000000e+00  6.000000e+00
     vertex  2.646154e+01  2.000000e+00  1.050000e+01
   endloop
 endfacet
 facet normal  0.000000e+00  0.000000e+00  1.000000e+00
   outer loop
     vertex  3.061538e+01  2.000000e+00  6.000000e+00
     vertex  2.646154e+01  2.000000e+00  6.000000e+00
     vertex  2.646154e+01  0.000000e+00  6.000000e+00
   endloop
 endfacet
 facet normal  0.000000e+00  0.000000e+00  1.000000e+00
   outer loop
     vertex  3.061538e+01  2.000000e+00  6.000000e+00
     vertex  2.646154e+01  0.000000e+00  6.000000e+00
     vertex  3.061538e+01  0.000000e+00  6.000000e+00
   endloop
 endfacet
 facet normal -0.000000e+00  0.000000e+00 -1.000000e+00
   outer loop
     vertex  3.061538e+01  2.000000e+00  1.050000e+01
     vertex  2.646154e+01  0.000000e+00  1.050000e+01
     vertex  2.646154e+01  2.000000e+00  1.050000e+01
   endloop
 endfacet
 facet normal  0.000000e+00 -0.000000e+00 -1.000000e+00
   outer loop
     vertex  3.061538e+01  2.000000e+00  1.050000e+01
     vertex  3.061538e+01  0.000000e+00  1.050000e+01
     vertex  2.646154e+01  0.000000e+00  1.050000e+01
   endloop
 endfacet
 facet normal -1.000000e+00  0.000000e+00  0.000000e+00
   outer loop
     vertex  3.061538e+01  0.000000e+00  1.050000e+01
     vertex  3.061538e+01  2.000000e+00  6.000000e+00
     vertex  3.061538e+01  0.000000e+00  6.000000e+00
   endloop
 endfacet
 facet normal -1.000000e+00  0.000000e+00  0.000000e+00
   outer loop
     vertex  3.061538e+01  0.000000e+00  1.050000e+01
     vertex  3.061538e+01  2.000000e+00  1.050000e+01
     vertex  3.061538e+01  2.000000e+00  6.000000e+00
   endloop
 endfacet
 facet normal  1.000000e+00  0.000000e+00  0.000000e+00
   outer loop
     vertex  3.361538e+01  0.000000e+00  1.050000e+01
     vertex  3.361538e+01  0.000000e+00  6.000000e+00
     vertex  3.361538e+01  2.000000e+00  6.000000e+00
   endloop
 endfacet
 facet normal  1.000000e+00 -0.000000e+00  0.000000e+00
   outer loop
     vertex  3.361538e+01  0.000000e+00  1.050000e+01
     vertex  3.361538e+01  2.000000e+00  6.000000e+00
     vertex  3.361538e+01  2.000000e+00  1.050000e+01
   endloop
 endfacet
 facet normal  0.000000e+00  0.000000e+00  1.000000e+00
   outer loop
     vertex  3.776923e+01  2.000000e+00  6.000000e+00
     vertex  3.361538e+01  2.000000e+00  6.000000e+00
     vertex  3.361538e+01  0.000000e+00  6.000000e+00
   endloop
 endfacet
 facet normal  0.000000e+00  0.000000e+00  1.000000e+00
   outer loop
     vertex  3.776923e+01  2.000000e+00  6.000000e+00
     vertex  3.361538e+01  0.000000e+00  6.000000e+00
     vertex  3.776923e+01  0.000000e+00  6.000000e+00
   endloop
 endfacet
 facet normal -0.000000e+00  0.000000e+00 -1.000000e+00
   outer loop
     vertex  3.776923e+01  2.000000e+00  1.050000e+01
     vertex  3.361538e+01  0.000000e+00  1.050000e+01
     vertex  3.361538e+01  2.000000e+00  1.050000e+01
   endloop
 endfacet
 facet normal  0.000000e+00 -0.000000e+00 -1.000000e+00
   outer loop
     vertex  3.776923e+01  2.000000e+00  1.050000e+01
     vertex  3.776923e+01  0.000000e+00  1.050000e+01
     vertex  3.361538e+01  0.000000e+00  1.050000e+01
   endloop
 endfacet
 facet normal -1.000000e+00  0.000000e+00  0.000000e+00
   outer loop
     vertex  3.776923e+01  0.000000e+00  1.050000e+01
     vertex  3.776923e+01  2.000000e+00  6.000000e+00
     vertex  3.776923e+01  0.000000e+00  6.000000e+00
   endloop
 endfacet
 facet normal -1.000000e+00  0.000000e+00  0.000000e+00
   outer loop
     vertex  3.776923e+01  0.000000e+00  1.050000e+01
     vertex  3.776923e+01  2.000000e+00  1.050000e+01
     vertex  3.776923e+01  2.000000e+00  6.000000e+00
   endloop
 endfacet
 facet normal  1.000000e+00  0.000000e+00  0.000000e+00
   outer loop
     vertex  4.076923e+01  0.000000e+00  1.050000e+01
     vertex  4.076923e+01  0.000000e+00  6.000000e+00
     vertex  4.076923e+01  2.000000e+00  6.000000e+00
   endloop
 endfacet
 facet normal  1.000000e+00 -0.000000e+00  0.000000e+00
   outer loop
     vertex  4.076923e+01  0.000000e+00  1.050000e+01
     vertex  4.076923e+01  2.000000e+00  6.000000e+00
     vertex  4.076923e+01  2.000000e+00  1.050000e+01
   endloop
 endfacet
 facet normal  0.000000e+00  0.000000e+00  1.000000e+00
   outer loop
     vertex  4.492308e+01  2.000000e+00  6.000000e+00
     vertex  4.076923e+01  2.000000e+00  6.000000e+00
     vertex  4.076923e+01  0.000000e+00  6.000000e+00
   endloop
 endfacet
 facet normal  0.000000e+00  0.000000e+00  1.000000e+00
   outer loop
     vertex  4.492308e+01  2.000000e+00  6.000000e+00
     vertex  4.076923e+01  0.000000e+00  6.000000e+00
     vertex  4.492308e+01  0.000000e+00  6.000000e+00
   endloop
 endfacet
 facet normal -0.000000e+00  0.000000e+00 -1.000000e+00
   outer loop
     vertex  4.492308e+01  2.000000e+00  1.050000e+01
     vertex  4.076923e+01  0.000000e+00  1.050000e+01
     vertex  4.076923e+01  2.000000e+00  1.050000e+01
   endloop
 endfacet
 facet normal  0.000000e+00 -0.000000e+00 -1.000000e+00
   outer loop
     vertex  4.492308e+01  2.000000e+00  1.050000e+01
     vertex  4.492308e+01  0.000000e+00  1.050000e+01
     vertex  4.076923e+01  0.000000e+00  1.050000e+01
   endloop
 endfacet
 facet normal -1.000000e+00  0.000000e+00  0.000000e+00
   outer loop
     vertex  4.492308e+01  0.000000e+00  1.050000e+01
     vertex  4.492308e+01  2.000000e+00  6.000000e+00
     vertex  4.492308e+01  0.000000e+00  6.000000e+00
   endloop
 endfacet
 facet normal -1.000000e+00  0.000000e+00  0.000000e+00
   outer loop
     vertex  4.492308e+01  0.000000e+00  1.050000e+01
     vertex  4.492308e+01  2.000000e+00  1.050000e+01
     vertex  4.492308e+01  2.000000e+00  6.000000e+00
   endloop
 endfacet
 facet normal  1.000000e+00  0.000000e+00  0.000000e+00
   outer loop
     vertex  4.792308e+01  0.000000e+00  1.050000e+01
     vertex  4.792308e+01  0.000000e+00  6.000000e+00
     vertex  4.792308e+01  2.000000e+00  6.000000e+00
   endloop
 endfacet
 facet normal  1.000000e+00 -0.000000e+00  0.000000e+00
   outer loop
     vertex  4.792308e+01  0.000000e+00  1.050000e+01
     vertex  4.792308e+01  2.000000e+00  6.000000e+00
     vertex  4.792308e+01  2.000000e+00  1.050000e+01
   endloop
 endfacet
 facet normal  0.000000e+00  0.000000e+00  1.000000e+00
   outer loop
     vertex  5.007692e+01  2.000000e+00  6.000000e+00
     vertex  4.792308e+01  2.000000e+00  6.000000e+00
     vertex  4.792308e+01  0.000000e+00  6.000000e+00
   endloop
 endfacet
 facet normal  0.000000e+00  0.000000e+00  1.000000e+00
   outer loop
     vertex  5.007692e+01  2.000000e+00  6.000000e+00
     vertex  4.792308e+01  0.000000e+00  6.000000e+00
     vertex  5.007692e+01  0.000000e+00  6.000000e+00
   endloop
 endfacet
 facet normal -0.000000e+00  0.000000e+00 -1.000000e+00
   outer loop
     vertex  5.007692e+01  2.000000e+00  1.050000e+01
     vertex  4.792308e+01  0.000000e+00  1.050000e+01
     vertex  4.792308e+01  2.000000e+00  1.050000e+01
   endloop
 endfacet
 facet normal  0.000000e+00 -0.000000e+00 -1.000000e+00
   outer loop
     vertex  5.007692e+01  2.000000e+00  1.050000e+01
     vertex  5.007692e+01  0.000000e+00  1.050000e+01
     vertex  4.792308e+01  0.000000e+00  1.050000e+01
   endloop
 endfacet
 facet normal -1.000000e+00  0.000000e+00  0.000000e+00
   outer loop
     vertex  5.007692e+01  0.000000e+00  1.050000e+01
     vertex  5.007692e+01  2.000000e+00  6.000000e+00
     vertex  5.007692e+01  0.000000e+00  6.000000e+00
   endloop
 endfacet
 facet normal -1.000000e+00  0.000000e+00  0.000000e+00
   outer loop
     vertex  5.007692e+01  0.000000e+00  1.050000e+01
     vertex  5.007692e+01  2.000000e+00  1.050000e+01
     vertex  5.007692e+01  2.000000e+00  6.000000e+00
   endloop
 endfacet
 facet normal  1.000000e+00  0.000000e+00  0.000000e+00
   outer loop
     vertex  5.707692e+01  0.000000e+00  1.050000e+01
     vertex  5.707692e+01  0.000000e+00  6.000000e+00
     vertex  5.707692e+01  2.000000e+00  6.000000e+00
   endloop
 endfacet
 facet normal  1.000000e+00 -0.000000e+00  0.000000e+00
   outer loop
     vertex  5.707692e+01  0.000000e+00  1.050000e+01
     vertex  5.707692e+01  2.000000e+00  6.000000e+00
     vertex  5.707692e+01  2.000000e+00  1.050000e+01
   endloop
 endfacet
 facet normal  0.000000e+00  0.000000e+00  1.000000e+00
   outer loop
     vertex  5.923077e+01  2.000000e+00  6.000000e+00
     vertex  5.707692e+01  2.000000e+00  6.000000e+00
     vertex  5.707692e+01  0.000000e+00  6.000000e+00
   endloop
 endfacet
 facet normal  0.000000e+00  0.000000e+00  1.000000e+00
   outer loop
     vertex  5.923077e+01  2.000000e+00  6.000000e+00
     vertex  5.707692e+01  0.000000e+00  6.000000e+00
     vertex  5.923077e+01  0.000000e+00  6.000000e+00
   endloop
 endfacet
 facet normal -0.000000e+00  0.000000e+00 -1.000000e+00
   outer loop
     vertex  5.923077e+01  2.000000e+00  1.050000e+01
     vertex  5.707692e+01  0.000000e+00  1.050000e+01
     vertex  5.707692e+01  2.000000e+00  1.050000e+01
   endloop
 endfacet
 facet normal  0.000000e+00 -0.000000e+00 -1.000000e+00
   outer loop
     vertex  5.923077e+01  2.000000e+00  1.050000e+01
     vertex  5.923077e+01  0.000000e+00  1.050000e+01
     vertex  5.707692e+01  0.000000e+00  1.050000e+01
   endloop
 endfacet
 facet normal -1.000000e+00  0.000000e+00  0.000000e+00
   outer loop
     vertex  5.923077e+01  0.000000e+00  1.050000e+01
     vertex  5.923077e+01  2.000000e+00  6.000000e+00
     vertex  5.923077e+01  0.000000e+00  6.000000e+00
   endloop
 endfacet
 facet normal -1.000000e+00  0.000000e+00  0.000000e+00
   outer loop
     vertex  5.923077e+01  0.000000e+00  1.050000e+01
     vertex  5.923077e+01  2.000000e+00  1.050000e+01
     vertex  5.923077e+01  2.000000e+00  6.000000e+00
   endloop
 endfacet
 facet normal  1.000000e+00  0.000000e+00  0.000000e+00
   outer loop
     vertex  6.223077e+01  0.000000e+00  1.050000e+01
     vertex  6.223077e+01  0.000000e+00  6.000000e+00
     vertex  6.223077e+01  2.000000e+00  6.000000e+00
   endloop
 endfacet
 facet normal  1.000000e+00 -0.000000e+00  0.000000e+00
   outer loop
     vertex  6.223077e+01  0.000000e+00  1.050000e+01
     vertex  6.223077e+01  2.000000e+00  6.000000e+00
     vertex  6.223077e+01  2.000000e+00  1.050000e+01
   endloop
 endfacet
 facet normal  0.000000e+00  0.000000e+00  1.000000e+00
   outer loop
     vertex  6.638462e+01  2.000000e+00  6.000000e+00
     vertex  6.223077e+01  2.000000e+00  6.000000e+00
     vertex  6.223077e+01  0.000000e+00  6.000000e+00
   endloop
 endfacet
 facet normal  0.000000e+00  0.000000e+00  1.000000e+00
   outer loop
     vertex  6.638462e+01  2.000000e+00  6.000000e+00
     vertex  6.223077e+01  0.000000e+00  6.000000e+00
     vertex  6.638462e+01  0.000000e+00  6.000000e+00
   endloop
 endfacet
 facet normal -0.000000e+00  0.000000e+00 -1.000000e+00
   outer loop
     vertex  6.638462e+01  2.000000e+00  1.050000e+01
     vertex  6.223077e+01  0.000000e+00  1.050000e+01
     vertex  6.223077e+01  2.000000e+00  1.050000e+01
   endloop
 endfacet
 facet normal  0.000000e+00 -0.000000e+00 -1.000000e+00
   outer loop
     vertex  6.638462e+01  2.000000e+00  1.050000e+01
     vertex  6.638462e+01  0.000000e+00  1.050000e+01
     vertex  6.223077e+01  0.000000e+00  1.050000e+01
   endloop
 endfacet
 facet normal -1.000000e+00  0.000000e+00  0.000000e+00
   outer loop
     vertex  6.638462e+01  0.000000e+00  1.050000e+01
     vertex  6.638462e+01  2.000000e+00  6.000000e+00
     vertex  6.638462e+01  0.000000e+00  6.000000e+00
   endloop
 endfacet
 facet normal -1.000000e+00  0.000000e+00  0.000000e+00
   outer loop
     vertex  6.638462e+01  0.000000e+00  1.050000e+01
     vertex  6.638462e+01  2.000000e+00  1.050000e+01
     vertex  6.638462e+01  2.000000e+00  6.000000e+00
   endloop
 endfacet
 facet normal  1.000000e+00  0.000000e+00  0.000000e+00
   outer loop
     vertex  6.938462e+01  0.000000e+00  1.050000e+01
     vertex  6.938462e+01  0.000000e+00  6.000000e+00
     vertex  6.938462e+01  2.000000e+00  6.000000e+00
   endloop
 endfacet
 facet normal  1.000000e+00 -0.000000e+00  0.000000e+00
   outer loop
     vertex  6.938462e+01  0.000000e+00  1.050000e+01
     vertex  6.938462e+01  2.000000e+00  6.000000e+00
     vertex  6.938462e+01  2.000000e+00  1.050000e+01
   endloop
 endfacet
 facet normal  0.000000e+00  0.000000e+00  1.000000e+00
   outer loop
     vertex  7.353846e+01  2.000000e+00  6.000000e+00
     vertex  6.938462e+01  2.000000e+00  6.000000e+00
     vertex  6.938462e+01  0.000000e+00  6.000000e+00
   endloop
 endfacet
 facet normal  0.000000e+00  0.000000e+00  1.000000e+00
   outer loop
     vertex  7.353846e+01  2.000000e+00  6.000000e+00
     vertex  6.938462e+01  0.000000e+00  6.000000e+00
     vertex  7.353846e+01  0.000000e+00  6.000000e+00
   endloop
 endfacet
 facet normal -0.000000e+00  0.000000e+00 -1.000000e+00
   outer loop
     vertex  7.353846e+01  2.000000e+00  1.050000e+01
     vertex  6.938462e+01  0.000000e+00  1.050000e+01
     vertex  6.938462e+01  2.000000e+00  1.050000e+01
   endloop
 endfacet
 facet normal  0.000000e+00 -0.000000e+00 -1.000000e+00
   outer loop
     vertex  7.353846e+01  2.000000e+00  1.050000e+01
     vertex  7.353846e+01  0.000000e+00  1.050000e+01
     vertex  6.938462e+01  0.000000e+00  1.050000e+01
   endloop
 endfacet
 facet normal -1.000000e+00  0.000000e+00  0.000000e+00
   outer loop
     vertex  7.353846e+01  0.000000e+00  1.050000e+01
     vertex  7.353846e+01  2.000000e+00  6.000000e+00
     vertex  7.353846e+01  0.000000e+00  6.000000e+00
   endloop
 endfacet
 facet normal -1.000000e+00  0.000000e+00  0.000000e+00
   outer loop
     vertex  7.353846e+01  0.000000e+00  1.050000e+01
     vertex  7.353846e+01  2.000000e+00  1.050000e+01
     vertex  7.353846e+01  2.000000e+00  6.000000e+00
   endloop
 endfacet
 facet normal  1.000000e+00  0.000000e+00  0.000000e+00
   outer loop
     vertex  7.653846e+01  0.000000e+00  1.050000e+01
     vertex  7.653846e+01  0.000000e+00  6.000000e+00
     vertex  7.653846e+01  2.000000e+00  6.000000e+00
   endloop
 endfacet
 facet normal  1.000000e+00 -0.000000e+00  0.000000e+00
   outer loop
     vertex  7.653846e+01  0.000000e+00  1.050000e+01
     vertex  7.653846e+01  2.000000e+00  6.000000e+00
     vertex  7.653846e+01  2.000000e+00  1.050000e+01
   endloop
 endfacet
 facet normal  0.000000e+00  0.000000e+00  1.000000e+00
   outer loop
     vertex  8.069231e+01  2.000000e+00  6.000000e+00
     vertex  7.653846e+01  2.000000e+00  6.000000e+00
     vertex  7.653846e+01  0.000000e+00  6.000000e+00
   endloop
 endfacet
 facet normal  0.000000e+00  0.000000e+00  1.000000e+00
   outer loop
     vertex  8.069231e+01  2.000000e+00  6.000000e+00
     vertex  7.653846e+01  0.000000e+00  6.000000e+00
     vertex  8.069231e+01  0.000000e+00  6.000000e+00
   endloop
 endfacet
 facet normal -0.000000e+00  0.000000e+00 -1.000000e+00
   outer loop
     vertex  8.069231e+01  2.000000e+00  1.050000e+01
     vertex  7.653846e+01  0.000000e+00  1.050000e+01
     vertex  7.653846e+01  2.000000e+00  1.050000e+01
   endloop
 endfacet
 facet normal  0.000000e+00 -0.000000e+00 -1.000000e+00
   outer loop
     vertex  8.069231e+01  2.000000e+00  1.050000e+01
     vertex  8.069231e+01  0.000000e+00  1.050000e+01
     vertex  7.653846e+01  0.000000e+00  1.050000e+01
   endloop
 endfacet
 facet normal -1.000000e+00  0.000000e+00  0.000000e+00
   outer loop
     vertex  8.069231e+01  0.000000e+00  1.050000e+01
     vertex  8.069231e+01  2.000000e+00  6.000000e+00
     vertex  8.069231e+01  0.000000e+00  6.000000e+00
   endloop
 endfacet
 facet normal -1.000000e+00  0.000000e+00  0.000000e+00
   outer loop
     vertex  8.069231e+01  0.000000e+00  1.050000e+01
     vertex  8.069231e+01  2.000000e+00  1.050000e+01
     vertex  8.069231e+01  2.000000e+00  6.000000e+00
   endloop
 endfacet
 facet normal  1.000000e+00  0.000000e+00  0.000000e+00
   outer loop
     vertex  8.369231e+01  0.000000e+00  1.050000e+01
     vertex  8.369231e+01  0.000000e+00  6.000000e+00
     vertex  8.369231e+01  2.000000e+00  6.000000e+00
   endloop
 endfacet
 facet normal  1.000000e+00 -0.000000e+00  0.000000e+00
   outer loop
     vertex  8.369231e+01  0.000000e+00  1.050000e+01
     vertex  8.369231e+01  2.000000e+00  6.000000e+00
     vertex  8.369231e+01  2.000000e+00  1.050000e+01
   endloop
 endfacet
 facet normal  0.000000e+00  0.000000e+00  1.000000e+00
   outer loop
     vertex  8.784615e+01  2.000000e+00  6.000000e+00
     vertex  8.369231e+01  2.000000e+00  6.000000e+00
     vertex  8.369231e+01  0.000000e+00  6.000000e+00
   endloop
 endfacet
 facet normal  0.000000e+00  0.000000e+00  1.000000e+00
   outer loop
     vertex  8.784615e+01  2.000000e+00  6.000000e+00
     vertex  8.369231e+01  0.000000e+00  6.000000e+00
     vertex  8.784615e+01  0.000000e+00  6.000000e+00
   endloop
 endfacet
 facet normal -0.000000e+00  0.000000e+00 -1.000000e+00
   outer loop
     vertex  8.784615e+01  2.000000e+00  1.050000e+01
     vertex  8.369231e+01  0.000000e+00  1.050000e+01
     vertex  8.369231e+01  2.000000e+00  1.050000e+01
   endloop
 endfacet
 facet normal  0.000000e+00 -0.000000e+00 -1.000000e+00
   outer loop
     vertex  8.784615e+01  2.000000e+00  1.050000e+01
     vertex  8.784615e+01  0.000000e+00  1.050000e+01
     vertex  8.369231e+01  0.000000e+00  1.050000e+01
   endloop
 endfacet
 facet normal -1.000000e+00  0.000000e+00  0.000000e+00
   outer loop
     vertex  8.784615e+01  0.000000e+00  1.050000e+01
     vertex  8.784615e+01  2.000000e+00  6.000000e+00
     vertex  8.784615e+01  0.000000e+00  6.000000e+00
   endloop
 endfacet
 facet normal -1.000000e+00  0.000000e+00  0.000000e+00
   outer loop
     vertex  8.784615e+01  0.000000e+00  1.050000e+01
     vertex  8.784615e+01  2.000000e+00  1.050000e+01
     vertex  8.784615e+01  2.000000e+00  6.000000e+00
   endloop
 endfacet
 facet normal  1.000000e+00  0.000000e+00  0.000000e+00
   outer loop
     vertex  9.084615e+01  0.000000e+00  1.050000e+01
     vertex  9.084615e+01  0.000000e+00  6.000000e+00
     vertex  9.084615e+01  2.000000e+00  6.000000e+00
   endloop
 endfacet
 facet normal  1.000000e+00 -0.000000e+00  0.000000e+00
   outer loop
     vertex  9.084615e+01  0.000000e+00  1.050000e+01
     vertex  9.084615e+01  2.000000e+00  6.000000e+00
     vertex  9.084615e+01  2.000000e+00  1.050000e+01
   endloop
 endfacet
 facet normal  0.000000e+00  0.000000e+00  1.000000e+00
   outer loop
     vertex  9.500000e+01  2.000000e+00  6.000000e+00
     vertex  9.084615e+01  2.000000e+00  6.000000e+00
     vertex  9.084615e+01  0.000000e+00  6.000000e+00
   endloop
 endfacet
 facet normal  0.000000e+00  0.000000e+00  1.000000e+00
   outer loop
     vertex  9.500000e+01  2.000000e+00  6.000000e+00
     vertex  9.084615e+01  0.000000e+00  6.000000e+00
     vertex  9.500000e+01  0.000000e+00  6.000000e+00
   endloop
 endfacet
 facet normal -0.000000e+00  0.000000e+00 -1.000000e+00
   outer loop
     vertex  9.500000e+01  2.000000e+00  1.050000e+01
     vertex  9.084615e+01  0.000000e+00  1.050000e+01
     vertex  9.084615e+01  2.000000e+00  1.050000e+01
   endloop
 endfacet
 facet normal  0.000000e+00 -0.000000e+00 -1.000000e+00
   outer loop
     vertex  9.500000e+01  2.000000e+00  1.050000e+01
     vertex  9.500000e+01  0.000000e+00  1.050000e+01
     vertex  9.084615e+01  0.000000e+00  1.050000e+01
   endloop
 endfacet
 facet normal -1.000000e+00  0.000000e+00  0.000000e+00
   outer loop
     vertex  9.500000e+01  0.000000e+00  1.050000e+01
     vertex  9.500000e+01  2.000000e+00  6.000000e+00
     vertex  9.500000e+01  0.000000e+00  6.000000e+00
   endloop
 endfacet
 facet normal -1.000000e+00  0.000000e+00  0.000000e+00
   outer loop
     vertex  9.500000e+01  0.000000e+00  1.050000e+01
     vertex  9.500000e+01  2.000000e+00  1.050000e+01
     vertex  9.500000e+01  2.000000e+00  6.000000e+00
   endloop
 endfacet
 facet normal  0.000000e+00 -1.000000e+00 -0.000000e+00
   outer loop
     vertex  5.000000e+00  8.000000e+00  4.500000e+00
     vertex  2.000000e+00  8.000000e+00  3.000000e+00
     vertex  5.000000e+00  8.000000e+00  3.000000e+00
   endloop
 endfacet
 facet normal  0.000000e+00 -1.000000e+00 -0.000000e+00
   outer loop
     vertex  5.000000e+00  8.000000e+00  6.000000e+00
     vertex  2.000000e+00  8.000000e+00  3.000000e+00
     vertex  5.000000e+00  8.000000e+00  4.500000e+00
   endloop
 endfacet
 facet normal  0.000000e+00 -1.000000e+00  0.000000e+00
   outer loop
     vertex  2.000000e+00  8.000000e+00  1.200000e+01
     vertex  2.000000e+00  8.000000e+00  3.000000e+00
     vertex  5.000000e+00  8.000000e+00  6.000000e+00
   endloop
 endfacet
 facet normal -0.000000e+00 -1.000000e+00  0.000000e+00
   outer loop
     vertex  9.153846e+00  8.000000e+00  6.000000e+00
     vertex  5.000000e+00  8.000000e+00  6.000000e+00
     vertex  5.000000e+00  8.000000e+00  4.500000e+00
   endloop
 endfacet
 facet normal  0.000000e+00 -1.000000e+00 -0.000000e+00
   outer loop
     vertex  9.153846e+00  8.000000e+00  6.000000e+00
     vertex  5.000000e+00  8.000000e+00  4.500000e+00
     vertex  9.153846e+00  8.000000e+00  4.500000e+00
   endloop
 endfacet
 facet normal -0.000000e+00 -1.000000e+00 -0.000000e+00
   outer loop
     vertex  5.000000e+00  8.000000e+00  1.050000e+01
     vertex  2.000000e+00  8.000000e+00  1.200000e+01
     vertex  5.000000e+00  8.000000e+00  6.000000e+00
   endloop
 endfacet
 facet normal  0.000000e+00 -1.000000e+00 -0.000000e+00
   outer loop
     vertex  1.215385e+01  8.000000e+00  4.500000e+00
     vertex  9.153846e+00  8.000000e+00  3.000000e+00
     vertex  1.215385e+01  8.000000e+00  3.000000e+00
   endloop
 endfacet
 facet normal -0.000000e+00 -1.000000e+00  0.000000e+00
   outer loop
     vertex  1.215385e+01  8.000000e+00  4.500000e+00
     vertex  9.153846e+00  8.000000e+00  4.500000e+00
     vertex  9.153846e+00  8.000000e+00  3.000000e+00
   endloop
 endfacet
 facet normal  0.000000e+00 -1.000000e+00 -0.000000e+00
   outer loop
     vertex  1.215385e+01  8.000000e+00  6.000000e+00
     vertex  9.153846e+00  8.000000e+00  4.500000e+00
     vertex  1.215385e+01  8.000000e+00  4.500000e+00
   endloop
 endfacet
 facet normal -0.000000e+00 -1.000000e+00  0.000000e+00
   outer loop
     vertex  1.215385e+01  8.000000e+00  6.000000e+00
     vertex  9.153846e+00  8.000000e+00  6.000000e+00
     vertex  9.153846e+00  8.000000e+00  4.500000e+00
   endloop
 endfacet
 facet normal  0.000000e+00 -1.000000e+00  0.000000e+00
   outer loop
     vertex  9.153846e+00  8.000000e+00  1.050000e+01
     vertex  2.000000e+00  8.000000e+00  1.200000e+01
     vertex  5.000000e+00  8.000000e+00  1.050000e+01
   endloop
 endfacet
 facet normal  0.000000e+00 -1.000000e+00  0.000000e+00
   outer loop
     vertex  1.930769e+01  8.000000e+00  3.000000e+00
     vertex  1.630769e+01  8.000000e+00  4.500000e+00
     vertex  1.630769e+01  8.000000e+00  3.000000e+00
   endloop
 endfacet
 facet normal -0.000000e+00 -1.000000e+00  0.000000e+00
   outer loop
     vertex  1.630769e+01  8.000000e+00  6.000000e+00
     vertex  1.215385e+01  8.000000e+00  6.000000e+00
     vertex  1.215385e+01  8.000000e+00  4.500000e+00
   endloop
 endfacet
 facet normal  0.000000e+00 -1.000000e+00 -0.000000e+00
   outer loop
     vertex  1.630769e+01  8.000000e+00  6.000000e+00
     vertex  1.215385e+01  8.000000e+00  4.500000e+00
     vertex  1.630769e+01  8.000000e+00  4.500000e+00
   endloop
 endfacet
 facet normal  0.000000e+00 -1.000000e+00  0.000000e+00
   outer loop
     vertex  1.215385e+01  8.000000e+00  1.050000e+01
     vertex  2.000000e+00  8.000000e+00  1.200000e+01
     vertex  9.153846e+00  8.000000e+00  1.050000e+01
   endloop
 endfacet
 facet normal  0.000000e+00 -1.000000e+00 -0.000000e+00
   outer loop
     vertex  1.215385e+01  8.000000e+00  1.050000e+01
     vertex  9.153846e+00  8.000000e+00  6.000000e+00
     vertex  1.215385e+01  8.000000e+00  6.000000e+00
   endloop
 endfacet
 facet normal -0.000000e+00 -1.000000e+00  0.000000e+00
   outer loop
     vertex  1.215385e+01  8.000000e+00  1.050000e+01
     vertex  9.153846e+00  8.000000e+00  1.050000e+01
     vertex  9.153846e+00  8.000000e+00  6.000000e+00
   endloop
 endfacet
 facet normal -0.000000e+00 -1.000000e+00 -0.000000e+00
   outer loop
     vertex  1.930769e+01  8.000000e+00  4.500000e+00
     vertex  1.630769e+01  8.000000e+00  4.500000e+00
     vertex  1.930769e+01  8.000000e+00  3.000000e+00
   endloop
 endfacet
 facet normal  0.000000e+00 -1.000000e+00  0.000000e+00
   outer loop
     vertex  1.930769e+01  8.000000e+00  4.500000e+00
     vertex  1.630769e+01  8.000000e+00  6.000000e+00
     vertex  1.630769e+01  8.000000e+00  4.500000e+00
   endloop
 endfacet
 facet normal -0.000000e+00 -1.000000e+00 -0.000000e+00
   outer loop
     vertex  1.930769e+01  8.000000e+00  6.000000e+00
     vertex  1.630769e+01  8.000000e+00  6.000000e+00
     vertex  1.930769e+01  8.000000e+00  4.500000e+00
   endloop
 endfacet
 facet normal  0.000000e+00 -1.000000e+00  0.000000e+00
   outer loop
     vertex  1.630769e+01  8.000000e+00  1.050000e+01
     vertex  2.000000e+00  8.000000e+00  1.200000e+01
     vertex  1.215385e+01  8.000000e+00  1.050000e+01
   endloop
 endfacet
 facet normal  0.000000e+00 -1.000000e+00  0.000000e+00
   outer loop
     vertex  1.630769e+01  8.000000e+00  1.050000e+01
     vertex  1.630769e+01  8.000000e+00  6.000000e+00
     vertex  1.930769e+01  8.000000e+00  6.000000e+00
   endloop
 endfacet
 facet normal  0.000000e+00 -1.000000e+00 -0.000000e+00
   outer loop
     vertex  2.346154e+01  8.000000e+00  6.000000e+00
     vertex  1.930769e+01  8.000000e+00  4.500000e+00
     vertex  2.346154e+01  8.000000e+00  4.500000e+00
   endloop
 endfacet
 facet normal -0.000000e+00 -1.000000e+00  0.000000e+00
   outer loop
     vertex  2.346154e+01  8.000000e+00  6.000000e+00
     vertex  1.930769e+01  8.000000e+00  6.000000e+00
     vertex  1.930769e+01  8.000000e+00  4.500000e+00
   endloop
 endfacet
 facet normal -0.000000e+00 -1.000000e+00 -0.000000e+00
   outer loop
     vertex  1.930769e+01  8.000000e+00  1.050000e+01
     vertex  1.630769e+01  8.000000e+00  1.050000e+01
     vertex  1.930769e+01  8.000000e+00  6.000000e+00
   endloop
 endfacet
 facet normal  0.000000e+00 -1.000000e+00 -0.000000e+00
   outer loop
     vertex  2.646154e+01  8.000000e+00  4.500000e+00
     vertex  2.346154e+01  8.000000e+00  3.000000e+00
     vertex  2.646154e+01  8.000000e+00  3.000000e+00
   endloop
 endfacet
 facet normal -0.000000e+00 -1.000000e+00  0.000000e+00
   outer loop
     vertex  2.646154e+01  8.000000e+00  4.500000e+00
     vertex  2.346154e+01  8.000000e+00  4.500000e+00
     vertex  2.346154e+01  8.000000e+00  3.000000e+00
   endloop
 endfacet
 facet normal  0.000000e+00 -1.000000e+00 -0.000000e+00
   outer loop
     vertex  2.646154e+01  8.000000e+00  6.000000e+00
     vertex  2.346154e+01  8.000000e+00  4.500000e+00
     vertex  2.646154e+01  8.000000e+00  4.500000e+00
   endloop
 endfacet
 facet normal -0.000000e+00 -1.000000e+00  0.000000e+00
   outer loop
     vertex  2.646154e+01  8.000000e+00  6.000000e+00
     vertex  2.346154e+01  8.000000e+00  6.000000e+00
     vertex  2.346154e+01  8.000000e+00  4.500000e+00
   endloop
 endfacet
 facet normal  0.000000e+00 -1.000000e+00  0.000000e+00
   outer loop
     vertex  2.346154e+01  8.000000e+00  1.050000e+01
     vertex  2.346154e+01  8.000000e+00  6.000000e+00
     vertex  2.646154e+01  8.000000e+00  6.000000e+00
   endloop
 endfacet
 facet normal  0.000000e+00 -1.000000e+00 -0.000000e+00
   outer loop
     vertex  3.061538e+01  8.000000e+00  6.000000e+00
     vertex  2.646154e+01  8.000000e+00  4.500000e+00
     vertex  3.061538e+01  8.000000e+00  4.500000e+00
   endloop
 endfacet
 facet normal -0.000000e+00 -1.000000e+00  0.000000e+00
   outer loop
     vertex  3.061538e+01  8.000000e+00  6.000000e+00
     vertex  2.646154e+01  8.000000e+00  6.000000e+00
     vertex  2.646154e+01  8.000000e+00  4.500000e+00
   endloop
 endfacet
 facet normal -0.000000e+00 -1.000000e+00 -0.000000e+00
   outer loop
     vertex  2.646154e+01  8.000000e+00  1.050000e+01
     vertex  2.346154e+01  8.000000e+00  1.050000e+01
     vertex  2.646154e+01  8.000000e+00  6.000000e+00
   endloop
 endfacet
 facet normal  0.000000e+00 -1.000000e+00 -0.000000e+00
   outer loop
     vertex  3.361538e+01  8.000000e+00  4.500000e+00
     vertex  3.061538e+01  8.000000e+00  3.000000e+00
     vertex  3.361538e+01  8.000000e+00  3.000000e+00
   endloop
 endfacet
 facet normal -0.000000e+00 -1.000000e+00  0.000000e+00
   outer loop
     vertex  3.361538e+01  8.000000e+00  4.500000e+00
     vertex  3.061538e+01  8.000000e+00  4.500000e+00
     vertex  3.061538e+01  8.000000e+00  3.000000e+00
   endloop
 endfacet
 facet normal -0.000000e+00 -1.000000e+00  0.000000e+00
   outer loop
     vertex  3.361538e+01  8.000000e+00  6.000000e+00
     vertex  3.061538e+01  8.000000e+00  6.000000e+00
     vertex  3.061538e+01  8.000000e+00  4.500000e+00
   endloop
 endfacet
 facet normal  0.000000e+00 -1.000000e+00 -0.000000e+00
   outer loop
     vertex  3.361538e+01  8.000000e+00  6.000000e+00
     vertex  3.061538e+01  8.000000e+00  4.500000e+00
     vertex  3.361538e+01  8.000000e+00  4.500000e+00
   endloop
 endfacet
 facet normal  0.000000e+00 -1.000000e+00  0.000000e+00
   outer loop
     vertex  3.776923e+01  8.000000e+00  4.500000e+00
     vertex  3.361538e+01  8.000000e+00  6.000000e+00
     vertex  3.361538e+01  8.000000e+00  4.500000e+00
   endloop
 endfacet
 facet normal -0.000000e+00 -1.000000e+00 -0.000000e+00
   outer loop
     vertex  3.776923e+01  8.000000e+00  6.000000e+00
     vertex  3.361538e+01  8.000000e+00  6.000000e+00
     vertex  3.776923e+01  8.000000e+00  4.500000e+00
   endloop
 endfacet
 facet normal -0.000000e+00 -1.000000e+00  0.000000e+00
   outer loop
     vertex  3.361538e+01  8.000000e+00  1.050000e+01
     vertex  3.061538e+01  8.000000e+00  1.050000e+01
     vertex  3.061538e+01  8.000000e+00  6.000000e+00
   endloop
 endfacet
 facet normal  0.000000e+00 -1.000000e+00 -0.000000e+00
   outer loop
     vertex  3.361538e+01  8.000000e+00  1.050000e+01
     vertex  3.061538e+01  8.000000e+00  6.000000e+00
     vertex  3.361538e+01  8.000000e+00  6.000000e+00
   endloop
 endfacet
 facet normal  0.000000e+00 -1.000000e+00 -0.000000e+00
   outer loop
     vertex  4.076923e+01  8.000000e+00  4.500000e+00
     vertex  3.776923e+01  8.000000e+00  3.000000e+00
     vertex  4.076923e+01  8.000000e+00  3.000000e+00
   endloop
 endfacet
 facet normal -0.000000e+00 -1.000000e+00  0.000000e+00
   outer loop
     vertex  4.076923e+01  8.000000e+00  4.500000e+00
     vertex  3.776923e+01  8.000000e+00  4.500000e+00
     vertex  3.776923e+01  8.000000e+00  3.000000e+00
   endloop
 endfacet
 facet normal  0.000000e+00 -1.000000e+00 -0.000000e+00
   outer loop
     vertex  4.076923e+01  8.000000e+00  6.000000e+00
     vertex  3.776923e+01  8.000000e+00  4.500000e+00
     vertex  4.076923e+01  8.000000e+00  4.500000e+00
   endloop
 endfacet
 facet normal -0.000000e+00 -1.000000e+00  0.000000e+00
   outer loop
     vertex  4.076923e+01  8.000000e+00  6.000000e+00
     vertex  3.776923e+01  8.000000e+00  6.000000e+00
     vertex  3.776923e+01  8.000000e+00  4.500000e+00
   endloop
 endfacet
 facet normal  0.000000e+00 -1.000000e+00  0.000000e+00
   outer loop
     vertex  4.492308e+01  8.000000e+00  4.500000e+00
     vertex  4.076923e+01  8.000000e+00  6.000000e+00
     vertex  4.076923e+01  8.000000e+00  4.500000e+00
   endloop
 endfacet
 facet normal -0.000000e+00 -1.000000e+00 -0.000000e+00
   outer loop
     vertex  4.492308e+01  8.000000e+00  6.000000e+00
     vertex  4.076923e+01  8.000000e+00  6.000000e+00
     vertex  4.492308e+01  8.000000e+00  4.500000e+00
   endloop
 endfacet
 facet normal  0.000000e+00 -1.000000e+00  0.000000e+00
   outer loop
     vertex  4.792308e+01  8.000000e+00  3.000000e+00
     vertex  4.492308e+01  8.000000e+00  4.500000e+00
     vertex  4.492308e+01  8.000000e+00  3.000000e+00
   endloop
 endfacet
 facet normal  0.000000e+00 -1.000000e+00 -0.000000e+00
   outer loop
     vertex  4.076923e+01  8.000000e+00  1.050000e+01
     vertex  3.776923e+01  8.000000e+00  6.000000e+00
     vertex  4.076923e+01  8.000000e+00  6.000000e+00
   endloop
 endfacet
 facet normal -0.000000e+00 -1.000000e+00  0.000000e+00
   outer loop
     vertex  4.076923e+01  8.000000e+00  1.050000e+01
     vertex  3.776923e+01  8.000000e+00  1.050000e+01
     vertex  3.776923e+01  8.000000e+00  6.000000e+00
   endloop
 endfacet
 facet normal  0.000000e+00 -1.000000e+00  0.000000e+00
   outer loop
     vertex  4.792308e+01  8.000000e+00  4.500000e+00
     vertex  4.492308e+01  8.000000e+00  6.000000e+00
     vertex  4.492308e+01  8.000000e+00  4.500000e+00
   endloop
 endfacet
 facet normal -0.000000e+00 -1.000000e+00 -0.000000e+00
   outer loop
     vertex  4.792308e+01  8.000000e+00  4.500000e+00
     vertex  4.492308e+01  8.000000e+00  4.500000e+00
     vertex  4.792308e+01  8.000000e+00  3.000000e+00
   endloop
 endfacet
 facet normal -0.000000e+00 -1.000000e+00 -0.000000e+00
   outer loop
     vertex  4.792308e+01  8.000000e+00  6.000000e+00
     vertex  4.492308e+01  8.000000e+00  6.000000e+00
     vertex  4.792308e+01  8.000000e+00  4.500000e+00
   endloop
 endfacet
 facet normal -0.000000e+00 -1.000000e+00  0.000000e+00
   outer loop
     vertex  5.207692e+01  8.000000e+00  6.000000e+00
     vertex  4.792308e+01  8.000000e+00  6.000000e+00
     vertex  4.792308e+01  8.000000e+00  4.500000e+00
   endloop
 endfacet
 facet normal  0.000000e+00 -1.000000e+00 -0.000000e+00
   outer loop
     vertex  5.207692e+01  8.000000e+00  6.000000e+00
     vertex  4.792308e+01  8.000000e+00  4.500000e+00
     vertex  5.207692e+01  8.000000e+00  4.500000e+00
   endloop
 endfacet
 facet normal -0.000000e+00 -1.000000e+00  0.000000e+00
   outer loop
     vertex  4.792308e+01  8.000000e+00  1.050000e+01
     vertex  4.492308e+01  8.000000e+00  1.050000e+01
     vertex  4.492308e+01  8.000000e+00  6.000000e+00
   endloop
 endfacet
 facet normal  0.000000e+00 -1.000000e+00 -0.000000e+00
   outer loop
     vertex  4.792308e+01  8.000000e+00  1.050000e+01
     vertex  4.492308e+01  8.000000e+00  6.000000e+00
     vertex  4.792308e+01  8.000000e+00  6.000000e+00
   endloop
 endfacet
 facet normal  0.000000e+00 -1.000000e+00 -0.000000e+00
   outer loop
     vertex  5.507692e+01  8.000000e+00  4.500000e+00
     vertex  5.207692e+01  8.000000e+00  3.000000e+00
     vertex  5.507692e+01  8.000000e+00  3.000000e+00
   endloop
 endfacet
 facet normal -0.000000e+00 -1.000000e+00  0.000000e+00
   outer loop
     vertex  5.507692e+01  8.000000e+00  4.500000e+00
     vertex  5.207692e+01  8.000000e+00  4.500000e+00
     vertex  5.207692e+01  8.000000e+00  3.000000e+00
   endloop
 endfacet
 facet normal  0.000000e+00 -1.000000e+00 -0.000000e+00
   outer loop
     vertex  5.507692e+01  8.000000e+00  6.000000e+00
     vertex  5.207692e+01  8.000000e+00  4.500000e+00
     vertex  5.507692e+01  8.000000e+00  4.500000e+00
   endloop
 endfacet
 facet normal -0.000000e+00 -1.000000e+00  0.000000e+00
   outer loop
     vertex  5.507692e+01  8.000000e+00  6.000000e+00
     vertex  5.207692e+01  8.000000e+00  6.000000e+00
     vertex  5.207692e+01  8.000000e+00  4.500000e+00
   endloop
 endfacet
 facet normal  0.000000e+00 -1.000000e+00  0.000000e+00
   outer loop
     vertex  6.223077e+01  8.000000e+00  3.000000e+00
     vertex  5.923077e+01  8.000000e+00  4.500000e+00
     vertex  5.923077e+01  8.000000e+00  3.000000e+00
   endloop
 endfacet
 facet normal  0.000000e+00 -1.000000e+00 -0.000000e+00
   outer loop
     vertex  5.923077e+01  8.000000e+00  6.000000e+00
     vertex  5.507692e+01  8.000000e+00  4.500000e+00
     vertex  5.923077e+01  8.000000e+00  4.500000e+00
   endloop
 endfacet
 facet normal -0.000000e+00 -1.000000e+00  0.000000e+00
   outer loop
     vertex  5.923077e+01  8.000000e+00  6.000000e+00
     vertex  5.507692e+01  8.000000e+00  6.000000e+00
     vertex  5.507692e+01  8.000000e+00  4.500000e+00
   endloop
 endfacet
 facet normal  0.000000e+00 -1.000000e+00 -0.000000e+00
   outer loop
     vertex  5.507692e+01  8.000000e+00  1.050000e+01
     vertex  5.207692e+01  8.000000e+00  6.000000e+00
     vertex  5.507692e+01  8.000000e+00  6.000000e+00
   endloop
 endfacet
 facet normal -0.000000e+00 -1.000000e+00  0.000000e+00
   outer loop
     vertex  5.507692e+01  8.000000e+00  1.050000e+01
     vertex  5.207692e+01  8.000000e+00  1.050000e+01
     vertex  5.207692e+01  8.000000e+00  6.000000e+00
   endloop
 endfacet
 facet normal -0.000000e+00 -1.000000e+00 -0.000000e+00
   outer loop
     vertex  6.223077e+01  8.000000e+00  4.500000e+00
     vertex  5.923077e+01  8.000000e+00  4.500000e+00
     vertex  6.223077e+01  8.000000e+00  3.000000e+00
   endloop
 endfacet
 facet normal  0.000000e+00 -1.000000e+00  0.000000e+00
   outer loop
     vertex  6.223077e+01  8.000000e+00  4.500000e+00
     vertex  5.923077e+01  8.000000e+00  6.000000e+00
     vertex  5.923077e+01  8.000000e+00  4.500000e+00
   endloop
 endfacet
 facet normal -0.000000e+00 -1.000000e+00 -0.000000e+00
   outer loop
     vertex  6.223077e+01  8.000000e+00  6.000000e+00
     vertex  5.923077e+01  8.000000e+00  6.000000e+00
     vertex  6.223077e+01  8.000000e+00  4.500000e+00
   endloop
 endfacet
 facet normal  0.000000e+00 -1.000000e+00 -0.000000e+00
   outer loop
     vertex  6.638462e+01  8.000000e+00  6.000000e+00
     vertex  6.223077e+01  8.000000e+00  4.500000e+00
     vertex  6.638462e+01  8.000000e+00  4.500000e+00
   endloop
 endfacet
 facet normal -0.000000e+00 -1.000000e+00  0.000000e+00
   outer loop
     vertex  6.638462e+01  8.000000e+00  6.000000e+00
     vertex  6.223077e+01  8.000000e+00  6.000000e+00
     vertex  6.223077e+01  8.000000e+00  4.500000e+00
   endloop
 endfacet
 facet normal  0.000000e+00 -1.000000e+00 -0.000000e+00
   outer loop
     vertex  6.223077e+01  8.000000e+00  1.050000e+01
     vertex  5.923077e+01  8.000000e+00  6.000000e+00
     vertex  6.223077e+01  8.000000e+00  6.000000e+00
   endloop
 endfacet
 facet normal -0.000000e+00 -1.000000e+00  0.000000e+00
   outer loop
     vertex  6.223077e+01  8.000000e+00  1.050000e+01
     vertex  5.923077e+01  8.000000e+00  1.050000e+01
     vertex  5.923077e+01  8.000000e+00  6.000000e+00
   endloop
 endfacet
 facet normal  0.000000e+00 -1.000000e+00 -0.000000e+00
   outer loop
     vertex  6.938462e+01  8.000000e+00  4.500000e+00
     vertex  6.638462e+01  8.000000e+00  3.000000e+00
     vertex  6.938462e+01  8.000000e+00  3.000000e+00
   endloop
 endfacet
 facet normal -0.000000e+00 -1.000000e+00  0.000000e+00
   outer loop
     vertex  6.938462e+01  8.000000e+00  4.500000e+00
     vertex  6.638462e+01  8.000000e+00  4.500000e+00
     vertex  6.638462e+01  8.000000e+00  3.000000e+00
   endloop
 endfacet
 facet normal -0.000000e+00 -1.000000e+00  0.000000e+00
   outer loop
     vertex  6.938462e+01  8.000000e+00  6.000000e+00
     vertex  6.638462e+01  8.000000e+00  6.000000e+00
     vertex  6.638462e+01  8.000000e+00  4.500000e+00
   endloop
 endfacet
 facet normal  0.000000e+00 -1.000000e+00 -0.000000e+00
   outer loop
     vertex  6.938462e+01  8.000000e+00  6.000000e+00
     vertex  6.638462e+01  8.000000e+00  4.500000e+00
     vertex  6.938462e+01  8.000000e+00  4.500000e+00
   endloop
 endfacet
 facet normal  0.000000e+00 -1.000000e+00 -0.000000e+00
   outer loop
     vertex  7.353846e+01  8.000000e+00  6.000000e+00
     vertex  6.938462e+01  8.000000e+00  4.500000e+00
     vertex  7.353846e+01  8.000000e+00  4.500000e+00
   endloop
 endfacet
 facet normal -0.000000e+00 -1.000000e+00  0.000000e+00
   outer loop
     vertex  7.353846e+01  8.000000e+00  6.000000e+00
     vertex  6.938462e+01  8.000000e+00  6.000000e+00
     vertex  6.938462e+01  8.000000e+00  4.500000e+00
   endloop
 endfacet
 facet normal  0.000000e+00 -1.000000e+00 -0.000000e+00
   outer loop
     vertex  6.938462e+01  8.000000e+00  1.050000e+01
     vertex  6.638462e+01  8.000000e+00  6.000000e+00
     vertex  6.938462e+01  8.000000e+00  6.000000e+00
   endloop
 endfacet
 facet normal -0.000000e+00 -1.000000e+00  0.000000e+00
   outer loop
     vertex  6.938462e+01  8.000000e+00  1.050000e+01
     vertex  6.638462e+01  8.000000e+00  1.050000e+01
     vertex  6.638462e+01  8.000000e+00  6.000000e+00
   endloop
 endfacet
 facet normal  0.000000e+00 -1.000000e+00 -0.000000e+00
   outer loop
     vertex  7.653846e+01  8.000000e+00  4.500000e+00
     vertex  7.353846e+01  8.000000e+00  3.000000e+00
     vertex  7.653846e+01  8.000000e+00  3.000000e+00
   endloop
 endfacet
 facet normal -0.000000e+00 -1.000000e+00  0.000000e+00
   outer loop
     vertex  7.653846e+01  8.000000e+00  4.500000e+00
     vertex  7.353846e+01  8.000000e+00  4.500000e+00
     vertex  7.353846e+01  8.000000e+00  3.000000e+00
   endloop
 endfacet
 facet normal -0.000000e+00 -1.000000e+00  0.000000e+00
   outer loop
     vertex  7.653846e+01  8.000000e+00  6.000000e+00
     vertex  7.353846e+01  8.000000e+00  6.000000e+00
     vertex  7.353846e+01  8.000000e+00  4.500000e+00
   endloop
 endfacet
 facet normal  0.000000e+00 -1.000000e+00 -0.000000e+00
   outer loop
     vertex  7.653846e+01  8.000000e+00  6.000000e+00
     vertex  7.353846e+01  8.000000e+00  4.500000e+00
     vertex  7.653846e+01  8.000000e+00  4.500000e+00
   endloop
 endfacet
 facet normal  0.000000e+00 -1.000000e+00  0.000000e+00
   outer loop
     vertex  8.369231e+01  8.000000e+00  3.000000e+00
     vertex  8.069231e+01  8.000000e+00  4.500000e+00
     vertex  8.069231e+01  8.000000e+00  3.000000e+00
   endloop
 endfacet
 facet normal  0.000000e+00 -1.000000e+00 -0.000000e+00
   outer loop
     vertex  8.069231e+01  8.000000e+00  6.000000e+00
     vertex  7.653846e+01  8.000000e+00  4.500000e+00
     vertex  8.069231e+01  8.000000e+00  4.500000e+00
   endloop
 endfacet
 facet normal -0.000000e+00 -1.000000e+00  0.000000e+00
   outer loop
     vertex  8.069231e+01  8.000000e+00  6.000000e+00
     vertex  7.653846e+01  8.000000e+00  6.000000e+00
     vertex  7.653846e+01  8.000000e+00  4.500000e+00
   endloop
 endfacet
 facet normal  0.000000e+00 -1.000000e+00 -0.000000e+00
   outer loop
     vertex  7.653846e+01  8.000000e+00  1.050000e+01
     vertex  7.353846e+01  8.000000e+00  6.000000e+00
     vertex  7.653846e+01  8.000000e+00  6.000000e+00
   endloop
 endfacet
 facet normal -0.000000e+00 -1.000000e+00  0.000000e+00
   outer loop
     vertex  7.653846e+01  8.000000e+00  1.050000e+01
     vertex  7.353846e+01  8.000000e+00  1.050000e+01
     vertex  7.353846e+01  8.000000e+00  6.000000e+00
   endloop
 endfacet
 facet normal  0.000000e+00 -1.000000e+00  0.000000e+00
   outer loop
     vertex  8.369231e+01  8.000000e+00  4.500000e+00
     vertex  8.069231e+01  8.000000e+00  6.000000e+00
     vertex  8.069231e+01  8.000000e+00  4.500000e+00
   endloop
 endfacet
 facet normal -0.000000e+00 -1.000000e+00 -0.000000e+00
   outer loop
     vertex  8.369231e+01  8.000000e+00  4.500000e+00
     vertex  8.069231e+01  8.000000e+00  4.500000e+00
     vertex  8.369231e+01  8.000000e+00  3.000000e+00
   endloop
 endfacet
 facet normal -0.000000e+00 -1.000000e+00 -0.000000e+00
   outer loop
     vertex  8.369231e+01  8.000000e+00  6.000000e+00
     vertex  8.069231e+01  8.000000e+00  6.000000e+00
     vertex  8.369231e+01  8.000000e+00  4.500000e+00
   endloop
 endfacet
 facet normal  0.000000e+00 -1.000000e+00 -0.000000e+00
   outer loop
     vertex  8.784615e+01  8.000000e+00  6.000000e+00
     vertex  8.369231e+01  8.000000e+00  4.500000e+00
     vertex  8.784615e+01  8.000000e+00  4.500000e+00
   endloop
 endfacet
 facet normal -0.000000e+00 -1.000000e+00  0.000000e+00
   outer loop
     vertex  8.784615e+01  8.000000e+00  6.000000e+00
     vertex  8.369231e+01  8.000000e+00  6.000000e+00
     vertex  8.369231e+01  8.000000e+00  4.500000e+00
   endloop
 endfacet
 facet normal  0.000000e+00 -1.000000e+00 -0.000000e+00
   outer loop
     vertex  8.369231e+01  8.000000e+00  1.050000e+01
     vertex  8.069231e+01  8.000000e+00  6.000000e+00
     vertex  8.369231e+01  8.000000e+00  6.000000e+00
   endloop
 endfacet
 facet normal -0.000000e+00 -1.000000e+00  0.000000e+00
   outer loop
     vertex  8.369231e+01  8.000000e+00  1.050000e+01
     vertex  8.069231e+01  8.000000e+00  1.050000e+01
     vertex  8.069231e+01  8.000000e+00  6.000000e+00
   endloop
 endfacet
 facet normal  0.000000e+00 -1.000000e+00 -0.000000e+00
   outer loop
     vertex  9.084615e+01  8.000000e+00  4.500000e+00
     vertex  8.784615e+01  8.000000e+00  3.000000e+00
     vertex  9.084615e+01  8.000000e+00  3.000000e+00
   endloop
 endfacet
 facet normal -0.000000e+00 -1.000000e+00  0.000000e+00
   outer loop
     vertex  9.084615e+01  8.000000e+00  4.500000e+00
     vertex  8.784615e+01  8.000000e+00  4.500000e+00
     vertex  8.784615e+01  8.000000e+00  3.000000e+00
   endloop
 endfacet
 facet normal  0.000000e+00 -1.000000e+00 -0.000000e+00
   outer loop
     vertex  9.084615e+01  8.000000e+00  6.000000e+00
     vertex  8.784615e+01  8.000000e+00  4.500000e+00
     vertex  9.084615e+01  8.000000e+00  4.500000e+00
   endloop
 endfacet
 facet normal -0.000000e+00 -1.000000e+00  0.000000e+00
   outer loop
     vertex  9.084615e+01  8.000000e+00  6.000000e+00
     vertex  8.784615e+01  8.000000e+00  6.000000e+00
     vertex  8.784615e+01  8.000000e+00  4.500000e+00
   endloop
 endfacet
 facet normal  0.000000e+00 -1.000000e+00  0.000000e+00
   outer loop
     vertex  8.784615e+01  8.000000e+00  1.050000e+01
     vertex  8.784615e+01  8.000000e+00  6.000000e+00
     vertex  9.084615e+01  8.000000e+00  6.000000e+00
   endloop
 endfacet
 facet normal  0.000000e+00 -1.000000e+00  0.000000e+00
   outer loop
     vertex  9.800000e+01  8.000000e+00  3.000000e+00
     vertex  9.500000e+01  8.000000e+00  4.500000e+00
     vertex  9.500000e+01  8.000000e+00  3.000000e+00
   endloop
 endfacet
 facet normal  0.000000e+00 -1.000000e+00 -0.000000e+00
   outer loop
     vertex  9.500000e+01  8.000000e+00  6.000000e+00
     vertex  9.084615e+01  8.000000e+00  4.500000e+00
     vertex  9.500000e+01  8.000000e+00  4.500000e+00
   endloop
 endfacet
 facet normal -0.000000e+00 -1.000000e+00  0.000000e+00
   outer loop
     vertex  9.500000e+01  8.000000e+00  6.000000e+00
     vertex  9.084615e+01  8.000000e+00  6.000000e+00
     vertex  9.084615e+01  8.000000e+00  4.500000e+00
   endloop
 endfacet
 facet normal  0.000000e+00 -1.000000e+00  0.000000e+00
   outer loop
     vertex  9.500000e+01  8.000000e+00  6.000000e+00
     vertex  9.500000e+01  8.000000e+00  4.500000e+00
     vertex  9.800000e+01  8.000000e+00  3.000000e+00
   endloop
 endfacet
 facet normal -0.000000e+00 -1.000000e+00 -0.000000e+00
   outer loop
     vertex  9.084615e+01  8.000000e+00  1.050000e+01
     vertex  8.784615e+01  8.000000e+00  1.050000e+01
     vertex  9.084615e+01  8.000000e+00  6.000000e+00
   endloop
 endfacet
 facet normal  0.000000e+00 -1.000000e+00  0.000000e+00
   outer loop
     vertex  9.800000e+01  8.000000e+00  1.200000e+01
     vertex  8.369231e+01  8.000000e+00  1.050000e+01
     vertex  8.784615e+01  8.000000e+00  1.050000e+01
   endloop
 endfacet
 facet normal  0.000000e+00 -1.000000e+00  0.000000e+00
   outer loop
     vertex  9.800000e+01  8.000000e+00  1.200000e+01
     vertex  8.069231e+01  8.000000e+00  1.050000e+01
     vertex  8.369231e+01  8.000000e+00  1.050000e+01
   endloop
 endfacet
 facet normal  0.000000e+00 -1.000000e+00  0.000000e+00
   outer loop
     vertex  9.800000e+01  8.000000e+00  1.200000e+01
     vertex  9.500000e+01  8.000000e+00  1.050000e+01
     vertex  9.500000e+01  8.000000e+00  6.000000e+00
   endloop
 endfacet
 facet normal  0.000000e+00 -1.000000e+00  0.000000e+00
   outer loop
     vertex  9.800000e+01  8.000000e+00  1.200000e+01
     vertex  9.084615e+01  8.000000e+00  1.050000e+01
     vertex  9.500000e+01  8.000000e+00  1.050000e+01
   endloop
 endfacet
 facet normal  0.000000e+00 -1.000000e+00  0.000000e+00
   outer loop
     vertex  9.800000e+01  8.000000e+00  1.200000e+01
     vertex  8.784615e+01  8.000000e+00  1.050000e+01
     vertex  9.084615e+01  8.000000e+00  1.050000e+01
   endloop
 endfacet
 facet normal  0.000000e+00 -1.000000e+00 -0.000000e+00
   outer loop
     vertex  9.800000e+01  8.000000e+00  1.200000e+01
     vertex  9.500000e+01  8.000000e+00  6.000000e+00
     vertex  9.800000e+01  8.000000e+00  3.000000e+00
   endloop
 endfacet
 facet normal  0.000000e+00 -1.000000e+00  0.000000e+00
   outer loop
     vertex  2.000000e+00  8.000000e+00  1.200000e+01
     vertex  8.069231e+01  8.000000e+00  1.050000e+01
     vertex  9.800000e+01  8.000000e+00  1.200000e+01
   endloop
 endfacet
 facet normal  0.000000e+00 -1.000000e+00  0.000000e+00
   outer loop
     vertex  2.000000e+00  8.000000e+00  1.200000e+01
     vertex  7.653846e+01  8.000000e+00  1.050000e+01
     vertex  8.069231e+01  8.000000e+00  1.050000e+01
   endloop
 endfacet
 facet normal  0.000000e+00 -1.000000e+00  0.000000e+00
   outer loop
     vertex  2.000000e+00  8.000000e+00  1.200000e+01
     vertex  7.353846e+01  8.000000e+00  1.050000e+01
     vertex  7.653846e+01  8.000000e+00  1.050000e+01
   endloop
 endfacet
 facet normal  0.000000e+00 -1.000000e+00  0.000000e+00
   outer loop
     vertex  2.000000e+00  8.000000e+00  1.200000e+01
     vertex  6.938462e+01  8.000000e+00  1.050000e+01
     vertex  7.353846e+01  8.000000e+00  1.050000e+01
   endloop
 endfacet
 facet normal  0.000000e+00 -1.000000e+00  0.000000e+00
   outer loop
     vertex  2.000000e+00  8.000000e+00  1.200000e+01
     vertex  6.638462e+01  8.000000e+00  1.050000e+01
     vertex  6.938462e+01  8.000000e+00  1.050000e+01
   endloop
 endfacet
 facet normal  0.000000e+00 -1.000000e+00  0.000000e+00
   outer loop
     vertex  2.000000e+00  8.000000e+00  1.200000e+01
     vertex  6.223077e+01  8.000000e+00  1.050000e+01
     vertex  6.638462e+01  8.000000e+00  1.050000e+01
   endloop
 endfacet
 facet normal  0.000000e+00 -1.000000e+00  0.000000e+00
   outer loop
     vertex  2.000000e+00  8.000000e+00  1.200000e+01
     vertex  5.923077e+01  8.000000e+00  1.050000e+01
     vertex  6.223077e+01  8.000000e+00  1.050000e+01
   endloop
 endfacet
 facet normal  0.000000e+00 -1.000000e+00  0.000000e+00
   outer loop
     vertex  2.000000e+00  8.000000e+00  1.200000e+01
     vertex  5.507692e+01  8.000000e+00  1.050000e+01
     vertex  5.923077e+01  8.000000e+00  1.050000e+01
   endloop
 endfacet
 facet normal  0.000000e+00 -1.000000e+00  0.000000e+00
   outer loop
     vertex  2.000000e+00  8.000000e+00  1.200000e+01
     vertex  5.207692e+01  8.000000e+00  1.050000e+01
     vertex  5.507692e+01  8.000000e+00  1.050000e+01
   endloop
 endfacet
 facet normal  0.000000e+00 -1.000000e+00  0.000000e+00
   outer loop
     vertex  2.000000e+00  8.000000e+00  1.200000e+01
     vertex  4.792308e+01  8.000000e+00  1.050000e+01
     vertex  5.207692e+01  8.000000e+00  1.050000e+01
   endloop
 endfacet
 facet normal  0.000000e+00 -1.000000e+00  0.000000e+00
   outer loop
     vertex  2.000000e+00  8.000000e+00  1.200000e+01
     vertex  4.492308e+01  8.000000e+00  1.050000e+01
     vertex  4.792308e+01  8.000000e+00  1.050000e+01
   endloop
 endfacet
 facet normal  0.000000e+00 -1.000000e+00  0.000000e+00
   outer loop
     vertex  2.000000e+00  8.000000e+00  1.200000e+01
     vertex  4.076923e+01  8.000000e+00  1.050000e+01
     vertex  4.492308e+01  8.000000e+00  1.050000e+01
   endloop
 endfacet
 facet normal  0.000000e+00 -1.000000e+00  0.000000e+00
   outer loop
     vertex  2.000000e+00  8.000000e+00  1.200000e+01
     vertex  3.776923e+01  8.000000e+00  1.050000e+01
     vertex  4.076923e+01  8.000000e+00  1.050000e+01
   endloop
 endfacet
 facet normal  0.000000e+00 -1.000000e+00  0.000000e+00
   outer loop
     vertex  2.000000e+00  8.000000e+00  1.200000e+01
     vertex  3.361538e+01  8.000000e+00  1.050000e+01
     vertex  3.776923e+01  8.000000e+00  1.050000e+01
   endloop
 endfacet
 facet normal  0.000000e+00 -1.000000e+00  0.000000e+00
   outer loop
     vertex  2.000000e+00  8.000000e+00  1.200000e+01
     vertex  3.061538e+01  8.000000e+00  1.050000e+01
     vertex  3.361538e+01  8.000000e+00  1.050000e+01
   endloop
 endfacet
 facet normal  0.000000e+00 -1.000000e+00  0.000000e+00
   outer loop
     vertex  2.000000e+00  8.000000e+00  1.200000e+01
     vertex  2.646154e+01  8.000000e+00  1.050000e+01
     vertex  3.061538e+01  8.000000e+00  1.050000e+01
   endloop
 endfacet
 facet normal  0.000000e+00 -1.000000e+00  0.000000e+00
   outer loop
     vertex  2.000000e+00  8.000000e+00  1.200000e+01
     vertex  2.346154e+01  8.000000e+00  1.050000e+01
     vertex  2.646154e+01  8.000000e+00  1.050000e+01
   endloop
 endfacet
 facet normal  0.000000e+00 -1.000000e+00  0.000000e+00
   outer loop
     vertex  2.000000e+00  8.000000e+00  1.200000e+01
     vertex  1.930769e+01  8.000000e+00  1.050000e+01
     vertex  2.346154e+01  8.000000e+00  1.050000e+01
   endloop
 endfacet
 facet normal  0.000000e+00 -1.000000e+00  0.000000e+00
   outer loop
     vertex  2.000000e+00  8.000000e+00  1.200000e+01
     vertex  1.630769e+01  8.000000e+00  1.050000e+01
     vertex  1.930769e+01  8.000000e+00  1.050000e+01
   endloop
 endfacet
 facet normal  0.000000e+00  1.000000e+00  0.000000e+00
   outer loop
     vertex  5.000000e+00  1.000000e+01  4.500000e+00
     vertex  5.000000e+00  1.000000e+01  3.000000e+00
     vertex  2.000000e+00  1.000000e+01  3.000000e+00
   endloop
 endfacet
 facet normal  0.000000e+00  1.000000e+00  0.000000e+00
   outer loop
     vertex  5.000000e+00  1.000000e+01  6.000000e+00
     vertex  5.000000e+00  1.000000e+01  4.500000e+00
     vertex  2.000000e+00  1.000000e+01  3.000000e+00
   endloop
 endfacet
 facet normal  0.000000e+00  1.000000e+00  0.000000e+00
   outer loop
     vertex  2.000000e+00  1.000000e+01  1.200000e+01
     vertex  5.000000e+00  1.000000e+01  6.000000e+00
     vertex  2.000000e+00  1.000000e+01  3.000000e+00
   endloop
 endfacet
 facet normal  0.000000e+00  1.000000e+00  0.000000e+00
   outer loop
     vertex  9.153846e+00  1.000000e+01  6.000000e+00
     vertex  5.000000e+00  1.000000e+01  4.500000e+00
     vertex  5.000000e+00  1.000000e+01  6.000000e+00
   endloop
 endfacet
 facet normal  0.000000e+00  1.000000e+00  0.000000e+00
   outer loop
     vertex  9.153846e+00  1.000000e+01  6.000000e+00
     vertex  9.153846e+00  1.000000e+01  4.500000e+00
     vertex  5.000000e+00  1.000000e+01  4.500000e+00
   endloop
 endfacet
 facet normal  0.000000e+00  1.000000e+00  0.000000e+00
   outer loop
     vertex  5.000000e+00  1.000000e+01  1.050000e+01
     vertex  5.000000e+00  1.000000e+01  6.000000e+00
     vertex  2.000000e+00  1.000000e+01  1.200000e+01
   endloop
 endfacet
 facet normal  0.000000e+00  1.000000e+00  0.000000e+00
   outer loop
     vertex  1.215385e+01  1.000000e+01  4.500000e+00
     vertex  1.215385e+01  1.000000e+01  3.000000e+00
     vertex  9.153846e+00  1.000000e+01  3.000000e+00
   endloop
 endfacet
 facet normal  0.000000e+00  1.000000e+00  0.000000e+00
   outer loop
     vertex  1.215385e+01  1.000000e+01  4.500000e+00
     vertex  9.153846e+00  1.000000e+01  3.000000e+00
     vertex  9.153846e+00  1.000000e+01  4.500000e+00
   endloop
 endfacet
 facet normal  0.000000e+00  1.000000e+00  0.000000e+00
   outer loop
     vertex  1.215385e+01  1.000000e+01  6.000000e+00
     vertex  1.215385e+01  1.000000e+01  4.500000e+00
     vertex  9.153846e+00  1.000000e+01  4.500000e+00
   endloop
 endfacet
 facet normal  0.000000e+00  1.000000e+00  0.000000e+00
   outer loop
     vertex  1.215385e+01  1.000000e+01  6.000000e+00
     vertex  9.153846e+00  1.000000e+01  4.500000e+00
     vertex  9.153846e+00  1.000000e+01  6.000000e+00
   endloop
 endfacet
 facet normal  0.000000e+00  1.000000e+00  0.000000e+00
   outer loop
     vertex  9.153846e+00  1.000000e+01  1.050000e+01
     vertex  5.000000e+00  1.000000e+01  1.050000e+01
     vertex  2.000000e+00  1.000000e+01  1.200000e+01
   endloop
 endfacet
 facet normal  0.000000e+00  1.000000e+00  0.000000e+00
   outer loop
     vertex  1.930769e+01  1.000000e+01  3.000000e+00
     vertex  1.630769e+01  1.000000e+01  3.000000e+00
     vertex  1.630769e+01  1.000000e+01  4.500000e+00
   endloop
 endfacet
 facet normal  0.000000e+00  1.000000e+00  0.000000e+00
   outer loop
     vertex  1.630769e+01  1.000000e+01  6.000000e+00
     vertex  1.215385e+01  1.000000e+01  4.500000e+00
     vertex  1.215385e+01  1.000000e+01  6.000000e+00
   endloop
 endfacet
 facet normal  0.000000e+00  1.000000e+00  0.000000e+00
   outer loop
     vertex  1.630769e+01  1.000000e+01  6.000000e+00
     vertex  1.630769e+01  1.000000e+01  4.500000e+00
     vertex  1.215385e+01  1.000000e+01  4.500000e+00
   endloop
 endfacet
 facet normal  0.000000e+00  1.000000e+00  0.000000e+00
   outer loop
     vertex  1.215385e+01  1.000000e+01  1.050000e+01
     vertex  9.153846e+00  1.000000e+01  1.050000e+01
     vertex  2.000000e+00  1.000000e+01  1.200000e+01
   endloop
 endfacet
 facet normal  0.000000e+00  1.000000e+00  0.000000e+00
   outer loop
     vertex  1.215385e+01  1.000000e+01  1.050000e+01
     vertex  1.215385e+01  1.000000e+01  6.000000e+00
     vertex  9.153846e+00  1.000000e+01  6.000000e+00
   endloop
 endfacet
 facet normal  0.000000e+00  1.000000e+00  0.000000e+00
   outer loop
     vertex  1.215385e+01  1.000000e+01  1.050000e+01
     vertex  9.153846e+00  1.000000e+01  6.000000e+00
     vertex  9.153846e+00  1.000000e+01  1.050000e+01
   endloop
 endfacet
 facet normal  0.000000e+00  1.000000e+00  0.000000e+00
   outer loop
     vertex  1.930769e+01  1.000000e+01  4.500000e+00
     vertex  1.930769e+01  1.000000e+01  3.000000e+00
     vertex  1.630769e+01  1.000000e+01  4.500000e+00
   endloop
 endfacet
 facet normal  0.000000e+00  1.000000e+00  0.000000e+00
   outer loop
     vertex  1.930769e+01  1.000000e+01  4.500000e+00
     vertex  1.630769e+01  1.000000e+01  4.500000e+00
     vertex  1.630769e+01  1.000000e+01  6.000000e+00
   endloop
 endfacet
 facet normal  0.000000e+00  1.000000e+00  0.000000e+00
   outer loop
     vertex  1.930769e+01  1.000000e+01  6.000000e+00
     vertex  1.930769e+01  1.000000e+01  4.500000e+00
     vertex  1.630769e+01  1.000000e+01  6.000000e+00
   endloop
 endfacet
 facet normal  0.000000e+00  1.000000e+00  0.000000e+00
   outer loop
     vertex  1.630769e+01  1.000000e+01  1.050000e+01
     vertex  1.215385e+01  1.000000e+01  1.050000e+01
     vertex  2.000000e+00  1.000000e+01  1.200000e+01
   endloop
 endfacet
 facet normal  0.000000e+00  1.000000e+00  0.000000e+00
   outer loop
     vertex  1.630769e+01  1.000000e+01  1.050000e+01
     vertex  1.930769e+01  1.000000e+01  6.000000e+00
     vertex  1.630769e+01  1.000000e+01  6.000000e+00
   endloop
 endfacet
 facet normal  0.000000e+00  1.000000e+00  0.000000e+00
   outer loop
     vertex  2.346154e+01  1.000000e+01  6.000000e+00
     vertex  2.346154e+01  1.000000e+01  4.500000e+00
     vertex  1.930769e+01  1.000000e+01  4.500000e+00
   endloop
 endfacet
 facet normal  0.000000e+00  1.000000e+00  0.000000e+00
   outer loop
     vertex  2.346154e+01  1.000000e+01  6.000000e+00
     vertex  1.930769e+01  1.000000e+01  4.500000e+00
     vertex  1.930769e+01  1.000000e+01  6.000000e+00
   endloop
 endfacet
 facet normal  0.000000e+00  1.000000e+00  0.000000e+00
   outer loop
     vertex  1.930769e+01  1.000000e+01  1.050000e+01
     vertex  1.930769e+01  1.000000e+01  6.000000e+00
     vertex  1.630769e+01  1.000000e+01  1.050000e+01
   endloop
 endfacet
 facet normal  0.000000e+00  1.000000e+00  0.000000e+00
   outer loop
     vertex  2.646154e+01  1.000000e+01  4.500000e+00
     vertex  2.646154e+01  1.000000e+01  3.000000e+00
     vertex  2.346154e+01  1.000000e+01  3.000000e+00
   endloop
 endfacet
 facet normal  0.000000e+00  1.000000e+00  0.000000e+00
   outer loop
     vertex  2.646154e+01  1.000000e+01  4.500000e+00
     vertex  2.346154e+01  1.000000e+01  3.000000e+00
     vertex  2.346154e+01  1.000000e+01  4.500000e+00
   endloop
 endfacet
 facet normal  0.000000e+00  1.000000e+00  0.000000e+00
   outer loop
     vertex  2.646154e+01  1.000000e+01  6.000000e+00
     vertex  2.646154e+01  1.000000e+01  4.500000e+00
     vertex  2.346154e+01  1.000000e+01  4.500000e+00
   endloop
 endfacet
 facet normal  0.000000e+00  1.000000e+00  0.000000e+00
   outer loop
     vertex  2.646154e+01  1.000000e+01  6.000000e+00
     vertex  2.346154e+01  1.000000e+01  4.500000e+00
     vertex  2.346154e+01  1.000000e+01  6.000000e+00
   endloop
 endfacet
 facet normal  0.000000e+00  1.000000e+00  0.000000e+00
   outer loop
     vertex  2.346154e+01  1.000000e+01  1.050000e+01
     vertex  2.646154e+01  1.000000e+01  6.000000e+00
     vertex  2.346154e+01  1.000000e+01  6.000000e+00
   endloop
 endfacet
 facet normal  0.000000e+00  1.000000e+00  0.000000e+00
   outer loop
     vertex  3.061538e+01  1.000000e+01  6.000000e+00
     vertex  3.061538e+01  1.000000e+01  4.500000e+00
     vertex  2.646154e+01  1.000000e+01  4.500000e+00
   endloop
 endfacet
 facet normal  0.000000e+00  1.000000e+00  0.000000e+00
   outer loop
     vertex  3.061538e+01  1.000000e+01  6.000000e+00
     vertex  2.646154e+01  1.000000e+01  4.500000e+00
     vertex  2.646154e+01  1.000000e+01  6.000000e+00
   endloop
 endfacet
 facet normal  0.000000e+00  1.000000e+00  0.000000e+00
   outer loop
     vertex  2.646154e+01  1.000000e+01  1.050000e+01
     vertex  2.646154e+01  1.000000e+01  6.000000e+00
     vertex  2.346154e+01  1.000000e+01  1.050000e+01
   endloop
 endfacet
 facet normal  0.000000e+00  1.000000e+00  0.000000e+00
   outer loop
     vertex  3.361538e+01  1.000000e+01  4.500000e+00
     vertex  3.361538e+01  1.000000e+01  3.000000e+00
     vertex  3.061538e+01  1.000000e+01  3.000000e+00
   endloop
 endfacet
 facet normal  0.000000e+00  1.000000e+00  0.000000e+00
   outer loop
     vertex  3.361538e+01  1.000000e+01  4.500000e+00
     vertex  3.061538e+01  1.000000e+01  3.000000e+00
     vertex  3.061538e+01  1.000000e+01  4.500000e+00
   endloop
 endfacet
 facet normal  0.000000e+00  1.000000e+00  0.000000e+00
   outer loop
     vertex  3.361538e+01  1.000000e+01  6.000000e+00
     vertex  3.061538e+01  1.000000e+01  4.500000e+00
     vertex  3.061538e+01  1.000000e+01  6.000000e+00
   endloop
 endfacet
 facet normal  0.000000e+00  1.000000e+00  0.000000e+00
   outer loop
     vertex  3.361538e+01  1.000000e+01  6.000000e+00
     vertex  3.361538e+01  1.000000e+01  4.500000e+00
     vertex  3.061538e+01  1.000000e+01  4.500000e+00
   endloop
 endfacet
 facet normal  0.000000e+00  1.000000e+00  0.000000e+00
   outer loop
     vertex  3.776923e+01  1.000000e+01  4.500000e+00
     vertex  3.361538e+01  1.000000e+01  4.500000e+00
     vertex  3.361538e+01  1.000000e+01  6.000000e+00
   endloop
 endfacet
 facet normal  0.000000e+00  1.000000e+00  0.000000e+00
   outer loop
     vertex  3.776923e+01  1.000000e+01  6.000000e+00
     vertex  3.776923e+01  1.000000e+01  4.500000e+00
     vertex  3.361538e+01  1.000000e+01  6.000000e+00
   endloop
 endfacet
 facet normal  0.000000e+00  1.000000e+00  0.000000e+00
   outer loop
     vertex  3.361538e+01  1.000000e+01  1.050000e+01
     vertex  3.061538e+01  1.000000e+01  6.000000e+00
     vertex  3.061538e+01  1.000000e+01  1.050000e+01
   endloop
 endfacet
 facet normal  0.000000e+00  1.000000e+00  0.000000e+00
   outer loop
     vertex  3.361538e+01  1.000000e+01  1.050000e+01
     vertex  3.361538e+01  1.000000e+01  6.000000e+00
     vertex  3.061538e+01  1.000000e+01  6.000000e+00
   endloop
 endfacet
 facet normal  0.000000e+00  1.000000e+00  0.000000e+00
   outer loop
     vertex  4.076923e+01  1.000000e+01  4.500000e+00
     vertex  4.076923e+01  1.000000e+01  3.000000e+00
     vertex  3.776923e+01  1.000000e+01  3.000000e+00
   endloop
 endfacet
 facet normal  0.000000e+00  1.000000e+00  0.000000e+00
   outer loop
     vertex  4.076923e+01  1.000000e+01  4.500000e+00
     vertex  3.776923e+01  1.000000e+01  3.000000e+00
     vertex  3.776923e+01  1.000000e+01  4.500000e+00
   endloop
 endfacet
 facet normal  0.000000e+00  1.000000e+00  0.000000e+00
   outer loop
     vertex  4.076923e+01  1.000000e+01  6.000000e+00
     vertex  4.076923e+01  1.000000e+01  4.500000e+00
     vertex  3.776923e+01  1.000000e+01  4.500000e+00
   endloop
 endfacet
 facet normal  0.000000e+00  1.000000e+00  0.000000e+00
   outer loop
     vertex  4.076923e+01  1.000000e+01  6.000000e+00
     vertex  3.776923e+01  1.000000e+01  4.500000e+00
     vertex  3.776923e+01  1.000000e+01  6.000000e+00
   endloop
 endfacet
 facet normal  0.000000e+00  1.000000e+00  0.000000e+00
   outer loop
     vertex  4.492308e+01  1.000000e+01  4.500000e+00
     vertex  4.076923e+01  1.000000e+01  4.500000e+00
     vertex  4.076923e+01  1.000000e+01  6.000000e+00
   endloop
 endfacet
 facet normal  0.000000e+00  1.000000e+00  0.000000e+00
   outer loop
     vertex  4.492308e+01  1.000000e+01  6.000000e+00
     vertex  4.492308e+01  1.000000e+01  4.500000e+00
     vertex  4.076923e+01  1.000000e+01  6.000000e+00
   endloop
 endfacet
 facet normal  0.000000e+00  1.000000e+00  0.000000e+00
   outer loop
     vertex  4.792308e+01  1.000000e+01  3.000000e+00
     vertex  4.492308e+01  1.000000e+01  3.000000e+00
     vertex  4.492308e+01  1.000000e+01  4.500000e+00
   endloop
 endfacet
 facet normal  0.000000e+00  1.000000e+00  0.000000e+00
   outer loop
     vertex  4.076923e+01  1.000000e+01  1.050000e+01
     vertex  4.076923e+01  1.000000e+01  6.000000e+00
     vertex  3.776923e+01  1.000000e+01  6.000000e+00
   endloop
 endfacet
 facet normal  0.000000e+00  1.000000e+00  0.000000e+00
   outer loop
     vertex  4.076923e+01  1.000000e+01  1.050000e+01
     vertex  3.776923e+01  1.000000e+01  6.000000e+00
     vertex  3.776923e+01  1.000000e+01  1.050000e+01
   endloop
 endfacet
 facet normal  0.000000e+00  1.000000e+00  0.000000e+00
   outer loop
     vertex  4.792308e+01  1.000000e+01  4.500000e+00
     vertex  4.492308e+01  1.000000e+01  4.500000e+00
     vertex  4.492308e+01  1.000000e+01  6.000000e+00
   endloop
 endfacet
 facet normal  0.000000e+00  1.000000e+00  0.000000e+00
   outer loop
     vertex  4.792308e+01  1.000000e+01  4.500000e+00
     vertex  4.792308e+01  1.000000e+01  3.000000e+00
     vertex  4.492308e+01  1.000000e+01  4.500000e+00
   endloop
 endfacet
 facet normal  0.000000e+00  1.000000e+00  0.000000e+00
   outer loop
     vertex  4.792308e+01  1.000000e+01  6.000000e+00
     vertex  4.792308e+01  1.000000e+01  4.500000e+00
     vertex  4.492308e+01  1.000000e+01  6.000000e+00
   endloop
 endfacet
 facet normal  0.000000e+00  1.000000e+00  0.000000e+00
   outer loop
     vertex  5.207692e+01  1.000000e+01  6.000000e+00
     vertex  4.792308e+01  1.000000e+01  4.500000e+00
     vertex  4.792308e+01  1.000000e+01  6.000000e+00
   endloop
 endfacet
 facet normal  0.000000e+00  1.000000e+00  0.000000e+00
   outer loop
     vertex  5.207692e+01  1.000000e+01  6.000000e+00
     vertex  5.207692e+01  1.000000e+01  4.500000e+00
     vertex  4.792308e+01  1.000000e+01  4.500000e+00
   endloop
 endfacet
 facet normal  0.000000e+00  1.000000e+00  0.000000e+00
   outer loop
     vertex  4.792308e+01  1.000000e+01  1.050000e+01
     vertex  4.492308e+01  1.000000e+01  6.000000e+00
     vertex  4.492308e+01  1.000000e+01  1.050000e+01
   endloop
 endfacet
 facet normal  0.000000e+00  1.000000e+00  0.000000e+00
   outer loop
     vertex  4.792308e+01  1.000000e+01  1.050000e+01
     vertex  4.792308e+01  1.000000e+01  6.000000e+00
     vertex  4.492308e+01  1.000000e+01  6.000000e+00
   endloop
 endfacet
 facet normal  0.000000e+00  1.000000e+00  0.000000e+00
   outer loop
     vertex  5.507692e+01  1.000000e+01  4.500000e+00
     vertex  5.507692e+01  1.000000e+01  3.000000e+00
     vertex  5.207692e+01  1.000000e+01  3.000000e+00
   endloop
 endfacet
 facet normal  0.000000e+00  1.000000e+00  0.000000e+00
   outer loop
     vertex  5.507692e+01  1.000000e+01  4.500000e+00
     vertex  5.207692e+01  1.000000e+01  3.000000e+00
     vertex  5.207692e+01  1.000000e+01  4.500000e+00
   endloop
 endfacet
 facet normal  0.000000e+00  1.000000e+00  0.000000e+00
   outer loop
     vertex  5.507692e+01  1.000000e+01  6.000000e+00
     vertex  5.507692e+01  1.000000e+01  4.500000e+00
     vertex  5.207692e+01  1.000000e+01  4.500000e+00
   endloop
 endfacet
 facet normal  0.000000e+00  1.000000e+00  0.000000e+00
   outer loop
     vertex  5.507692e+01  1.000000e+01  6.000000e+00
     vertex  5.207692e+01  1.000000e+01  4.500000e+00
     vertex  5.207692e+01  1.000000e+01  6.000000e+00
   endloop
 endfacet
 facet normal  0.000000e+00  1.000000e+00  0.000000e+00
   outer loop
     vertex  6.223077e+01  1.000000e+01  3.000000e+00
     vertex  5.923077e+01  1.000000e+01  3.000000e+00
     vertex  5.923077e+01  1.000000e+01  4.500000e+00
   endloop
 endfacet
 facet normal  0.000000e+00  1.000000e+00  0.000000e+00
   outer loop
     vertex  5.923077e+01  1.000000e+01  6.000000e+00
     vertex  5.923077e+01  1.000000e+01  4.500000e+00
     vertex  5.507692e+01  1.000000e+01  4.500000e+00
   endloop
 endfacet
 facet normal  0.000000e+00  1.000000e+00  0.000000e+00
   outer loop
     vertex  5.923077e+01  1.000000e+01  6.000000e+00
     vertex  5.507692e+01  1.000000e+01  4.500000e+00
     vertex  5.507692e+01  1.000000e+01  6.000000e+00
   endloop
 endfacet
 facet normal  0.000000e+00  1.000000e+00  0.000000e+00
   outer loop
     vertex  5.507692e+01  1.000000e+01  1.050000e+01
     vertex  5.507692e+01  1.000000e+01  6.000000e+00
     vertex  5.207692e+01  1.000000e+01  6.000000e+00
   endloop
 endfacet
 facet normal  0.000000e+00  1.000000e+00  0.000000e+00
   outer loop
     vertex  5.507692e+01  1.000000e+01  1.050000e+01
     vertex  5.207692e+01  1.000000e+01  6.000000e+00
     vertex  5.207692e+01  1.000000e+01  1.050000e+01
   endloop
 endfacet
 facet normal  0.000000e+00  1.000000e+00  0.000000e+00
   outer loop
     vertex  6.223077e+01  1.000000e+01  4.500000e+00
     vertex  6.223077e+01  1.000000e+01  3.000000e+00
     vertex  5.923077e+01  1.000000e+01  4.500000e+00
   endloop
 endfacet
 facet normal  0.000000e+00  1.000000e+00  0.000000e+00
   outer loop
     vertex  6.223077e+01  1.000000e+01  4.500000e+00
     vertex  5.923077e+01  1.000000e+01  4.500000e+00
     vertex  5.923077e+01  1.000000e+01  6.000000e+00
   endloop
 endfacet
 facet normal  0.000000e+00  1.000000e+00  0.000000e+00
   outer loop
     vertex  6.223077e+01  1.000000e+01  6.000000e+00
     vertex  6.223077e+01  1.000000e+01  4.500000e+00
     vertex  5.923077e+01  1.000000e+01  6.000000e+00
   endloop
 endfacet
 facet normal  0.000000e+00  1.000000e+00  0.000000e+00
   outer loop
     vertex  6.638462e+01  1.000000e+01  6.000000e+00
     vertex  6.638462e+01  1.000000e+01  4.500000e+00
     vertex  6.223077e+01  1.000000e+01  4.500000e+00
   endloop
 endfacet
 facet normal  0.000000e+00  1.000000e+00  0.000000e+00
   outer loop
     vertex  6.638462e+01  1.000000e+01  6.000000e+00
     vertex  6.223077e+01  1.000000e+01  4.500000e+00
     vertex  6.223077e+01  1.000000e+01  6.000000e+00
   endloop
 endfacet
 facet normal  0.000000e+00  1.000000e+00  0.000000e+00
   outer loop
     vertex  6.223077e+01  1.000000e+01  1.050000e+01
     vertex  6.223077e+01  1.000000e+01  6.000000e+00
     vertex  5.923077e+01  1.000000e+01  6.000000e+00
   endloop
 endfacet
 facet normal  0.000000e+00  1.000000e+00  0.000000e+00
   outer loop
     vertex  6.223077e+01  1.000000e+01  1.050000e+01
     vertex  5.923077e+01  1.000000e+01  6.000000e+00
     vertex  5.923077e+01  1.000000e+01  1.050000e+01
   endloop
 endfacet
 facet normal  0.000000e+00  1.000000e+00  0.000000e+00
   outer loop
     vertex  6.938462e+01  1.000000e+01  4.500000e+00
     vertex  6.938462e+01  1.000000e+01  3.000000e+00
     vertex  6.638462e+01  1.000000e+01  3.000000e+00
   endloop
 endfacet
 facet normal  0.000000e+00  1.000000e+00  0.000000e+00
   outer loop
     vertex  6.938462e+01  1.000000e+01  4.500000e+00
     vertex  6.638462e+01  1.000000e+01  3.000000e+00
     vertex  6.638462e+01  1.000000e+01  4.500000e+00
   endloop
 endfacet
 facet normal  0.000000e+00  1.000000e+00  0.000000e+00
   outer loop
     vertex  6.938462e+01  1.000000e+01  6.000000e+00
     vertex  6.638462e+01  1.000000e+01  4.500000e+00
     vertex  6.638462e+01  1.000000e+01  6.000000e+00
   endloop
 endfacet
 facet normal  0.000000e+00  1.000000e+00  0.000000e+00
   outer loop
     vertex  6.938462e+01  1.000000e+01  6.000000e+00
     vertex  6.938462e+01  1.000000e+01  4.500000e+00
     vertex  6.638462e+01  1.000000e+01  4.500000e+00
   endloop
 endfacet
 facet normal  0.000000e+00  1.000000e+00  0.000000e+00
   outer loop
     vertex  7.353846e+01  1.000000e+01  6.000000e+00
     vertex  7.353846e+01  1.000000e+01  4.500000e+00
     vertex  6.938462e+01  1.000000e+01  4.500000e+00
   endloop
 endfacet
 facet normal  0.000000e+00  1.000000e+00  0.000000e+00
   outer loop
     vertex  7.353846e+01  1.000000e+01  6.000000e+00
     vertex  6.938462e+01  1.000000e+01  4.500000e+00
     vertex  6.938462e+01  1.000000e+01  6.000000e+00
   endloop
 endfacet
 facet normal  0.000000e+00  1.000000e+00  0.000000e+00
   outer loop
     vertex  6.938462e+01  1.000000e+01  1.050000e+01
     vertex  6.938462e+01  1.000000e+01  6.000000e+00
     vertex  6.638462e+01  1.000000e+01  6.000000e+00
   endloop
 endfacet
 facet normal  0.000000e+00  1.000000e+00  0.000000e+00
   outer loop
     vertex  6.938462e+01  1.000000e+01  1.050000e+01
     vertex  6.638462e+01  1.000000e+01  6.000000e+00
     vertex  6.638462e+01  1.000000e+01  1.050000e+01
   endloop
 endfacet
 facet normal  0.000000e+00  1.000000e+00  0.000000e+00
   outer loop
     vertex  7.653846e+01  1.000000e+01  4.500000e+00
     vertex  7.653846e+01  1.000000e+01  3.000000e+00
     vertex  7.353846e+01  1.000000e+01  3.000000e+00
   endloop
 endfacet
 facet normal  0.000000e+00  1.000000e+00  0.000000e+00
   outer loop
     vertex  7.653846e+01  1.000000e+01  4.500000e+00
     vertex  7.353846e+01  1.000000e+01  3.000000e+00
     vertex  7.353846e+01  1.000000e+01  4.500000e+00
   endloop
 endfacet
 facet normal  0.000000e+00  1.000000e+00  0.000000e+00
   outer loop
     vertex  7.653846e+01  1.000000e+01  6.000000e+00
     vertex  7.353846e+01  1.000000e+01  4.500000e+00
     vertex  7.353846e+01  1.000000e+01  6.000000e+00
   endloop
 endfacet
 facet normal  0.000000e+00  1.000000e+00  0.000000e+00
   outer loop
     vertex  7.653846e+01  1.000000e+01  6.000000e+00
     vertex  7.653846e+01  1.000000e+01  4.500000e+00
     vertex  7.353846e+01  1.000000e+01  4.500000e+00
   endloop
 endfacet
 facet normal  0.000000e+00  1.000000e+00  0.000000e+00
   outer loop
     vertex  8.369231e+01  1.000000e+01  3.000000e+00
     vertex  8.069231e+01  1.000000e+01  3.000000e+00
     vertex  8.069231e+01  1.000000e+01  4.500000e+00
   endloop
 endfacet
 facet normal  0.000000e+00  1.000000e+00  0.000000e+00
   outer loop
     vertex  8.069231e+01  1.000000e+01  6.000000e+00
     vertex  8.069231e+01  1.000000e+01  4.500000e+00
     vertex  7.653846e+01  1.000000e+01  4.500000e+00
   endloop
 endfacet
 facet normal  0.000000e+00  1.000000e+00  0.000000e+00
   outer loop
     vertex  8.069231e+01  1.000000e+01  6.000000e+00
     vertex  7.653846e+01  1.000000e+01  4.500000e+00
     vertex  7.653846e+01  1.000000e+01  6.000000e+00
   endloop
 endfacet
 facet normal  0.000000e+00  1.000000e+00  0.000000e+00
   outer loop
     vertex  7.653846e+01  1.000000e+01  1.050000e+01
     vertex  7.653846e+01  1.000000e+01  6.000000e+00
     vertex  7.353846e+01  1.000000e+01  6.000000e+00
   endloop
 endfacet
 facet normal  0.000000e+00  1.000000e+00  0.000000e+00
   outer loop
     vertex  7.653846e+01  1.000000e+01  1.050000e+01
     vertex  7.353846e+01  1.000000e+01  6.000000e+00
     vertex  7.353846e+01  1.000000e+01  1.050000e+01
   endloop
 endfacet
 facet normal  0.000000e+00  1.000000e+00  0.000000e+00
   outer loop
     vertex  8.369231e+01  1.000000e+01  4.500000e+00
     vertex  8.069231e+01  1.000000e+01  4.500000e+00
     vertex  8.069231e+01  1.000000e+01  6.000000e+00
   endloop
 endfacet
 facet normal  0.000000e+00  1.000000e+00  0.000000e+00
   outer loop
     vertex  8.369231e+01  1.000000e+01  4.500000e+00
     vertex  8.369231e+01  1.000000e+01  3.000000e+00
     vertex  8.069231e+01  1.000000e+01  4.500000e+00
   endloop
 endfacet
 facet normal  0.000000e+00  1.000000e+00  0.000000e+00
   outer loop
     vertex  8.369231e+01  1.000000e+01  6.000000e+00
     vertex  8.369231e+01  1.000000e+01  4.500000e+00
     vertex  8.069231e+01  1.000000e+01  6.000000e+00
   endloop
 endfacet
 facet normal  0.000000e+00  1.000000e+00  0.000000e+00
   outer loop
     vertex  8.784615e+01  1.000000e+01  6.000000e+00
     vertex  8.784615e+01  1.000000e+01  4.500000e+00
     vertex  8.369231e+01  1.000000e+01  4.500000e+00
   endloop
 endfacet
 facet normal  0.000000e+00  1.000000e+00  0.000000e+00
   outer loop
     vertex  8.784615e+01  1.000000e+01  6.000000e+00
     vertex  8.369231e+01  1.000000e+01  4.500000e+00
     vertex  8.369231e+01  1.000000e+01  6.000000e+00
   endloop
 endfacet
 facet normal  0.000000e+00  1.000000e+00  0.000000e+00
   outer loop
     vertex  8.369231e+01  1.000000e+01  1.050000e+01
     vertex  8.369231e+01  1.000000e+01  6.000000e+00
     vertex  8.069231e+01  1.000000e+01  6.000000e+00
   endloop
 endfacet
 facet normal  0.000000e+00  1.000000e+00  0.000000e+00
   outer loop
     vertex  8.369231e+01  1.000000e+01  1.050000e+01
     vertex  8.069231e+01  1.000000e+01  6.000000e+00
     vertex  8.069231e+01  1.000000e+01  1.050000e+01
   endloop
 endfacet
 facet normal  0.000000e+00  1.000000e+00  0.000000e+00
   outer loop
     vertex  9.084615e+01  1.000000e+01  4.500000e+00
     vertex  9.084615e+01  1.000000e+01  3.000000e+00
     vertex  8.784615e+01  1.000000e+01  3.000000e+00
   endloop
 endfacet
 facet normal  0.000000e+00  1.000000e+00  0.000000e+00
   outer loop
     vertex  9.084615e+01  1.000000e+01  4.500000e+00
     vertex  8.784615e+01  1.000000e+01  3.000000e+00
     vertex  8.784615e+01  1.000000e+01  4.500000e+00
   endloop
 endfacet
 facet normal  0.000000e+00  1.000000e+00  0.000000e+00
   outer loop
     vertex  9.084615e+01  1.000000e+01  6.000000e+00
     vertex  9.084615e+01  1.000000e+01  4.500000e+00
     vertex  8.784615e+01  1.000000e+01  4.500000e+00
   endloop
 endfacet
 facet normal  0.000000e+00  1.000000e+00  0.000000e+00
   outer loop
     vertex  9.084615e+01  1.000000e+01  6.000000e+00
     vertex  8.784615e+01  1.000000e+01  4.500000e+00
     vertex  8.784615e+01  1.000000e+01  6.000000e+00
   endloop
 endfacet
 facet normal  0.000000e+00  1.000000e+00  0.000000e+00
   outer loop
     vertex  8.784615e+01  1.000000e+01  1.050000e+01
     vertex  9.084615e+01  1.000000e+01  6.000000e+00
     vertex  8.784615e+01  1.000000e+01  6.000000e+00
   endloop
 endfacet
 facet normal  0.000000e+00  1.000000e+00  0.000000e+00
   outer loop
     vertex  9.800000e+01  1.000000e+01  3.000000e+00
     vertex  9.500000e+01  1.000000e+01  3.000000e+00
     vertex  9.500000e+01  1.000000e+01  4.500000e+00
   endloop
 endfacet
 facet normal  0.000000e+00  1.000000e+00  0.000000e+00
   outer loop
     vertex  9.500000e+01  1.000000e+01  6.000000e+00
     vertex  9.500000e+01  1.000000e+01  4.500000e+00
     vertex  9.084615e+01  1.000000e+01  4.500000e+00
   endloop
 endfacet
 facet normal  0.000000e+00  1.000000e+00  0.000000e+00
   outer loop
     vertex  9.500000e+01  1.000000e+01  6.000000e+00
     vertex  9.084615e+01  1.000000e+01  4.500000e+00
     vertex  9.084615e+01  1.000000e+01  6.000000e+00
   endloop
 endfacet
 facet normal  0.000000e+00  1.000000e+00  0.000000e+00
   outer loop
     vertex  9.500000e+01  1.000000e+01  6.000000e+00
     vertex  9.800000e+01  1.000000e+01  3.000000e+00
     vertex  9.500000e+01  1.000000e+01  4.500000e+00
   endloop
 endfacet
 facet normal  0.000000e+00  1.000000e+00  0.000000e+00
   outer loop
     vertex  9.084615e+01  1.000000e+01  1.050000e+01
     vertex  9.084615e+01  1.000000e+01  6.000000e+00
     vertex  8.784615e+01  1.000000e+01  1.050000e+01
   endloop
 endfacet
 facet normal  0.000000e+00  1.000000e+00  0.000000e+00
   outer loop
     vertex  9.800000e+01  1.000000e+01  1.200000e+01
     vertex  8.784615e+01  1.000000e+01  1.050000e+01
     vertex  8.369231e+01  1.000000e+01  1.050000e+01
   endloop
 endfacet
 facet normal  0.000000e+00  1.000000e+00  0.000000e+00
   outer loop
     vertex  9.800000e+01  1.000000e+01  1.200000e+01
     vertex  8.369231e+01  1.000000e+01  1.050000e+01
     vertex  8.069231e+01  1.000000e+01  1.050000e+01
   endloop
 endfacet
 facet normal  0.000000e+00  1.000000e+00  0.000000e+00
   outer loop
     vertex  9.800000e+01  1.000000e+01  1.200000e+01
     vertex  9.500000e+01  1.000000e+01  6.000000e+00
     vertex  9.500000e+01  1.000000e+01  1.050000e+01
   endloop
 endfacet
 facet normal  0.000000e+00  1.000000e+00  0.000000e+00
   outer loop
     vertex  9.800000e+01  1.000000e+01  1.200000e+01
     vertex  9.500000e+01  1.000000e+01  1.050000e+01
     vertex  9.084615e+01  1.000000e+01  1.050000e+01
   endloop
 endfacet
 facet normal  0.000000e+00  1.000000e+00  0.000000e+00
   outer loop
     vertex  9.800000e+01  1.000000e+01  1.200000e+01
     vertex  9.084615e+01  1.000000e+01  1.050000e+01
     vertex  8.784615e+01  1.000000e+01  1.050000e+01
   endloop
 endfacet
 facet normal  0.000000e+00  1.000000e+00  0.000000e+00
   outer loop
     vertex  9.800000e+01  1.000000e+01  1.200000e+01
     vertex  9.800000e+01  1.000000e+01  3.000000e+00
     vertex  9.500000e+01  1.000000e+01  6.000000e+00
   endloop
 endfacet
 facet normal -0.000000e+00  1.000000e+00  0.000000e+00
   outer loop
     vertex  2.000000e+00  1.000000e+01  1.200000e+01
     vertex  9.800000e+01  1.000000e+01  1.200000e+01
     vertex  8.069231e+01  1.000000e+01  1.050000e+01
   endloop
 endfacet
 facet normal  0.000000e+00  1.000000e+00  0.000000e+00
   outer loop
     vertex  2.000000e+00  1.000000e+01  1.200000e+01
     vertex  8.069231e+01  1.000000e+01  1.050000e+01
     vertex  7.653846e+01  1.000000e+01  1.050000e+01
   endloop
 endfacet
 facet normal  0.000000e+00  1.000000e+00  0.000000e+00
   outer loop
     vertex  2.000000e+00  1.000000e+01  1.200000e+01
     vertex  7.653846e+01  1.000000e+01  1.050000e+01
     vertex  7.353846e+01  1.000000e+01  1.050000e+01
   endloop
 endfacet
 facet normal  0.000000e+00  1.000000e+00  0.000000e+00
   outer loop
     vertex  2.000000e+00  1.000000e+01  1.200000e+01
     vertex  7.353846e+01  1.000000e+01  1.050000e+01
     vertex  6.938462e+01  1.000000e+01  1.050000e+01
   endloop
 endfacet
 facet normal  0.000000e+00  1.000000e+00  0.000000e+00
   outer loop
     vertex  2.000000e+00  1.000000e+01  1.200000e+01
     vertex  6.938462e+01  1.000000e+01  1.050000e+01
     vertex  6.638462e+01  1.000000e+01  1.050000e+01
   endloop
 endfacet
 facet normal  0.000000e+00  1.000000e+00  0.000000e+00
   outer loop
     vertex  2.000000e+00  1.000000e+01  1.200000e+01
     vertex  6.638462e+01  1.000000e+01  1.050000e+01
     vertex  6.223077e+01  1.000000e+01  1.050000e+01
   endloop
 endfacet
 facet normal  0.000000e+00  1.000000e+00  0.000000e+00
   outer loop
     vertex  2.000000e+00  1.000000e+01  1.200000e+01
     vertex  6.223077e+01  1.000000e+01  1.050000e+01
     vertex  5.923077e+01  1.000000e+01  1.050000e+01
   endloop
 endfacet
 facet normal  0.000000e+00  1.000000e+00  0.000000e+00
   outer loop
     vertex  2.000000e+00  1.000000e+01  1.200000e+01
     vertex  5.923077e+01  1.000000e+01  1.050000e+01
     vertex  5.507692e+01  1.000000e+01  1.050000e+01
   endloop
 endfacet
 facet normal  0.000000e+00  1.000000e+00  0.000000e+00
   outer loop
     vertex  2.000000e+00  1.000000e+01  1.200000e+01
     vertex  5.507692e+01  1.000000e+01  1.050000e+01
     vertex  5.207692e+01  1.000000e+01  1.050000e+01
   endloop
 endfacet
 facet normal  0.000000e+00  1.000000e+00  0.000000e+00
   outer loop
     vertex  2.000000e+00  1.000000e+01  1.200000e+01
     vertex  5.207692e+01  1.000000e+01  1.050000e+01
     vertex  4.792308e+01  1.000000e+01  1.050000e+01
   endloop
 endfacet
 facet normal  0.000000e+00  1.000000e+00  0.000000e+00
   outer loop
     vertex  2.000000e+00  1.000000e+01  1.200000e+01
     vertex  4.792308e+01  1.000000e+01  1.050000e+01
     vertex  4.492308e+01  1.000000e+01  1.050000e+01
   endloop
 endfacet
 facet normal  0.000000e+00  1.000000e+00  0.000000e+00
   outer loop
     vertex  2.000000e+00  1.000000e+01  1.200000e+01
     vertex  4.492308e+01  1.000000e+01  1.050000e+01
     vertex  4.076923e+01  1.000000e+01  1.050000e+01
   endloop
 endfacet
 facet normal  0.000000e+00  1.000000e+00  0.000000e+00
   outer loop
     vertex  2.000000e+00  1.000000e+01  1.200000e+01
     vertex  4.076923e+01  1.000000e+01  1.050000e+01
     vertex  3.776923e+01  1.000000e+01  1.050000e+01
   endloop
 endfacet
 facet normal  0.000000e+00  1.000000e+00  0.000000e+00
   outer loop
     vertex  2.000000e+00  1.000000e+01  1.200000e+01
     vertex  3.776923e+01  1.000000e+01  1.050000e+01
     vertex  3.361538e+01  1.000000e+01  1.050000e+01
   endloop
 endfacet
 facet normal  0.000000e+00  1.000000e+00  0.000000e+00
   outer loop
     vertex  2.000000e+00  1.000000e+01  1.200000e+01
     vertex  3.361538e+01  1.000000e+01  1.050000e+01
     vertex  3.061538e+01  1.000000e+01  1.050000e+01
   endloop
 endfacet
 facet normal  0.000000e+00  1.000000e+00  0.000000e+00
   outer loop
     vertex  2.000000e+00  1.000000e+01  1.200000e+01
     vertex  3.061538e+01  1.000000e+01  1.050000e+01
     vertex  2.646154e+01  1.000000e+01  1.050000e+01
   endloop
 endfacet
 facet normal  0.000000e+00  1.000000e+00  0.000000e+00
   outer loop
     vertex  2.000000e+00  1.000000e+01  1.200000e+01
     vertex  2.646154e+01  1.000000e+01  1.050000e+01
     vertex  2.346154e+01  1.000000e+01  1.050000e+01
   endloop
 endfacet
 facet normal  0.000000e+00  1.000000e+00  0.000000e+00
   outer loop
     vertex  2.000000e+00  1.000000e+01  1.200000e+01
     vertex  2.346154e+01  1.000000e+01  1.050000e+01
     vertex  1.930769e+01  1.000000e+01  1.050000e+01
   endloop
 endfacet
 facet normal  0.000000e+00  1.000000e+00  0.000000e+00
   outer loop
     vertex  2.000000e+00  1.000000e+01  1.200000e+01
     vertex  1.930769e+01  1.000000e+01  1.050000e+01
     vertex  1.630769e+01  1.000000e+01  1.050000e+01
   endloop
 endfacet
 facet normal  0.000000e+00 -1.000000e+00 -0.000000e+00
   outer loop
     vertex  5.000000e+00  1.600000e+01  4.500000e+00
     vertex  2.000000e+00  1.600000e+01  3.000000e+00
     vertex  5.000000e+00  1.600000e+01  3.000000e+00
   endloop
 endfacet
 facet normal  0.000000e+00 -1.000000e+00 -0.000000e+00
   outer loop
     vertex  5.000000e+00  1.600000e+01  6.000000e+00
     vertex  2.000000e+00  1.600000e+01  3.000000e+00
     vertex  5.000000e+00  1.600000e+01  4.500000e+00
   endloop
 endfacet
 facet normal  0.000000e+00 -1.000000e+00  0.000000e+00
   outer loop
     vertex  2.000000e+00  1.600000e+01  1.200000e+01
     vertex  2.000000e+00  1.600000e+01  3.000000e+00
     vertex  5.000000e+00  1.600000e+01  6.000000e+00
   endloop
 endfacet
 facet normal -0.000000e+00 -1.000000e+00  0.000000e+00
   outer loop
     vertex  9.153846e+00  1.600000e+01  6.000000e+00
     vertex  5.000000e+00  1.600000e+01  6.000000e+00
     vertex  5.000000e+00  1.600000e+01  4.500000e+00
   endloop
 endfacet
 facet normal  0.000000e+00 -1.000000e+00 -0.000000e+00
   outer loop
     vertex  9.153846e+00  1.600000e+01  6.000000e+00
     vertex  5.000000e+00  1.600000e+01  4.500000e+00
     vertex  9.153846e+00  1.600000e+01  4.500000e+00
   endloop
 endfacet
 facet normal -0.000000e+00 -1.000000e+00 -0.000000e+00
   outer loop
     vertex  5.000000e+00  1.600000e+01  1.050000e+01
     vertex  2.000000e+00  1.600000e+01  1.200000e+01
     vertex  5.000000e+00  1.600000e+01  6.000000e+00
   endloop
 endfacet
 facet normal  0.000000e+00 -1.000000e+00 -0.000000e+00
   outer loop
     vertex  1.215385e+01  1.600000e+01  4.500000e+00
     vertex  9.153846e+00  1.600000e+01  3.000000e+00
     vertex  1.215385e+01  1.600000e+01  3.000000e+00
   endloop
 endfacet
 facet normal -0.000000e+00 -1.000000e+00  0.000000e+00
   outer loop
     vertex  1.215385e+01  1.600000e+01  4.500000e+00
     vertex  9.153846e+00  1.600000e+01  4.500000e+00
     vertex  9.153846e+00  1.600000e+01  3.000000e+00
   endloop
 endfacet
 facet normal  0.000000e+00 -1.000000e+00 -0.000000e+00
   outer loop
     vertex  1.215385e+01  1.600000e+01  6.000000e+00
     vertex  9.153846e+00  1.600000e+01  4.500000e+00
     vertex  1.215385e+01  1.600000e+01  4.500000e+00
   endloop
 endfacet
 facet normal -0.000000e+00 -1.000000e+00  0.000000e+00
   outer loop
     vertex  1.215385e+01  1.600000e+01  6.000000e+00
     vertex  9.153846e+00  1.600000e+01  6.000000e+00
     vertex  9.153846e+00  1.600000e+01  4.500000e+00
   endloop
 endfacet
 facet normal  0.000000e+00 -1.000000e+00  0.000000e+00
   outer loop
     vertex  9.153846e+00  1.600000e+01  1.050000e+01
     vertex  2.000000e+00  1.600000e+01  1.200000e+01
     vertex  5.000000e+00  1.600000e+01  1.050000e+01
   endloop
 endfacet
 facet normal  0.000000e+00 -1.000000e+00  0.000000e+00
   outer loop
     vertex  1.930769e+01  1.600000e+01  3.000000e+00
     vertex  1.630769e+01  1.600000e+01  4.500000e+00
     vertex  1.630769e+01  1.600000e+01  3.000000e+00
   endloop
 endfacet
 facet normal -0.000000e+00 -1.000000e+00  0.000000e+00
   outer loop
     vertex  1.630769e+01  1.600000e+01  6.000000e+00
     vertex  1.215385e+01  1.600000e+01  6.000000e+00
     vertex  1.215385e+01  1.600000e+01  4.500000e+00
   endloop
 endfacet
 facet normal  0.000000e+00 -1.000000e+00 -0.000000e+00
   outer loop
     vertex  1.630769e+01  1.600000e+01  6.000000e+00
     vertex  1.215385e+01  1.600000e+01  4.500000e+00
     vertex  1.630769e+01  1.600000e+01  4.500000e+00
   endloop
 endfacet
 facet normal  0.000000e+00 -1.000000e+00  0.000000e+00
   outer loop
     vertex  1.215385e+01  1.600000e+01  1.050000e+01
     vertex  2.000000e+00  1.600000e+01  1.200000e+01
     vertex  9.153846e+00  1.600000e+01  1.050000e+01
   endloop
 endfacet
 facet normal  0.000000e+00 -1.000000e+00 -0.000000e+00
   outer loop
     vertex  1.215385e+01  1.600000e+01  1.050000e+01
     vertex  9.153846e+00  1.600000e+01  6.000000e+00
     vertex  1.215385e+01  1.600000e+01  6.000000e+00
   endloop
 endfacet
 facet normal -0.000000e+00 -1.000000e+00  0.000000e+00
   outer loop
     vertex  1.215385e+01  1.600000e+01  1.050000e+01
     vertex  9.153846e+00  1.600000e+01  1.050000e+01
     vertex  9.153846e+00  1.600000e+01  6.000000e+00
   endloop
 endfacet
 facet normal -0.000000e+00 -1.000000e+00 -0.000000e+00
   outer loop
     vertex  1.930769e+01  1.600000e+01  4.500000e+00
     vertex  1.630769e+01  1.600000e+01  4.500000e+00
     vertex  1.930769e+01  1.600000e+01  3.000000e+00
   endloop
 endfacet
 facet normal  0.000000e+00 -1.000000e+00  0.000000e+00
   outer loop
     vertex  1.930769e+01  1.600000e+01  4.500000e+00
     vertex  1.630769e+01  1.600000e+01  6.000000e+00
     vertex  1.630769e+01  1.600000e+01  4.500000e+00
   endloop
 endfacet
 facet normal -0.000000e+00 -1.000000e+00 -0.000000e+00
   outer loop
     vertex  1.930769e+01  1.600000e+01  6.000000e+00
     vertex  1.630769e+01  1.600000e+01  6.000000e+00
     vertex  1.930769e+01  1.600000e+01  4.500000e+00
   endloop
 endfacet
 facet normal  0.000000e+00 -1.000000e+00  0.000000e+00
   outer loop
     vertex  1.630769e+01  1.600000e+01  1.050000e+01
     vertex  2.000000e+00  1.600000e+01  1.200000e+01
     vertex  1.215385e+01  1.600000e+01  1.050000e+01
   endloop
 endfacet
 facet normal  0.000000e+00 -1.000000e+00  0.000000e+00
   outer loop
     vertex  1.630769e+01  1.600000e+01  1.050000e+01
     vertex  1.630769e+01  1.600000e+01  6.000000e+00
     vertex  1.930769e+01  1.600000e+01  6.000000e+00
   endloop
 endfacet
 facet normal  0.000000e+00 -1.000000e+00 -0.000000e+00
   outer loop
     vertex  2.346154e+01  1.600000e+01  6.000000e+00
     vertex  1.930769e+01  1.600000e+01  4.500000e+00
     vertex  2.346154e+01  1.600000e+01  4.500000e+00
   endloop
 endfacet
 facet normal -0.000000e+00 -1.000000e+00  0.000000e+00
   outer loop
     vertex  2.346154e+01  1.600000e+01  6.000000e+00
     vertex  1.930769e+01  1.600000e+01  6.000000e+00
     vertex  1.930769e+01  1.600000e+01  4.500000e+00
   endloop
 endfacet
 facet normal -0.000000e+00 -1.000000e+00 -0.000000e+00
   outer loop
     vertex  1.930769e+01  1.600000e+01  1.050000e+01
     vertex  1.630769e+01  1.600000e+01  1.050000e+01
     vertex  1.930769e+01  1.600000e+01  6.000000e+00
   endloop
 endfacet
 facet normal  0.000000e+00 -1.000000e+00 -0.000000e+00
   outer loop
     vertex  2.646154e+01  1.600000e+01  4.500000e+00
     vertex  2.346154e+01  1.600000e+01  3.000000e+00
     vertex  2.646154e+01  1.600000e+01  3.000000e+00
   endloop
 endfacet
 facet normal -0.000000e+00 -1.000000e+00  0.000000e+00
   outer loop
     vertex  2.646154e+01  1.600000e+01  4.500000e+00
     vertex  2.346154e+01  1.600000e+01  4.500000e+00
     vertex  2.346154e+01  1.600000e+01  3.000000e+00
   endloop
 endfacet
 facet normal  0.000000e+00 -1.000000e+00 -0.000000e+00
   outer loop
     vertex  2.646154e+01  1.600000e+01  6.000000e+00
     vertex  2.346154e+01  1.600000e+01  4.500000e+00
     vertex  2.646154e+01  1.600000e+01  4.500000e+00
   endloop
 endfacet
 facet normal -0.000000e+00 -1.000000e+00  0.000000e+00
   outer loop
     vertex  2.646154e+01  1.600000e+01  6.000000e+00
     vertex  2.346154e+01  1.600000e+01  6.000000e+00
     vertex  2.346154e+01  1.600000e+01  4.500000e+00
   endloop
 endfacet
 facet normal  0.000000e+00 -1.000000e+00  0.000000e+00
   outer loop
     vertex  2.346154e+01  1.600000e+01  1.050000e+01
     vertex  2.346154e+01  1.600000e+01  6.000000e+00
     vertex  2.646154e+01  1.600000e+01  6.000000e+00
   endloop
 endfacet
 facet normal  0.000000e+00 -1.000000e+00 -0.000000e+00
   outer loop
     vertex  3.061538e+01  1.600000e+01  6.000000e+00
     vertex  2.646154e+01  1.600000e+01  4.500000e+00
     vertex  3.061538e+01  1.600000e+01  4.500000e+00
   endloop
 endfacet
 facet normal -0.000000e+00 -1.000000e+00  0.000000e+00
   outer loop
     vertex  3.061538e+01  1.600000e+01  6.000000e+00
     vertex  2.646154e+01  1.600000e+01  6.000000e+00
     vertex  2.646154e+01  1.600000e+01  4.500000e+00
   endloop
 endfacet
 facet normal -0.000000e+00 -1.000000e+00 -0.000000e+00
   outer loop
     vertex  2.646154e+01  1.600000e+01  1.050000e+01
     vertex  2.346154e+01  1.600000e+01  1.050000e+01
     vertex  2.646154e+01  1.600000e+01  6.000000e+00
   endloop
 endfacet
 facet normal  0.000000e+00 -1.000000e+00 -0.000000e+00
   outer loop
     vertex  3.361538e+01  1.600000e+01  4.500000e+00
     vertex  3.061538e+01  1.600000e+01  3.000000e+00
     vertex  3.361538e+01  1.600000e+01  3.000000e+00
   endloop
 endfacet
 facet normal -0.000000e+00 -1.000000e+00  0.000000e+00
   outer loop
     vertex  3.361538e+01  1.600000e+01  4.500000e+00
     vertex  3.061538e+01  1.600000e+01  4.500000e+00
     vertex  3.061538e+01  1.600000e+01  3.000000e+00
   endloop
 endfacet
 facet normal -0.000000e+00 -1.000000e+00  0.000000e+00
   outer loop
     vertex  3.361538e+01  1.600000e+01  6.000000e+00
     vertex  3.061538e+01  1.600000e+01  6.000000e+00
     vertex  3.061538e+01  1.600000e+01  4.500000e+00
   endloop
 endfacet
 facet normal  0.000000e+00 -1.000000e+00 -0.000000e+00
   outer loop
     vertex  3.361538e+01  1.600000e+01  6.000000e+00
     vertex  3.061538e+01  1.600000e+01  4.500000e+00
     vertex  3.361538e+01  1.600000e+01  4.500000e+00
   endloop
 endfacet
 facet normal  0.000000e+00 -1.000000e+00  0.000000e+00
   outer loop
     vertex  3.776923e+01  1.600000e+01  4.500000e+00
     vertex  3.361538e+01  1.600000e+01  6.000000e+00
     vertex  3.361538e+01  1.600000e+01  4.500000e+00
   endloop
 endfacet
 facet normal -0.000000e+00 -1.000000e+00 -0.000000e+00
   outer loop
     vertex  3.776923e+01  1.600000e+01  6.000000e+00
     vertex  3.361538e+01  1.600000e+01  6.000000e+00
     vertex  3.776923e+01  1.600000e+01  4.500000e+00
   endloop
 endfacet
 facet normal -0.000000e+00 -1.000000e+00  0.000000e+00
   outer loop
     vertex  3.361538e+01  1.600000e+01  1.050000e+01
     vertex  3.061538e+01  1.600000e+01  1.050000e+01
     vertex  3.061538e+01  1.600000e+01  6.000000e+00
   endloop
 endfacet
 facet normal  0.000000e+00 -1.000000e+00 -0.000000e+00
   outer loop
     vertex  3.361538e+01  1.600000e+01  1.050000e+01
     vertex  3.061538e+01  1.600000e+01  6.000000e+00
     vertex  3.361538e+01  1.600000e+01  6.000000e+00
   endloop
 endfacet
 facet normal  0.000000e+00 -1.000000e+00 -0.000000e+00
   outer loop
     vertex  4.076923e+01  1.600000e+01  4.500000e+00
     vertex  3.776923e+01  1.600000e+01  3.000000e+00
     vertex  4.076923e+01  1.600000e+01  3.000000e+00
   endloop
 endfacet
 facet normal -0.000000e+00 -1.000000e+00  0.000000e+00
   outer loop
     vertex  4.076923e+01  1.600000e+01  4.500000e+00
     vertex  3.776923e+01  1.600000e+01  4.500000e+00
     vertex  3.776923e+01  1.600000e+01  3.000000e+00
   endloop
 endfacet
 facet normal  0.000000e+00 -1.000000e+00 -0.000000e+00
   outer loop
     vertex  4.076923e+01  1.600000e+01  6.000000e+00
     vertex  3.776923e+01  1.600000e+01  4.500000e+00
     vertex  4.076923e+01  1.600000e+01  4.500000e+00
   endloop
 endfacet
 facet normal -0.000000e+00 -1.000000e+00  0.000000e+00
   outer loop
     vertex  4.076923e+01  1.600000e+01  6.000000e+00
     vertex  3.776923e+01  1.600000e+01  6.000000e+00
     vertex  3.776923e+01  1.600000e+01  4.500000e+00
   endloop
 endfacet
 facet normal  0.000000e+00 -1.000000e+00  0.000000e+00
   outer loop
     vertex  4.492308e+01  1.600000e+01  4.500000e+00
     vertex  4.076923e+01  1.600000e+01  6.000000e+00
     vertex  4.076923e+01  1.600000e+01  4.500000e+00
   endloop
 endfacet
 facet normal -0.000000e+00 -1.000000e+00 -0.000000e+00
   outer loop
     vertex  4.492308e+01  1.600000e+01  6.000000e+00
     vertex  4.076923e+01  1.600000e+01  6.000000e+00
     vertex  4.492308e+01  1.600000e+01  4.500000e+00
   endloop
 endfacet
 facet normal  0.000000e+00 -1.000000e+00  0.000000e+00
   outer loop
     vertex  4.792308e+01  1.600000e+01  3.000000e+00
     vertex  4.492308e+01  1.600000e+01  4.500000e+00
     vertex  4.492308e+01  1.600000e+01  3.000000e+00
   endloop
 endfacet
 facet normal  0.000000e+00 -1.000000e+00 -0.000000e+00
   outer loop
     vertex  4.076923e+01  1.600000e+01  1.050000e+01
     vertex  3.776923e+01  1.600000e+01  6.000000e+00
     vertex  4.076923e+01  1.600000e+01  6.000000e+00
   endloop
 endfacet
 facet normal -0.000000e+00 -1.000000e+00  0.000000e+00
   outer loop
     vertex  4.076923e+01  1.600000e+01  1.050000e+01
     vertex  3.776923e+01  1.600000e+01  1.050000e+01
     vertex  3.776923e+01  1.600000e+01  6.000000e+00
   endloop
 endfacet
 facet normal  0.000000e+00 -1.000000e+00  0.000000e+00
   outer loop
     vertex  4.792308e+01  1.600000e+01  4.500000e+00
     vertex  4.492308e+01  1.600000e+01  6.000000e+00
     vertex  4.492308e+01  1.600000e+01  4.500000e+00
   endloop
 endfacet
 facet normal -0.000000e+00 -1.000000e+00 -0.000000e+00
   outer loop
     vertex  4.792308e+01  1.600000e+01  4.500000e+00
     vertex  4.492308e+01  1.600000e+01  4.500000e+00
     vertex  4.792308e+01  1.600000e+01  3.000000e+00
   endloop
 endfacet
 facet normal -0.000000e+00 -1.000000e+00 -0.000000e+00
   outer loop
     vertex  4.792308e+01  1.600000e+01  6.000000e+00
     vertex  4.492308e+01  1.600000e+01  6.000000e+00
     vertex  4.792308e+01  1.600000e+01  4.500000e+00
   endloop
 endfacet
 facet normal -0.000000e+00 -1.000000e+00  0.000000e+00
   outer loop
     vertex  5.207692e+01  1.600000e+01  6.000000e+00
     vertex  4.792308e+01  1.600000e+01  6.000000e+00
     vertex  4.792308e+01  1.600000e+01  4.500000e+00
   endloop
 endfacet
 facet normal  0.000000e+00 -1.000000e+00 -0.000000e+00
   outer loop
     vertex  5.207692e+01  1.600000e+01  6.000000e+00
     vertex  4.792308e+01  1.600000e+01  4.500000e+00
     vertex  5.207692e+01  1.600000e+01  4.500000e+00
   endloop
 endfacet
 facet normal -0.000000e+00 -1.000000e+00  0.000000e+00
   outer loop
     vertex  4.792308e+01  1.600000e+01  1.050000e+01
     vertex  4.492308e+01  1.600000e+01  1.050000e+01
     vertex  4.492308e+01  1.600000e+01  6.000000e+00
   endloop
 endfacet
 facet normal  0.000000e+00 -1.000000e+00 -0.000000e+00
   outer loop
     vertex  4.792308e+01  1.600000e+01  1.050000e+01
     vertex  4.492308e+01  1.600000e+01  6.000000e+00
     vertex  4.792308e+01  1.600000e+01  6.000000e+00
   endloop
 endfacet
 facet normal  0.000000e+00 -1.000000e+00 -0.000000e+00
   outer loop
     vertex  5.507692e+01  1.600000e+01  4.500000e+00
     vertex  5.207692e+01  1.600000e+01  3.000000e+00
     vertex  5.507692e+01  1.600000e+01  3.000000e+00
   endloop
 endfacet
 facet normal -0.000000e+00 -1.000000e+00  0.000000e+00
   outer loop
     vertex  5.507692e+01  1.600000e+01  4.500000e+00
     vertex  5.207692e+01  1.600000e+01  4.500000e+00
     vertex  5.207692e+01  1.600000e+01  3.000000e+00
   endloop
 endfacet
 facet normal  0.000000e+00 -1.000000e+00 -0.000000e+00
   outer loop
     vertex  5.507692e+01  1.600000e+01  6.000000e+00
     vertex  5.207692e+01  1.600000e+01  4.500000e+00
     vertex  5.507692e+01  1.600000e+01  4.500000e+00
   endloop
 endfacet
 facet normal -0.000000e+00 -1.000000e+00  0.000000e+00
   outer loop
     vertex  5.507692e+01  1.600000e+01  6.000000e+00
     vertex  5.207692e+01  1.600000e+01  6.000000e+00
     vertex  5.207692e+01  1.600000e+01  4.500000e+00
   endloop
 endfacet
 facet normal  0.000000e+00 -1.000000e+00  0.000000e+00
   outer loop
     vertex  6.223077e+01  1.600000e+01  3.000000e+00
     vertex  5.923077e+01  1.600000e+01  4.500000e+00
     vertex  5.923077e+01  1.600000e+01  3.000000e+00
   endloop
 endfacet
 facet normal  0.000000e+00 -1.000000e+00 -0.000000e+00
   outer loop
     vertex  5.923077e+01  1.600000e+01  6.000000e+00
     vertex  5.507692e+01  1.600000e+01  4.500000e+00
     vertex  5.923077e+01  1.600000e+01  4.500000e+00
   endloop
 endfacet
 facet normal -0.000000e+00 -1.000000e+00  0.000000e+00
   outer loop
     vertex  5.923077e+01  1.600000e+01  6.000000e+00
     vertex  5.507692e+01  1.600000e+01  6.000000e+00
     vertex  5.507692e+01  1.600000e+01  4.500000e+00
   endloop
 endfacet
 facet normal  0.000000e+00 -1.000000e+00 -0.000000e+00
   outer loop
     vertex  5.507692e+01  1.600000e+01  1.050000e+01
     vertex  5.207692e+01  1.600000e+01  6.000000e+00
     vertex  5.507692e+01  1.600000e+01  6.000000e+00
   endloop
 endfacet
 facet normal -0.000000e+00 -1.000000e+00  0.000000e+00
   outer loop
     vertex  5.507692e+01  1.600000e+01  1.050000e+01
     vertex  5.207692e+01  1.600000e+01  1.050000e+01
     vertex  5.207692e+01  1.600000e+01  6.000000e+00
   endloop
 endfacet
 facet normal -0.000000e+00 -1.000000e+00 -0.000000e+00
   outer loop
     vertex  6.223077e+01  1.600000e+01  4.500000e+00
     vertex  5.923077e+01  1.600000e+01  4.500000e+00
     vertex  6.223077e+01  1.600000e+01  3.000000e+00
   endloop
 endfacet
 facet normal  0.000000e+00 -1.000000e+00  0.000000e+00
   outer loop
     vertex  6.223077e+01  1.600000e+01  4.500000e+00
     vertex  5.923077e+01  1.600000e+01  6.000000e+00
     vertex  5.923077e+01  1.600000e+01  4.500000e+00
   endloop
 endfacet
 facet normal -0.000000e+00 -1.000000e+00 -0.000000e+00
   outer loop
     vertex  6.223077e+01  1.600000e+01  6.000000e+00
     vertex  5.923077e+01  1.600000e+01  6.000000e+00
     vertex  6.223077e+01  1.600000e+01  4.500000e+00
   endloop
 endfacet
 facet normal  0.000000e+00 -1.000000e+00 -0.000000e+00
   outer loop
     vertex  6.638462e+01  1.600000e+01  6.000000e+00
     vertex  6.223077e+01  1.600000e+01  4.500000e+00
     vertex  6.638462e+01  1.600000e+01  4.500000e+00
   endloop
 endfacet
 facet normal -0.000000e+00 -1.000000e+00  0.000000e+00
   outer loop
     vertex  6.638462e+01  1.600000e+01  6.000000e+00
     vertex  6.223077e+01  1.600000e+01  6.000000e+00
     vertex  6.223077e+01  1.600000e+01  4.500000e+00
   endloop
 endfacet
 facet normal  0.000000e+00 -1.000000e+00 -0.000000e+00
   outer loop
     vertex  6.223077e+01  1.600000e+01  1.050000e+01
     vertex  5.923077e+01  1.600000e+01  6.000000e+00
     vertex  6.223077e+01  1.600000e+01  6.000000e+00
   endloop
 endfacet
 facet normal -0.000000e+00 -1.000000e+00  0.000000e+00
   outer loop
     vertex  6.223077e+01  1.600000e+01  1.050000e+01
     vertex  5.923077e+01  1.600000e+01  1.050000e+01
     vertex  5.923077e+01  1.600000e+01  6.000000e+00
   endloop
 endfacet
 facet normal  0.000000e+00 -1.000000e+00 -0.000000e+00
   outer loop
     vertex  6.938462e+01  1.600000e+01  4.500000e+00
     vertex  6.638462e+01  1.600000e+01  3.000000e+00
     vertex  6.938462e+01  1.600000e+01  3.000000e+00
   endloop
 endfacet
 facet normal -0.000000e+00 -1.000000e+00  0.000000e+00
   outer loop
     vertex  6.938462e+01  1.600000e+01  4.500000e+00
     vertex  6.638462e+01  1.600000e+01  4.500000e+00
     vertex  6.638462e+01  1.600000e+01  3.000000e+00
   endloop
 endfacet
 facet normal -0.000000e+00 -1.000000e+00  0.000000e+00
   outer loop
     vertex  6.938462e+01  1.600000e+01  6.000000e+00
     vertex  6.638462e+01  1.600000e+01  6.000000e+00
     vertex  6.638462e+01  1.600000e+01  4.500000e+00
   endloop
 endfacet
 facet normal  0.000000e+00 -1.000000e+00 -0.000000e+00
   outer loop
     vertex  6.938462e+01  1.600000e+01  6.000000e+00
     vertex  6.638462e+01  1.600000e+01  4.500000e+00
     vertex  6.938462e+01  1.600000e+01  4.500000e+00
   endloop
 endfacet
 facet normal  0.000000e+00 -1.000000e+00 -0.000000e+00
   outer loop
     vertex  7.353846e+01  1.600000e+01  6.000000e+00
     vertex  6.938462e+01  1.600000e+01  4.500000e+00
     vertex  7.353846e+01  1.600000e+01  4.500000e+00
   endloop
 endfacet
 facet normal -0.000000e+00 -1.000000e+00  0.000000e+00
   outer loop
     vertex  7.353846e+01  1.600000e+01  6.000000e+00
     vertex  6.938462e+01  1.600000e+01  6.000000e+00
     vertex  6.938462e+01  1.600000e+01  4.500000e+00
   endloop
 endfacet
 facet normal  0.000000e+00 -1.000000e+00 -0.000000e+00
   outer loop
     vertex  6.938462e+01  1.600000e+01  1.050000e+01
     vertex  6.638462e+01  1.600000e+01  6.000000e+00
     vertex  6.938462e+01  1.600000e+01  6.000000e+00
   endloop
 endfacet
 facet normal -0.000000e+00 -1.000000e+00  0.000000e+00
   outer loop
     vertex  6.938462e+01  1.600000e+01  1.050000e+01
     vertex  6.638462e+01  1.600000e+01  1.050000e+01
     vertex  6.638462e+01  1.600000e+01  6.000000e+00
   endloop
 endfacet
 facet normal  0.000000e+00 -1.000000e+00 -0.000000e+00
   outer loop
     vertex  7.653846e+01  1.600000e+01  4.500000e+00
     vertex  7.353846e+01  1.600000e+01  3.000000e+00
     vertex  7.653846e+01  1.600000e+01  3.000000e+00
   endloop
 endfacet
 facet normal -0.000000e+00 -1.000000e+00  0.000000e+00
   outer loop
     vertex  7.653846e+01  1.600000e+01  4.500000e+00
     vertex  7.353846e+01  1.600000e+01  4.500000e+00
     vertex  7.353846e+01  1.600000e+01  3.000000e+00
   endloop
 endfacet
 facet normal -0.000000e+00 -1.000000e+00  0.000000e+00
   outer loop
     vertex  7.653846e+01  1.600000e+01  6.000000e+00
     vertex  7.353846e+01  1.600000e+01  6.000000e+00
     vertex  7.353846e+01  1.600000e+01  4.500000e+00
   endloop
 endfacet
 facet normal  0.000000e+00 -1.000000e+00 -0.000000e+00
   outer loop
     vertex  7.653846e+01  1.600000e+01  6.000000e+00
     vertex  7.353846e+01  1.600000e+01  4.500000e+00
     vertex  7.653846e+01  1.600000e+01  4.500000e+00
   endloop
 endfacet
 facet normal  0.000000e+00 -1.000000e+00  0.000000e+00
   outer loop
     vertex  8.369231e+01  1.600000e+01  3.000000e+00
     vertex  8.069231e+01  1.600000e+01  4.500000e+00
     vertex  8.069231e+01  1.600000e+01  3.000000e+00
   endloop
 endfacet
 facet normal  0.000000e+00 -1.000000e+00 -0.000000e+00
   outer loop
     vertex  8.069231e+01  1.600000e+01  6.000000e+00
     vertex  7.653846e+01  1.600000e+01  4.500000e+00
     vertex  8.069231e+01  1.600000e+01  4.500000e+00
   endloop
 endfacet
 facet normal -0.000000e+00 -1.000000e+00  0.000000e+00
   outer loop
     vertex  8.069231e+01  1.600000e+01  6.000000e+00
     vertex  7.653846e+01  1.600000e+01  6.000000e+00
     vertex  7.653846e+01  1.600000e+01  4.500000e+00
   endloop
 endfacet
 facet normal  0.000000e+00 -1.000000e+00 -0.000000e+00
   outer loop
     vertex  7.653846e+01  1.600000e+01  1.050000e+01
     vertex  7.353846e+01  1.600000e+01  6.000000e+00
     vertex  7.653846e+01  1.600000e+01  6.000000e+00
   endloop
 endfacet
 facet normal -0.000000e+00 -1.000000e+00  0.000000e+00
   outer loop
     vertex  7.653846e+01  1.600000e+01  1.050000e+01
     vertex  7.353846e+01  1.600000e+01  1.050000e+01
     vertex  7.353846e+01  1.600000e+01  6.000000e+00
   endloop
 endfacet
 facet normal  0.000000e+00 -1.000000e+00  0.000000e+00
   outer loop
     vertex  8.369231e+01  1.600000e+01  4.500000e+00
     vertex  8.069231e+01  1.600000e+01  6.000000e+00
     vertex  8.069231e+01  1.600000e+01  4.500000e+00
   endloop
 endfacet
 facet normal -0.000000e+00 -1.000000e+00 -0.000000e+00
   outer loop
     vertex  8.369231e+01  1.600000e+01  4.500000e+00
     vertex  8.069231e+01  1.600000e+01  4.500000e+00
     vertex  8.369231e+01  1.600000e+01  3.000000e+00
   endloop
 endfacet
 facet normal -0.000000e+00 -1.000000e+00 -0.000000e+00
   outer loop
     vertex  8.369231e+01  1.600000e+01  6.000000e+00
     vertex  8.069231e+01  1.600000e+01  6.000000e+00
     vertex  8.369231e+01  1.600000e+01  4.500000e+00
   endloop
 endfacet
 facet normal  0.000000e+00 -1.000000e+00 -0.000000e+00
   outer loop
     vertex  8.784615e+01  1.600000e+01  6.000000e+00
     vertex  8.369231e+01  1.600000e+01  4.500000e+00
     vertex  8.784615e+01  1.600000e+01  4.500000e+00
   endloop
 endfacet
 facet normal -0.000000e+00 -1.000000e+00  0.000000e+00
   outer loop
     vertex  8.784615e+01  1.600000e+01  6.000000e+00
     vertex  8.369231e+01  1.600000e+01  6.000000e+00
     vertex  8.369231e+01  1.600000e+01  4.500000e+00
   endloop
 endfacet
 facet normal  0.000000e+00 -1.000000e+00 -0.000000e+00
   outer loop
     vertex  8.369231e+01  1.600000e+01  1.050000e+01
     vertex  8.069231e+01  1.600000e+01  6.000000e+00
     vertex  8.369231e+01  1.600000e+01  6.000000e+00
   endloop
 endfacet
 facet normal -0.000000e+00 -1.000000e+00  0.000000e+00
   outer loop
     vertex  8.369231e+01  1.600000e+01  1.050000e+01
     vertex  8.069231e+01  1.600000e+01  1.050000e+01
     vertex  8.069231e+01  1.600000e+01  6.000000e+00
   endloop
 endfacet
 facet normal  0.000000e+00 -1.000000e+00 -0.000000e+00
   outer loop
     vertex  9.084615e+01  1.600000e+01  4.500000e+00
     vertex  8.784615e+01  1.600000e+01  3.000000e+00
     vertex  9.084615e+01  1.600000e+01  3.000000e+00
   endloop
 endfacet
 facet normal -0.000000e+00 -1.000000e+00  0.000000e+00
   outer loop
     vertex  9.084615e+01  1.600000e+01  4.500000e+00
     vertex  8.784615e+01  1.600000e+01  4.500000e+00
     vertex  8.784615e+01  1.600000e+01  3.000000e+00
   endloop
 endfacet
 facet normal  0.000000e+00 -1.000000e+00 -0.000000e+00
   outer loop
     vertex  9.084615e+01  1.600000e+01  6.000000e+00
     vertex  8.784615e+01  1.600000e+01  4.500000e+00
     vertex  9.084615e+01  1.600000e+01  4.500000e+00
   endloop
 endfacet
 facet normal -0.000000e+00 -1.000000e+00  0.000000e+00
   outer loop
     vertex  9.084615e+01  1.600000e+01  6.000000e+00
     vertex  8.784615e+01  1.600000e+01  6.000000e+00
     vertex  8.784615e+01  1.600000e+01  4.500000e+00
   endloop
 endfacet
 facet normal  0.000000e+00 -1.000000e+00  0.000000e+00
   outer loop
     vertex  8.784615e+01  1.600000e+01  1.050000e+01
     vertex  8.784615e+01  1.600000e+01  6.000000e+00
     vertex  9.084615e+01  1.600000e+01  6.000000e+00
   endloop
 endfacet
 facet normal  0.000000e+00 -1.000000e+00  0.000000e+00
   outer loop
     vertex  9.800000e+01  1.600000e+01  3.000000e+00
     vertex  9.500000e+01  1.600000e+01  4.500000e+00
     vertex  9.500000e+01  1.600000e+01  3.000000e+00
   endloop
 endfacet
 facet normal  0.000000e+00 -1.000000e+00 -0.000000e+00
   outer loop
     vertex  9.500000e+01  1.600000e+01  6.000000e+00
     vertex  9.084615e+01  1.600000e+01  4.500000e+00
     vertex  9.500000e+01  1.600000e+01  4.500000e+00
   endloop
 endfacet
 facet normal -0.000000e+00 -1.000000e+00  0.000000e+00
   outer loop
     vertex  9.500000e+01  1.600000e+01  6.000000e+00
     vertex  9.084615e+01  1.600000e+01  6.000000e+00
     vertex  9.084615e+01  1.600000e+01  4.500000e+00
   endloop
 endfacet
 facet normal  0.000000e+00 -1.000000e+00  0.000000e+00
   outer loop
     vertex  9.500000e+01  1.600000e+01  6.000000e+00
     vertex  9.500000e+01  1.600000e+01  4.500000e+00
     vertex  9.800000e+01  1.600000e+01  3.000000e+00
   endloop
 endfacet
 facet normal -0.000000e+00 -1.000000e+00 -0.000000e+00
   outer loop
     vertex  9.084615e+01  1.600000e+01  1.050000e+01
     vertex  8.784615e+01  1.600000e+01  1.050000e+01
     vertex  9.084615e+01  1.600000e+01  6.000000e+00
   endloop
 endfacet
 facet normal  0.000000e+00 -1.000000e+00  0.000000e+00
   outer loop
     vertex  9.800000e+01  1.600000e+01  1.200000e+01
     vertex  8.369231e+01  1.600000e+01  1.050000e+01
     vertex  8.784615e+01  1.600000e+01  1.050000e+01
   endloop
 endfacet
 facet normal  0.000000e+00 -1.000000e+00  0.000000e+00
   outer loop
     vertex  9.800000e+01  1.600000e+01  1.200000e+01
     vertex  8.069231e+01  1.600000e+01  1.050000e+01
     vertex  8.369231e+01  1.600000e+01  1.050000e+01
   endloop
 endfacet
 facet normal  0.000000e+00 -1.000000e+00  0.000000e+00
   outer loop
     vertex  9.800000e+01  1.600000e+01  1.200000e+01
     vertex  9.500000e+01  1.600000e+01  1.050000e+01
     vertex  9.500000e+01  1.600000e+01  6.000000e+00
   endloop
 endfacet
 facet normal  0.000000e+00 -1.000000e+00  0.000000e+00
   outer loop
     vertex  9.800000e+01  1.600000e+01  1.200000e+01
     vertex  9.084615e+01  1.600000e+01  1.050000e+01
     vertex  9.500000e+01  1.600000e+01  1.050000e+01
   endloop
 endfacet
 facet normal  0.000000e+00 -1.000000e+00  0.000000e+00
   outer loop
     vertex  9.800000e+01  1.600000e+01  1.200000e+01
     vertex  8.784615e+01  1.600000e+01  1.050000e+01
     vertex  9.084615e+01  1.600000e+01  1.050000e+01
   endloop
 endfacet
 facet normal  0.000000e+00 -1.000000e+00 -0.000000e+00
   outer loop
     vertex  9.800000e+01  1.600000e+01  1.200000e+01
     vertex  9.500000e+01  1.600000e+01  6.000000e+00
     vertex  9.800000e+01  1.600000e+01  3.000000e+00
   endloop
 endfacet
 facet normal  0.000000e+00 -1.000000e+00  0.000000e+00
   outer loop
     vertex  2.000000e+00  1.600000e+01  1.200000e+01
     vertex  8.069231e+01  1.600000e+01  1.050000e+01
     vertex  9.800000e+01  1.600000e+01  1.200000e+01
   endloop
 endfacet
 facet normal  0.000000e+00 -1.000000e+00  0.000000e+00
   outer loop
     vertex  2.000000e+00  1.600000e+01  1.200000e+01
     vertex  7.653846e+01  1.600000e+01  1.050000e+01
     vertex  8.069231e+01  1.600000e+01  1.050000e+01
   endloop
 endfacet
 facet normal  0.000000e+00 -1.000000e+00  0.000000e+00
   outer loop
     vertex  2.000000e+00  1.600000e+01  1.200000e+01
     vertex  7.353846e+01  1.600000e+01  1.050000e+01
     vertex  7.653846e+01  1.600000e+01  1.050000e+01
   endloop
 endfacet
 facet normal  0.000000e+00 -1.000000e+00  0.000000e+00
   outer loop
     vertex  2.000000e+00  1.600000e+01  1.200000e+01
     vertex  6.938462e+01  1.600000e+01  1.050000e+01
     vertex  7.353846e+01  1.600000e+01  1.050000e+01
   endloop
 endfacet
 facet normal  0.000000e+00 -1.000000e+00  0.000000e+00
   outer loop
     vertex  2.000000e+00  1.600000e+01  1.200000e+01
     vertex  6.638462e+01  1.600000e+01  1.050000e+01
     vertex  6.938462e+01  1.600000e+01  1.050000e+01
   endloop
 endfacet
 facet normal  0.000000e+00 -1.000000e+00  0.000000e+00
   outer loop
     vertex  2.000000e+00  1.600000e+01  1.200000e+01
     vertex  6.223077e+01  1.600000e+01  1.050000e+01
     vertex  6.638462e+01  1.600000e+01  1.050000e+01
   endloop
 endfacet
 facet normal  0.000000e+00 -1.000000e+00  0.000000e+00
   outer loop
     vertex  2.000000e+00  1.600000e+01  1.200000e+01
     vertex  5.923077e+01  1.600000e+01  1.050000e+01
     vertex  6.223077e+01  1.600000e+01  1.050000e+01
   endloop
 endfacet
 facet normal  0.000000e+00 -1.000000e+00  0.000000e+00
   outer loop
     vertex  2.000000e+00  1.600000e+01  1.200000e+01
     vertex  5.507692e+01  1.600000e+01  1.050000e+01
     vertex  5.923077e+01  1.600000e+01  1.050000e+01
   endloop
 endfacet
 facet normal  0.000000e+00 -1.000000e+00  0.000000e+00
   outer loop
     vertex  2.000000e+00  1.600000e+01  1.200000e+01
     vertex  5.207692e+01  1.600000e+01  1.050000e+01
     vertex  5.507692e+01  1.600000e+01  1.050000e+01
   endloop
 endfacet
 facet normal  0.000000e+00 -1.000000e+00  0.000000e+00
   outer loop
     vertex  2.000000e+00  1.600000e+01  1.200000e+01
     vertex  4.792308e+01  1.600000e+01  1.050000e+01
     vertex  5.207692e+01  1.600000e+01  1.050000e+01
   endloop
 endfacet
 facet normal  0.000000e+00 -1.000000e+00  0.000000e+00
   outer loop
     vertex  2.000000e+00  1.600000e+01  1.200000e+01
     vertex  4.492308e+01  1.600000e+01  1.050000e+01
     vertex  4.792308e+01  1.600000e+01  1.050000e+01
   endloop
 endfacet
 facet normal  0.000000e+00 -1.000000e+00  0.000000e+00
   outer loop
     vertex  2.000000e+00  1.600000e+01  1.200000e+01
     vertex  4.076923e+01  1.600000e+01  1.050000e+01
     vertex  4.492308e+01  1.600000e+01  1.050000e+01
   endloop
 endfacet
 facet normal  0.000000e+00 -1.000000e+00  0.000000e+00
   outer loop
     vertex  2.000000e+00  1.600000e+01  1.200000e+01
     vertex  3.776923e+01  1.600000e+01  1.050000e+01
     vertex  4.076923e+01  1.600000e+01  1.050000e+01
   endloop
 endfacet
 facet normal  0.000000e+00 -1.000000e+00  0.000000e+00
   outer loop
     vertex  2.000000e+00  1.600000e+01  1.200000e+01
     vertex  3.361538e+01  1.600000e+01  1.050000e+01
     vertex  3.776923e+01  1.600000e+01  1.050000e+01
   endloop
 endfacet
 facet normal  0.000000e+00 -1.000000e+00  0.000000e+00
   outer loop
     vertex  2.000000e+00  1.600000e+01  1.200000e+01
     vertex  3.061538e+01  1.600000e+01  1.050000e+01
     vertex  3.361538e+01  1.600000e+01  1.050000e+01
   endloop
 endfacet
 facet normal  0.000000e+00 -1.000000e+00  0.000000e+00
   outer loop
     vertex  2.000000e+00  1.600000e+01  1.200000e+01
     vertex  2.646154e+01  1.600000e+01  1.050000e+01
     vertex  3.061538e+01  1.600000e+01  1.050000e+01
   endloop
 endfacet
 facet normal  0.000000e+00 -1.000000e+00  0.000000e+00
   outer loop
     vertex  2.000000e+00  1.600000e+01  1.200000e+01
     vertex  2.346154e+01  1.600000e+01  1.050000e+01
     vertex  2.646154e+01  1.600000e+01  1.050000e+01
   endloop
 endfacet
 facet normal  0.000000e+00 -1.000000e+00  0.000000e+00
   outer loop
     vertex  2.000000e+00  1.600000e+01  1.200000e+01
     vertex  1.930769e+01  1.600000e+01  1.050000e+01
     vertex  2.346154e+01  1.600000e+01  1.050000e+01
   endloop
 endfacet
 facet normal  0.000000e+00 -1.000000e+00  0.000000e+00
   outer loop
     vertex  2.000000e+00  1.600000e+01  1.200000e+01
     vertex  1.630769e+01  1.600000e+01  1.050000e+01
     vertex  1.930769e+01  1.600000e+01  1.050000e+01
   endloop
 endfacet
 facet normal  0.000000e+00  1.000000e+00  0.000000e+00
   outer loop
     vertex  5.000000e+00  1.800000e+01  4.500000e+00
     vertex  5.000000e+00  1.800000e+01  3.000000e+00
     vertex  2.000000e+00  1.800000e+01  3.000000e+00
   endloop
 endfacet
 facet normal  0.000000e+00  1.000000e+00  0.000000e+00
   outer loop
     vertex  5.000000e+00  1.800000e+01  6.000000e+00
     vertex  5.000000e+00  1.800000e+01  4.500000e+00
     vertex  2.000000e+00  1.800000e+01  3.000000e+00
   endloop
 endfacet
 facet normal  0.000000e+00  1.000000e+00  0.000000e+00
   outer loop
     vertex  2.000000e+00  1.800000e+01  1.200000e+01
     vertex  5.000000e+00  1.800000e+01  6.000000e+00
     vertex  2.000000e+00  1.800000e+01  3.000000e+00
   endloop
 endfacet
 facet normal  0.000000e+00  1.000000e+00  0.000000e+00
   outer loop
     vertex  9.153846e+00  1.800000e+01  6.000000e+00
     vertex  5.000000e+00  1.800000e+01  4.500000e+00
     vertex  5.000000e+00  1.800000e+01  6.000000e+00
   endloop
 endfacet
 facet normal  0.000000e+00  1.000000e+00  0.000000e+00
   outer loop
     vertex  9.153846e+00  1.800000e+01  6.000000e+00
     vertex  9.153846e+00  1.800000e+01  4.500000e+00
     vertex  5.000000e+00  1.800000e+01  4.500000e+00
   endloop
 endfacet
 facet normal  0.000000e+00  1.000000e+00  0.000000e+00
   outer loop
     vertex  5.000000e+00  1.800000e+01  1.050000e+01
     vertex  5.000000e+00  1.800000e+01  6.000000e+00
     vertex  2.000000e+00  1.800000e+01  1.200000e+01
   endloop
 endfacet
 facet normal  0.000000e+00  1.000000e+00  0.000000e+00
   outer loop
     vertex  1.215385e+01  1.800000e+01  4.500000e+00
     vertex  1.215385e+01  1.800000e+01  3.000000e+00
     vertex  9.153846e+00  1.800000e+01  3.000000e+00
   endloop
 endfacet
 facet normal  0.000000e+00  1.000000e+00  0.000000e+00
   outer loop
     vertex  1.215385e+01  1.800000e+01  4.500000e+00
     vertex  9.153846e+00  1.800000e+01  3.000000e+00
     vertex  9.153846e+00  1.800000e+01  4.500000e+00
   endloop
 endfacet
 facet normal  0.000000e+00  1.000000e+00  0.000000e+00
   outer loop
     vertex  1.215385e+01  1.800000e+01  6.000000e+00
     vertex  1.215385e+01  1.800000e+01  4.500000e+00
     vertex  9.153846e+00  1.800000e+01  4.500000e+00
   endloop
 endfacet
 facet normal  0.000000e+00  1.000000e+00  0.000000e+00
   outer loop
     vertex  1.215385e+01  1.800000e+01  6.000000e+00
     vertex  9.153846e+00  1.800000e+01  4.500000e+00
     vertex  9.153846e+00  1.800000e+01  6.000000e+00
   endloop
 endfacet
 facet normal  0.000000e+00  1.000000e+00  0.000000e+00
   outer loop
     vertex  9.153846e+00  1.800000e+01  1.050000e+01
     vertex  5.000000e+00  1.800000e+01  1.050000e+01
     vertex  2.000000e+00  1.800000e+01  1.200000e+01
   endloop
 endfacet
 facet normal  0.000000e+00  1.000000e+00  0.000000e+00
   outer loop
     vertex  1.930769e+01  1.800000e+01  3.000000e+00
     vertex  1.630769e+01  1.800000e+01  3.000000e+00
     vertex  1.630769e+01  1.800000e+01  4.500000e+00
   endloop
 endfacet
 facet normal  0.000000e+00  1.000000e+00  0.000000e+00
   outer loop
     vertex  1.630769e+01  1.800000e+01  6.000000e+00
     vertex  1.215385e+01  1.800000e+01  4.500000e+00
     vertex  1.215385e+01  1.800000e+01  6.000000e+00
   endloop
 endfacet
 facet normal  0.000000e+00  1.000000e+00  0.000000e+00
   outer loop
     vertex  1.630769e+01  1.800000e+01  6.000000e+00
     vertex  1.630769e+01  1.800000e+01  4.500000e+00
     vertex  1.215385e+01  1.800000e+01  4.500000e+00
   endloop
 endfacet
 facet normal  0.000000e+00  1.000000e+00  0.000000e+00
   outer loop
     vertex  1.215385e+01  1.800000e+01  1.050000e+01
     vertex  9.153846e+00  1.800000e+01  1.050000e+01
     vertex  2.000000e+00  1.800000e+01  1.200000e+01
   endloop
 endfacet
 facet normal  0.000000e+00  1.000000e+00  0.000000e+00
   outer loop
     vertex  1.215385e+01  1.800000e+01  1.050000e+01
     vertex  1.215385e+01  1.800000e+01  6.000000e+00
     vertex  9.153846e+00  1.800000e+01  6.000000e+00
   endloop
 endfacet
 facet normal  0.000000e+00  1.000000e+00  0.000000e+00
   outer loop
     vertex  1.215385e+01  1.800000e+01  1.050000e+01
     vertex  9.153846e+00  1.800000e+01  6.000000e+00
     vertex  9.153846e+00  1.800000e+01  1.050000e+01
   endloop
 endfacet
 facet normal  0.000000e+00  1.000000e+00  0.000000e+00
   outer loop
     vertex  1.930769e+01  1.800000e+01  4.500000e+00
     vertex  1.930769e+01  1.800000e+01  3.000000e+00
     vertex  1.630769e+01  1.800000e+01  4.500000e+00
   endloop
 endfacet
 facet normal  0.000000e+00  1.000000e+00  0.000000e+00
   outer loop
     vertex  1.930769e+01  1.800000e+01  4.500000e+00
     vertex  1.630769e+01  1.800000e+01  4.500000e+00
     vertex  1.630769e+01  1.800000e+01  6.000000e+00
   endloop
 endfacet
 facet normal  0.000000e+00  1.000000e+00  0.000000e+00
   outer loop
     vertex  1.930769e+01  1.800000e+01  6.000000e+00
     vertex  1.930769e+01  1.800000e+01  4.500000e+00
     vertex  1.630769e+01  1.800000e+01  6.000000e+00
   endloop
 endfacet
 facet normal  0.000000e+00  1.000000e+00  0.000000e+00
   outer loop
     vertex  1.630769e+01  1.800000e+01  1.050000e+01
     vertex  1.215385e+01  1.800000e+01  1.050000e+01
     vertex  2.000000e+00  1.800000e+01  1.200000e+01
   endloop
 endfacet
 facet normal  0.000000e+00  1.000000e+00  0.000000e+00
   outer loop
     vertex  1.630769e+01  1.800000e+01  1.050000e+01
     vertex  1.930769e+01  1.800000e+01  6.000000e+00
     vertex  1.630769e+01  1.800000e+01  6.000000e+00
   endloop
 endfacet
 facet normal  0.000000e+00  1.000000e+00  0.000000e+00
   outer loop
     vertex  2.346154e+01  1.800000e+01  6.000000e+00
     vertex  2.346154e+01  1.800000e+01  4.500000e+00
     vertex  1.930769e+01  1.800000e+01  4.500000e+00
   endloop
 endfacet
 facet normal  0.000000e+00  1.000000e+00  0.000000e+00
   outer loop
     vertex  2.346154e+01  1.800000e+01  6.000000e+00
     vertex  1.930769e+01  1.800000e+01  4.500000e+00
     vertex  1.930769e+01  1.800000e+01  6.000000e+00
   endloop
 endfacet
 facet normal  0.000000e+00  1.000000e+00  0.000000e+00
   outer loop
     vertex  1.930769e+01  1.800000e+01  1.050000e+01
     vertex  1.930769e+01  1.800000e+01  6.000000e+00
     vertex  1.630769e+01  1.800000e+01  1.050000e+01
   endloop
 endfacet
 facet normal  0.000000e+00  1.000000e+00  0.000000e+00
   outer loop
     vertex  2.646154e+01  1.800000e+01  4.500000e+00
     vertex  2.646154e+01  1.800000e+01  3.000000e+00
     vertex  2.346154e+01  1.800000e+01  3.000000e+00
   endloop
 endfacet
 facet normal  0.000000e+00  1.000000e+00  0.000000e+00
   outer loop
     vertex  2.646154e+01  1.800000e+01  4.500000e+00
     vertex  2.346154e+01  1.800000e+01  3.000000e+00
     vertex  2.346154e+01  1.800000e+01  4.500000e+00
   endloop
 endfacet
 facet normal  0.000000e+00  1.000000e+00  0.000000e+00
   outer loop
     vertex  2.646154e+01  1.800000e+01  6.000000e+00
     vertex  2.646154e+01  1.800000e+01  4.500000e+00
     vertex  2.346154e+01  1.800000e+01  4.500000e+00
   endloop
 endfacet
 facet normal  0.000000e+00  1.000000e+00  0.000000e+00
   outer loop
     vertex  2.646154e+01  1.800000e+01  6.000000e+00
     vertex  2.346154e+01  1.800000e+01  4.500000e+00
     vertex  2.346154e+01  1.800000e+01  6.000000e+00
   endloop
 endfacet
 facet normal  0.000000e+00  1.000000e+00  0.000000e+00
   outer loop
     vertex  2.346154e+01  1.800000e+01  1.050000e+01
     vertex  2.646154e+01  1.800000e+01  6.000000e+00
     vertex  2.346154e+01  1.800000e+01  6.000000e+00
   endloop
 endfacet
 facet normal  0.000000e+00  1.000000e+00  0.000000e+00
   outer loop
     vertex  3.061538e+01  1.800000e+01  6.000000e+00
     vertex  3.061538e+01  1.800000e+01  4.500000e+00
     vertex  2.646154e+01  1.800000e+01  4.500000e+00
   endloop
 endfacet
 facet normal  0.000000e+00  1.000000e+00  0.000000e+00
   outer loop
     vertex  3.061538e+01  1.800000e+01  6.000000e+00
     vertex  2.646154e+01  1.800000e+01  4.500000e+00
     vertex  2.646154e+01  1.800000e+01  6.000000e+00
   endloop
 endfacet
 facet normal  0.000000e+00  1.000000e+00  0.000000e+00
   outer loop
     vertex  2.646154e+01  1.800000e+01  1.050000e+01
     vertex  2.646154e+01  1.800000e+01  6.000000e+00
     vertex  2.346154e+01  1.800000e+01  1.050000e+01
   endloop
 endfacet
 facet normal  0.000000e+00  1.000000e+00  0.000000e+00
   outer loop
     vertex  3.361538e+01  1.800000e+01  4.500000e+00
     vertex  3.361538e+01  1.800000e+01  3.000000e+00
     vertex  3.061538e+01  1.800000e+01  3.000000e+00
   endloop
 endfacet
 facet normal  0.000000e+00  1.000000e+00  0.000000e+00
   outer loop
     vertex  3.361538e+01  1.800000e+01  4.500000e+00
     vertex  3.061538e+01  1.800000e+01  3.000000e+00
     vertex  3.061538e+01  1.800000e+01  4.500000e+00
   endloop
 endfacet
 facet normal  0.000000e+00  1.000000e+00  0.000000e+00
   outer loop
     vertex  3.361538e+01  1.800000e+01  6.000000e+00
     vertex  3.061538e+01  1.800000e+01  4.500000e+00
     vertex  3.061538e+01  1.800000e+01  6.000000e+00
   endloop
 endfacet
 facet normal  0.000000e+00  1.000000e+00  0.000000e+00
   outer loop
     vertex  3.361538e+01  1.800000e+01  6.000000e+00
     vertex  3.361538e+01  1.800000e+01  4.500000e+00
     vertex  3.061538e+01  1.800000e+01  4.500000e+00
   endloop
 endfacet
 facet normal  0.000000e+00  1.000000e+00  0.000000e+00
   outer loop
     vertex  3.776923e+01  1.800000e+01  4.500000e+00
     vertex  3.361538e+01  1.800000e+01  4.500000e+00
     vertex  3.361538e+01  1.800000e+01  6.000000e+00
   endloop
 endfacet
 facet normal  0.000000e+00  1.000000e+00  0.000000e+00
   outer loop
     vertex  3.776923e+01  1.800000e+01  6.000000e+00
     vertex  3.776923e+01  1.800000e+01  4.500000e+00
     vertex  3.361538e+01  1.800000e+01  6.000000e+00
   endloop
 endfacet
 facet normal  0.000000e+00  1.000000e+00  0.000000e+00
   outer loop
     vertex  3.361538e+01  1.800000e+01  1.050000e+01
     vertex  3.061538e+01  1.800000e+01  6.000000e+00
     vertex  3.061538e+01  1.800000e+01  1.050000e+01
   endloop
 endfacet
 facet normal  0.000000e+00  1.000000e+00  0.000000e+00
   outer loop
     vertex  3.361538e+01  1.800000e+01  1.050000e+01
     vertex  3.361538e+01  1.800000e+01  6.000000e+00
     vertex  3.061538e+01  1.800000e+01  6.000000e+00
   endloop
 endfacet
 facet normal  0.000000e+00  1.000000e+00  0.000000e+00
   outer loop
     vertex  4.076923e+01  1.800000e+01  4.500000e+00
     vertex  4.076923e+01  1.800000e+01  3.000000e+00
     vertex  3.776923e+01  1.800000e+01  3.000000e+00
   endloop
 endfacet
 facet normal  0.000000e+00  1.000000e+00  0.000000e+00
   outer loop
     vertex  4.076923e+01  1.800000e+01  4.500000e+00
     vertex  3.776923e+01  1.800000e+01  3.000000e+00
     vertex  3.776923e+01  1.800000e+01  4.500000e+00
   endloop
 endfacet
 facet normal  0.000000e+00  1.000000e+00  0.000000e+00
   outer loop
     vertex  4.076923e+01  1.800000e+01  6.000000e+00
     vertex  4.076923e+01  1.800000e+01  4.500000e+00
     vertex  3.776923e+01  1.800000e+01  4.500000e+00
   endloop
 endfacet
 facet normal  0.000000e+00  1.000000e+00  0.000000e+00
   outer loop
     vertex  4.076923e+01  1.800000e+01  6.000000e+00
     vertex  3.776923e+01  1.800000e+01  4.500000e+00
     vertex  3.776923e+01  1.800000e+01  6.000000e+00
   endloop
 endfacet
 facet normal  0.000000e+00  1.000000e+00  0.000000e+00
   outer loop
     vertex  4.492308e+01  1.800000e+01  4.500000e+00
     vertex  4.076923e+01  1.800000e+01  4.500000e+00
     vertex  4.076923e+01  1.800000e+01  6.000000e+00
   endloop
 endfacet
 facet normal  0.000000e+00  1.000000e+00  0.000000e+00
   outer loop
     vertex  4.492308e+01  1.800000e+01  6.000000e+00
     vertex  4.492308e+01  1.800000e+01  4.500000e+00
     vertex  4.076923e+01  1.800000e+01  6.000000e+00
   endloop
 endfacet
 facet normal  0.000000e+00  1.000000e+00  0.000000e+00
   outer loop
     vertex  4.792308e+01  1.800000e+01  3.000000e+00
     vertex  4.492308e+01  1.800000e+01  3.000000e+00
     vertex  4.492308e+01  1.800000e+01  4.500000e+00
   endloop
 endfacet
 facet normal  0.000000e+00  1.000000e+00  0.000000e+00
   outer loop
     vertex  4.076923e+01  1.800000e+01  1.050000e+01
     vertex  4.076923e+01  1.800000e+01  6.000000e+00
     vertex  3.776923e+01  1.800000e+01  6.000000e+00
   endloop
 endfacet
 facet normal  0.000000e+00  1.000000e+00  0.000000e+00
   outer loop
     vertex  4.076923e+01  1.800000e+01  1.050000e+01
     vertex  3.776923e+01  1.800000e+01  6.000000e+00
     vertex  3.776923e+01  1.800000e+01  1.050000e+01
   endloop
 endfacet
 facet normal  0.000000e+00  1.000000e+00  0.000000e+00
   outer loop
     vertex  4.792308e+01  1.800000e+01  4.500000e+00
     vertex  4.492308e+01  1.800000e+01  4.500000e+00
     vertex  4.492308e+01  1.800000e+01  6.000000e+00
   endloop
 endfacet
 facet normal  0.000000e+00  1.000000e+00  0.000000e+00
   outer loop
     vertex  4.792308e+01  1.800000e+01  4.500000e+00
     vertex  4.792308e+01  1.800000e+01  3.000000e+00
     vertex  4.492308e+01  1.800000e+01  4.500000e+00
   endloop
 endfacet
 facet normal  0.000000e+00  1.000000e+00  0.000000e+00
   outer loop
     vertex  4.792308e+01  1.800000e+01  6.000000e+00
     vertex  4.792308e+01  1.800000e+01  4.500000e+00
     vertex  4.492308e+01  1.800000e+01  6.000000e+00
   endloop
 endfacet
 facet normal  0.000000e+00  1.000000e+00  0.000000e+00
   outer loop
     vertex  5.207692e+01  1.800000e+01  6.000000e+00
     vertex  4.792308e+01  1.800000e+01  4.500000e+00
     vertex  4.792308e+01  1.800000e+01  6.000000e+00
   endloop
 endfacet
 facet normal  0.000000e+00  1.000000e+00  0.000000e+00
   outer loop
     vertex  5.207692e+01  1.800000e+01  6.000000e+00
     vertex  5.207692e+01  1.800000e+01  4.500000e+00
     vertex  4.792308e+01  1.800000e+01  4.500000e+00
   endloop
 endfacet
 facet normal  0.000000e+00  1.000000e+00  0.000000e+00
   outer loop
     vertex  4.792308e+01  1.800000e+01  1.050000e+01
     vertex  4.492308e+01  1.800000e+01  6.000000e+00
     vertex  4.492308e+01  1.800000e+01  1.050000e+01
   endloop
 endfacet
 facet normal  0.000000e+00  1.000000e+00  0.000000e+00
   outer loop
     vertex  4.792308e+01  1.800000e+01  1.050000e+01
     vertex  4.792308e+01  1.800000e+01  6.000000e+00
     vertex  4.492308e+01  1.800000e+01  6.000000e+00
   endloop
 endfacet
 facet normal  0.000000e+00  1.000000e+00  0.000000e+00
   outer loop
     vertex  5.507692e+01  1.800000e+01  4.500000e+00
     vertex  5.507692e+01  1.800000e+01  3.000000e+00
     vertex  5.207692e+01  1.800000e+01  3.000000e+00
   endloop
 endfacet
 facet normal  0.000000e+00  1.000000e+00  0.000000e+00
   outer loop
     vertex  5.507692e+01  1.800000e+01  4.500000e+00
     vertex  5.207692e+01  1.800000e+01  3.000000e+00
     vertex  5.207692e+01  1.800000e+01  4.500000e+00
   endloop
 endfacet
 facet normal  0.000000e+00  1.000000e+00  0.000000e+00
   outer loop
     vertex  5.507692e+01  1.800000e+01  6.000000e+00
     vertex  5.507692e+01  1.800000e+01  4.500000e+00
     vertex  5.207692e+01  1.800000e+01  4.500000e+00
   endloop
 endfacet
 facet normal  0.000000e+00  1.000000e+00  0.000000e+00
   outer loop
     vertex  5.507692e+01  1.800000e+01  6.000000e+00
     vertex  5.207692e+01  1.800000e+01  4.500000e+00
     vertex  5.207692e+01  1.800000e+01  6.000000e+00
   endloop
 endfacet
 facet normal  0.000000e+00  1.000000e+00  0.000000e+00
   outer loop
     vertex  6.223077e+01  1.800000e+01  3.000000e+00
     vertex  5.923077e+01  1.800000e+01  3.000000e+00
     vertex  5.923077e+01  1.800000e+01  4.500000e+00
   endloop
 endfacet
 facet normal  0.000000e+00  1.000000e+00  0.000000e+00
   outer loop
     vertex  5.923077e+01  1.800000e+01  6.000000e+00
     vertex  5.923077e+01  1.800000e+01  4.500000e+00
     vertex  5.507692e+01  1.800000e+01  4.500000e+00
   endloop
 endfacet
 facet normal  0.000000e+00  1.000000e+00  0.000000e+00
   outer loop
     vertex  5.923077e+01  1.800000e+01  6.000000e+00
     vertex  5.507692e+01  1.800000e+01  4.500000e+00
     vertex  5.507692e+01  1.800000e+01  6.000000e+00
   endloop
 endfacet
 facet normal  0.000000e+00  1.000000e+00  0.000000e+00
   outer loop
     vertex  5.507692e+01  1.800000e+01  1.050000e+01
     vertex  5.507692e+01  1.800000e+01  6.000000e+00
     vertex  5.207692e+01  1.800000e+01  6.000000e+00
   endloop
 endfacet
 facet normal  0.000000e+00  1.000000e+00  0.000000e+00
   outer loop
     vertex  5.507692e+01  1.800000e+01  1.050000e+01
     vertex  5.207692e+01  1.800000e+01  6.000000e+00
     vertex  5.207692e+01  1.800000e+01  1.050000e+01
   endloop
 endfacet
 facet normal  0.000000e+00  1.000000e+00  0.000000e+00
   outer loop
     vertex  6.223077e+01  1.800000e+01  4.500000e+00
     vertex  6.223077e+01  1.800000e+01  3.000000e+00
     vertex  5.923077e+01  1.800000e+01  4.500000e+00
   endloop
 endfacet
 facet normal  0.000000e+00  1.000000e+00  0.000000e+00
   outer loop
     vertex  6.223077e+01  1.800000e+01  4.500000e+00
     vertex  5.923077e+01  1.800000e+01  4.500000e+00
     vertex  5.923077e+01  1.800000e+01  6.000000e+00
   endloop
 endfacet
 facet normal  0.000000e+00  1.000000e+00  0.000000e+00
   outer loop
     vertex  6.223077e+01  1.800000e+01  6.000000e+00
     vertex  6.223077e+01  1.800000e+01  4.500000e+00
     vertex  5.923077e+01  1.800000e+01  6.000000e+00
   endloop
 endfacet
 facet normal  0.000000e+00  1.000000e+00  0.000000e+00
   outer loop
     vertex  6.638462e+01  1.800000e+01  6.000000e+00
     vertex  6.638462e+01  1.800000e+01  4.500000e+00
     vertex  6.223077e+01  1.800000e+01  4.500000e+00
   endloop
 endfacet
 facet normal  0.000000e+00  1.000000e+00  0.000000e+00
   outer loop
     vertex  6.638462e+01  1.800000e+01  6.000000e+00
     vertex  6.223077e+01  1.800000e+01  4.500000e+00
     vertex  6.223077e+01  1.800000e+01  6.000000e+00
   endloop
 endfacet
 facet normal  0.000000e+00  1.000000e+00  0.000000e+00
   outer loop
     vertex  6.223077e+01  1.800000e+01  1.050000e+01
     vertex  6.223077e+01  1.800000e+01  6.000000e+00
     vertex  5.923077e+01  1.800000e+01  6.000000e+00
   endloop
 endfacet
 facet normal  0.000000e+00  1.000000e+00  0.000000e+00
   outer loop
     vertex  6.223077e+01  1.800000e+01  1.050000e+01
     vertex  5.923077e+01  1.800000e+01  6.000000e+00
     vertex  5.923077e+01  1.800000e+01  1.050000e+01
   endloop
 endfacet
 facet normal  0.000000e+00  1.000000e+00  0.000000e+00
   outer loop
     vertex  6.938462e+01  1.800000e+01  4.500000e+00
     vertex  6.938462e+01  1.800000e+01  3.000000e+00
     vertex  6.638462e+01  1.800000e+01  3.000000e+00
   endloop
 endfacet
 facet normal  0.000000e+00  1.000000e+00  0.000000e+00
   outer loop
     vertex  6.938462e+01  1.800000e+01  4.500000e+00
     vertex  6.638462e+01  1.800000e+01  3.000000e+00
     vertex  6.638462e+01  1.800000e+01  4.500000e+00
   endloop
 endfacet
 facet normal  0.000000e+00  1.000000e+00  0.000000e+00
   outer loop
     vertex  6.938462e+01  1.800000e+01  6.000000e+00
     vertex  6.638462e+01  1.800000e+01  4.500000e+00
     vertex  6.638462e+01  1.800000e+01  6.000000e+00
   endloop
 endfacet
 facet normal  0.000000e+00  1.000000e+00  0.000000e+00
   outer loop
     vertex  6.938462e+01  1.800000e+01  6.000000e+00
     vertex  6.938462e+01  1.800000e+01  4.500000e+00
     vertex  6.638462e+01  1.800000e+01  4.500000e+00
   endloop
 endfacet
 facet normal  0.000000e+00  1.000000e+00  0.000000e+00
   outer loop
     vertex  7.353846e+01  1.800000e+01  6.000000e+00
     vertex  7.353846e+01  1.800000e+01  4.500000e+00
     vertex  6.938462e+01  1.800000e+01  4.500000e+00
   endloop
 endfacet
 facet normal  0.000000e+00  1.000000e+00  0.000000e+00
   outer loop
     vertex  7.353846e+01  1.800000e+01  6.000000e+00
     vertex  6.938462e+01  1.800000e+01  4.500000e+00
     vertex  6.938462e+01  1.800000e+01  6.000000e+00
   endloop
 endfacet
 facet normal  0.000000e+00  1.000000e+00  0.000000e+00
   outer loop
     vertex  6.938462e+01  1.800000e+01  1.050000e+01
     vertex  6.938462e+01  1.800000e+01  6.000000e+00
     vertex  6.638462e+01  1.800000e+01  6.000000e+00
   endloop
 endfacet
 facet normal  0.000000e+00  1.000000e+00  0.000000e+00
   outer loop
     vertex  6.938462e+01  1.800000e+01  1.050000e+01
     vertex  6.638462e+01  1.800000e+01  6.000000e+00
     vertex  6.638462e+01  1.800000e+01  1.050000e+01
   endloop
 endfacet
 facet normal  0.000000e+00  1.000000e+00  0.000000e+00
   outer loop
     vertex  7.653846e+01  1.800000e+01  4.500000e+00
     vertex  7.653846e+01  1.800000e+01  3.000000e+00
     vertex  7.353846e+01  1.800000e+01  3.000000e+00
   endloop
 endfacet
 facet normal  0.000000e+00  1.000000e+00  0.000000e+00
   outer loop
     vertex  7.653846e+01  1.800000e+01  4.500000e+00
     vertex  7.353846e+01  1.800000e+01  3.000000e+00
     vertex  7.353846e+01  1.800000e+01  4.500000e+00
   endloop
 endfacet
 facet normal  0.000000e+00  1.000000e+00  0.000000e+00
   outer loop
     vertex  7.653846e+01  1.800000e+01  6.000000e+00
     vertex  7.353846e+01  1.800000e+01  4.500000e+00
     vertex  7.353846e+01  1.800000e+01  6.000000e+00
   endloop
 endfacet
 facet normal  0.000000e+00  1.000000e+00  0.000000e+00
   outer loop
     vertex  7.653846e+01  1.800000e+01  6.000000e+00
     vertex  7.653846e+01  1.800000e+01  4.500000e+00
     vertex  7.353846e+01  1.800000e+01  4.500000e+00
   endloop
 endfacet
 facet normal  0.000000e+00  1.000000e+00  0.000000e+00
   outer loop
     vertex  8.369231e+01  1.800000e+01  3.000000e+00
     vertex  8.069231e+01  1.800000e+01  3.000000e+00
     vertex  8.069231e+01  1.800000e+01  4.500000e+00
   endloop
 endfacet
 facet normal  0.000000e+00  1.000000e+00  0.000000e+00
   outer loop
     vertex  8.069231e+01  1.800000e+01  6.000000e+00
     vertex  8.069231e+01  1.800000e+01  4.500000e+00
     vertex  7.653846e+01  1.800000e+01  4.500000e+00
   endloop
 endfacet
 facet normal  0.000000e+00  1.000000e+00  0.000000e+00
   outer loop
     vertex  8.069231e+01  1.800000e+01  6.000000e+00
     vertex  7.653846e+01  1.800000e+01  4.500000e+00
     vertex  7.653846e+01  1.800000e+01  6.000000e+00
   endloop
 endfacet
 facet normal  0.000000e+00  1.000000e+00  0.000000e+00
   outer loop
     vertex  7.653846e+01  1.800000e+01  1.050000e+01
     vertex  7.653846e+01  1.800000e+01  6.000000e+00
     vertex  7.353846e+01  1.800000e+01  6.000000e+00
   endloop
 endfacet
 facet normal  0.000000e+00  1.000000e+00  0.000000e+00
   outer loop
     vertex  7.653846e+01  1.800000e+01  1.050000e+01
     vertex  7.353846e+01  1.800000e+01  6.000000e+00
     vertex  7.353846e+01  1.800000e+01  1.050000e+01
   endloop
 endfacet
 facet normal  0.000000e+00  1.000000e+00  0.000000e+00
   outer loop
     vertex  8.369231e+01  1.800000e+01  4.500000e+00
     vertex  8.069231e+01  1.800000e+01  4.500000e+00
     vertex  8.069231e+01  1.800000e+01  6.000000e+00
   endloop
 endfacet
 facet normal  0.000000e+00  1.000000e+00  0.000000e+00
   outer loop
     vertex  8.369231e+01  1.800000e+01  4.500000e+00
     vertex  8.369231e+01  1.800000e+01  3.000000e+00
     vertex  8.069231e+01  1.800000e+01  4.500000e+00
   endloop
 endfacet
 facet normal  0.000000e+00  1.000000e+00  0.000000e+00
   outer loop
     vertex  8.369231e+01  1.800000e+01  6.000000e+00
     vertex  8.369231e+01  1.800000e+01  4.500000e+00
     vertex  8.069231e+01  1.800000e+01  6.000000e+00
   endloop
 endfacet
 facet normal  0.000000e+00  1.000000e+00  0.000000e+00
   outer loop
     vertex  8.784615e+01  1.800000e+01  6.000000e+00
     vertex  8.784615e+01  1.800000e+01  4.500000e+00
     vertex  8.369231e+01  1.800000e+01  4.500000e+00
   endloop
 endfacet
 facet normal  0.000000e+00  1.000000e+00  0.000000e+00
   outer loop
     vertex  8.784615e+01  1.800000e+01  6.000000e+00
     vertex  8.369231e+01  1.800000e+01  4.500000e+00
     vertex  8.369231e+01  1.800000e+01  6.000000e+00
   endloop
 endfacet
 facet normal  0.000000e+00  1.000000e+00  0.000000e+00
   outer loop
     vertex  8.369231e+01  1.800000e+01  1.050000e+01
     vertex  8.369231e+01  1.800000e+01  6.000000e+00
     vertex  8.069231e+01  1.800000e+01  6.000000e+00
   endloop
 endfacet
 facet normal  0.000000e+00  1.000000e+00  0.000000e+00
   outer loop
     vertex  8.369231e+01  1.800000e+01  1.050000e+01
     vertex  8.069231e+01  1.800000e+01  6.000000e+00
     vertex  8.069231e+01  1.800000e+01  1.050000e+01
   endloop
 endfacet
 facet normal  0.000000e+00  1.000000e+00  0.000000e+00
   outer loop
     vertex  9.084615e+01  1.800000e+01  4.500000e+00
     vertex  9.084615e+01  1.800000e+01  3.000000e+00
     vertex  8.784615e+01  1.800000e+01  3.000000e+00
   endloop
 endfacet
 facet normal  0.000000e+00  1.000000e+00  0.000000e+00
   outer loop
     vertex  9.084615e+01  1.800000e+01  4.500000e+00
     vertex  8.784615e+01  1.800000e+01  3.000000e+00
     vertex  8.784615e+01  1.800000e+01  4.500000e+00
   endloop
 endfacet
 facet normal  0.000000e+00  1.000000e+00  0.000000e+00
   outer loop
     vertex  9.084615e+01  1.800000e+01  6.000000e+00
     vertex  9.084615e+01  1.800000e+01  4.500000e+00
     vertex  8.784615e+01  1.800000e+01  4.500000e+00
   endloop
 endfacet
 facet normal  0.000000e+00  1.000000e+00  0.000000e+00
   outer loop
     vertex  9.084615e+01  1.800000e+01  6.000000e+00
     vertex  8.784615e+01  1.800000e+01  4.500000e+00
     vertex  8.784615e+01  1.800000e+01  6.000000e+00
   endloop
 endfacet
 facet normal  0.000000e+00  1.000000e+00  0.000000e+00
   outer loop
     vertex  8.784615e+01  1.800000e+01  1.050000e+01
     vertex  9.084615e+01  1.800000e+01  6.000000e+00
     vertex  8.784615e+01  1.800000e+01  6.000000e+00
   endloop
 endfacet
 facet normal  0.000000e+00  1.000000e+00  0.000000e+00
   outer loop
     vertex  9.800000e+01  1.800000e+01  3.000000e+00
     vertex  9.500000e+01  1.800000e+01  3.000000e+00
     vertex  9.500000e+01  1.800000e+01  4.500000e+00
   endloop
 endfacet
 facet normal  0.000000e+00  1.000000e+00  0.000000e+00
   outer loop
     vertex  9.500000e+01  1.800000e+01  6.000000e+00
     vertex  9.500000e+01  1.800000e+01  4.500000e+00
     vertex  9.084615e+01  1.800000e+01  4.500000e+00
   endloop
 endfacet
 facet normal  0.000000e+00  1.000000e+00  0.000000e+00
   outer loop
     vertex  9.500000e+01  1.800000e+01  6.000000e+00
     vertex  9.084615e+01  1.800000e+01  4.500000e+00
     vertex  9.084615e+01  1.800000e+01  6.000000e+00
   endloop
 endfacet
 facet normal  0.000000e+00  1.000000e+00  0.000000e+00
   outer loop
     vertex  9.500000e+01  1.800000e+01  6.000000e+00
     vertex  9.800000e+01  1.800000e+01  3.000000e+00
     vertex  9.500000e+01  1.800000e+01  4.500000e+00
   endloop
 endfacet
 facet normal  0.000000e+00  1.000000e+00  0.000000e+00
   outer loop
     vertex  9.084615e+01  1.800000e+01  1.050000e+01
     vertex  9.084615e+01  1.800000e+01  6.000000e+00
     vertex  8.784615e+01  1.800000e+01  1.050000e+01
   endloop
 endfacet
 facet normal  0.000000e+00  1.000000e+00  0.000000e+00
   outer loop
     vertex  9.800000e+01  1.800000e+01  1.200000e+01
     vertex  8.784615e+01  1.800000e+01  1.050000e+01
     vertex  8.369231e+01  1.800000e+01  1.050000e+01
   endloop
 endfacet
 facet normal  0.000000e+00  1.000000e+00  0.000000e+00
   outer loop
     vertex  9.800000e+01  1.800000e+01  1.200000e+01
     vertex  8.369231e+01  1.800000e+01  1.050000e+01
     vertex  8.069231e+01  1.800000e+01  1.050000e+01
   endloop
 endfacet
 facet normal  0.000000e+00  1.000000e+00  0.000000e+00
   outer loop
     vertex  9.800000e+01  1.800000e+01  1.200000e+01
     vertex  9.500000e+01  1.800000e+01  6.000000e+00
     vertex  9.500000e+01  1.800000e+01  1.050000e+01
   endloop
 endfacet
 facet normal  0.000000e+00  1.000000e+00  0.000000e+00
   outer loop
     vertex  9.800000e+01  1.800000e+01  1.200000e+01
     vertex  9.500000e+01  1.800000e+01  1.050000e+01
     vertex  9.084615e+01  1.800000e+01  1.050000e+01
   endloop
 endfacet
 facet normal  0.000000e+00  1.000000e+00  0.000000e+00
   outer loop
     vertex  9.800000e+01  1.800000e+01  1.200000e+01
     vertex  9.084615e+01  1.800000e+01  1.050000e+01
     vertex  8.784615e+01  1.800000e+01  1.050000e+01
   endloop
 endfacet
 facet normal  0.000000e+00  1.000000e+00  0.000000e+00
   outer loop
     vertex  9.800000e+01  1.800000e+01  1.200000e+01
     vertex  9.800000e+01  1.800000e+01  3.000000e+00
     vertex  9.500000e+01  1.800000e+01  6.000000e+00
   endloop
 endfacet
 facet normal -0.000000e+00  1.000000e+00  0.000000e+00
   outer loop
     vertex  2.000000e+00  1.800000e+01  1.200000e+01
     vertex  9.800000e+01  1.800000e+01  1.200000e+01
     vertex  8.069231e+01  1.800000e+01  1.050000e+01
   endloop
 endfacet
 facet normal  0.000000e+00  1.000000e+00  0.000000e+00
   outer loop
     vertex  2.000000e+00  1.800000e+01  1.200000e+01
     vertex  8.069231e+01  1.800000e+01  1.050000e+01
     vertex  7.653846e+01  1.800000e+01  1.050000e+01
   endloop
 endfacet
 facet normal  0.000000e+00  1.000000e+00  0.000000e+00
   outer loop
     vertex  2.000000e+00  1.800000e+01  1.200000e+01
     vertex  7.653846e+01  1.800000e+01  1.050000e+01
     vertex  7.353846e+01  1.800000e+01  1.050000e+01
   endloop
 endfacet
 facet normal  0.000000e+00  1.000000e+00  0.000000e+00
   outer loop
     vertex  2.000000e+00  1.800000e+01  1.200000e+01
     vertex  7.353846e+01  1.800000e+01  1.050000e+01
     vertex  6.938462e+01  1.800000e+01  1.050000e+01
   endloop
 endfacet
 facet normal  0.000000e+00  1.000000e+00  0.000000e+00
   outer loop
     vertex  2.000000e+00  1.800000e+01  1.200000e+01
     vertex  6.938462e+01  1.800000e+01  1.050000e+01
     vertex  6.638462e+01  1.800000e+01  1.050000e+01
   endloop
 endfacet
 facet normal  0.000000e+00  1.000000e+00  0.000000e+00
   outer loop
     vertex  2.000000e+00  1.800000e+01  1.200000e+01
     vertex  6.638462e+01  1.800000e+01  1.050000e+01
     vertex  6.223077e+01  1.800000e+01  1.050000e+01
   endloop
 endfacet
 facet normal  0.000000e+00  1.000000e+00  0.000000e+00
   outer loop
     vertex  2.000000e+00  1.800000e+01  1.200000e+01
     vertex  6.223077e+01  1.800000e+01  1.050000e+01
     vertex  5.923077e+01  1.800000e+01  1.050000e+01
   endloop
 endfacet
 facet normal  0.000000e+00  1.000000e+00  0.000000e+00
   outer loop
     vertex  2.000000e+00  1.800000e+01  1.200000e+01
     vertex  5.923077e+01  1.800000e+01  1.050000e+01
     vertex  5.507692e+01  1.800000e+01  1.050000e+01
   endloop
 endfacet
 facet normal  0.000000e+00  1.000000e+00  0.000000e+00
   outer loop
     vertex  2.000000e+00  1.800000e+01  1.200000e+01
     vertex  5.507692e+01  1.800000e+01  1.050000e+01
     vertex  5.207692e+01  1.800000e+01  1.050000e+01
   endloop
 endfacet
 facet normal  0.000000e+00  1.000000e+00  0.000000e+00
   outer loop
     vertex  2.000000e+00  1.800000e+01  1.200000e+01
     vertex  5.207692e+01  1.800000e+01  1.050000e+01
     vertex  4.792308e+01  1.800000e+01  1.050000e+01
   endloop
 endfacet
 facet normal  0.000000e+00  1.000000e+00  0.000000e+00
   outer loop
     vertex  2.000000e+00  1.800000e+01  1.200000e+01
     vertex  4.792308e+01  1.800000e+01  1.050000e+01
     vertex  4.492308e+01  1.800000e+01  1.050000e+01
   endloop
 endfacet
 facet normal  0.000000e+00  1.000000e+00  0.000000e+00
   outer loop
     vertex  2.000000e+00  1.800000e+01  1.200000e+01
     vertex  4.492308e+01  1.800000e+01  1.050000e+01
     vertex  4.076923e+01  1.800000e+01  1.050000e+01
   endloop
 endfacet
 facet normal  0.000000e+00  1.000000e+00  0.000000e+00
   outer loop
     vertex  2.000000e+00  1.800000e+01  1.200000e+01
     vertex  4.076923e+01  1.800000e+01  1.050000e+01
     vertex  3.776923e+01  1.800000e+01  1.050000e+01
   endloop
 endfacet
 facet normal  0.000000e+00  1.000000e+00  0.000000e+00
   outer loop
     vertex  2.000000e+00  1.800000e+01  1.200000e+01
     vertex  3.776923e+01  1.800000e+01  1.050000e+01
     vertex  3.361538e+01  1.800000e+01  1.050000e+01
   endloop
 endfacet
 facet normal  0.000000e+00  1.000000e+00  0.000000e+00
   outer loop
     vertex  2.000000e+00  1.800000e+01  1.200000e+01
     vertex  3.361538e+01  1.800000e+01  1.050000e+01
     vertex  3.061538e+01  1.800000e+01  1.050000e+01
   endloop
 endfacet
 facet normal  0.000000e+00  1.000000e+00  0.000000e+00
   outer loop
     vertex  2.000000e+00  1.800000e+01  1.200000e+01
     vertex  3.061538e+01  1.800000e+01  1.050000e+01
     vertex  2.646154e+01  1.800000e+01  1.050000e+01
   endloop
 endfacet
 facet normal  0.000000e+00  1.000000e+00  0.000000e+00
   outer loop
     vertex  2.000000e+00  1.800000e+01  1.200000e+01
     vertex  2.646154e+01  1.800000e+01  1.050000e+01
     vertex  2.346154e+01  1.800000e+01  1.050000e+01
   endloop
 endfacet
 facet normal  0.000000e+00  1.000000e+00  0.000000e+00
   outer loop
     vertex  2.000000e+00  1.800000e+01  1.200000e+01
     vertex  2.346154e+01  1.800000e+01  1.050000e+01
     vertex  1.930769e+01  1.800000e+01  1.050000e+01
   endloop
 endfacet
 facet normal  0.000000e+00  1.000000e+00  0.000000e+00
   outer loop
     vertex  2.000000e+00  1.800000e+01  1.200000e+01
     vertex  1.930769e+01  1.800000e+01  1.050000e+01
     vertex  1.630769e+01  1.800000e+01  1.050000e+01
   endloop
 endfacet
 facet normal  0.000000e+00 -1.000000e+00 -0.000000e+00
   outer loop
     vertex  5.000000e+00  2.400000e+01  4.500000e+00
     vertex  2.000000e+00  2.400000e+01  3.000000e+00
     vertex  5.000000e+00  2.400000e+01  3.000000e+00
   endloop
 endfacet
 facet normal  0.000000e+00 -1.000000e+00 -0.000000e+00
   outer loop
     vertex  5.000000e+00  2.400000e+01  6.000000e+00
     vertex  2.000000e+00  2.400000e+01  3.000000e+00
     vertex  5.000000e+00  2.400000e+01  4.500000e+00
   endloop
 endfacet
 facet normal  0.000000e+00 -1.000000e+00  0.000000e+00
   outer loop
     vertex  2.000000e+00  2.400000e+01  1.200000e+01
     vertex  2.000000e+00  2.400000e+01  3.000000e+00
     vertex  5.000000e+00  2.400000e+01  6.000000e+00
   endloop
 endfacet
 facet normal -0.000000e+00 -1.000000e+00  0.000000e+00
   outer loop
     vertex  9.153846e+00  2.400000e+01  6.000000e+00
     vertex  5.000000e+00  2.400000e+01  6.000000e+00
     vertex  5.000000e+00  2.400000e+01  4.500000e+00
   endloop
 endfacet
 facet normal  0.000000e+00 -1.000000e+00 -0.000000e+00
   outer loop
     vertex  9.153846e+00  2.400000e+01  6.000000e+00
     vertex  5.000000e+00  2.400000e+01  4.500000e+00
     vertex  9.153846e+00  2.400000e+01  4.500000e+00
   endloop
 endfacet
 facet normal -0.000000e+00 -1.000000e+00 -0.000000e+00
   outer loop
     vertex  5.000000e+00  2.400000e+01  1.050000e+01
     vertex  2.000000e+00  2.400000e+01  1.200000e+01
     vertex  5.000000e+00  2.400000e+01  6.000000e+00
   endloop
 endfacet
 facet normal  0.000000e+00 -1.000000e+00 -0.000000e+00
   outer loop
     vertex  1.215385e+01  2.400000e+01  4.500000e+00
     vertex  9.153846e+00  2.400000e+01  3.000000e+00
     vertex  1.215385e+01  2.400000e+01  3.000000e+00
   endloop
 endfacet
 facet normal -0.000000e+00 -1.000000e+00  0.000000e+00
   outer loop
     vertex  1.215385e+01  2.400000e+01  4.500000e+00
     vertex  9.153846e+00  2.400000e+01  4.500000e+00
     vertex  9.153846e+00  2.400000e+01  3.000000e+00
   endloop
 endfacet
 facet normal  0.000000e+00 -1.000000e+00 -0.000000e+00
   outer loop
     vertex  1.215385e+01  2.400000e+01  6.000000e+00
     vertex  9.153846e+00  2.400000e+01  4.500000e+00
     vertex  1.215385e+01  2.400000e+01  4.500000e+00
   endloop
 endfacet
 facet normal -0.000000e+00 -1.000000e+00  0.000000e+00
   outer loop
     vertex  1.215385e+01  2.400000e+01  6.000000e+00
     vertex  9.153846e+00  2.400000e+01  6.000000e+00
     vertex  9.153846e+00  2.400000e+01  4.500000e+00
   endloop
 endfacet
 facet normal  0.000000e+00 -1.000000e+00  0.000000e+00
   outer loop
     vertex  9.153846e+00  2.400000e+01  1.050000e+01
     vertex  2.000000e+00  2.400000e+01  1.200000e+01
     vertex  5.000000e+00  2.400000e+01  1.050000e+01
   endloop
 endfacet
 facet normal  0.000000e+00 -1.000000e+00  0.000000e+00
   outer loop
     vertex  1.930769e+01  2.400000e+01  3.000000e+00
     vertex  1.630769e+01  2.400000e+01  4.500000e+00
     vertex  1.630769e+01  2.400000e+01  3.000000e+00
   endloop
 endfacet
 facet normal -0.000000e+00 -1.000000e+00  0.000000e+00
   outer loop
     vertex  1.630769e+01  2.400000e+01  6.000000e+00
     vertex  1.215385e+01  2.400000e+01  6.000000e+00
     vertex  1.215385e+01  2.400000e+01  4.500000e+00
   endloop
 endfacet
 facet normal  0.000000e+00 -1.000000e+00 -0.000000e+00
   outer loop
     vertex  1.630769e+01  2.400000e+01  6.000000e+00
     vertex  1.215385e+01  2.400000e+01  4.500000e+00
     vertex  1.630769e+01  2.400000e+01  4.500000e+00
   endloop
 endfacet
 facet normal  0.000000e+00 -1.000000e+00  0.000000e+00
   outer loop
     vertex  1.215385e+01  2.400000e+01  1.050000e+01
     vertex  2.000000e+00  2.400000e+01  1.200000e+01
     vertex  9.153846e+00  2.400000e+01  1.050000e+01
   endloop
 endfacet
 facet normal  0.000000e+00 -1.000000e+00 -0.000000e+00
   outer loop
     vertex  1.215385e+01  2.400000e+01  1.050000e+01
     vertex  9.153846e+00  2.400000e+01  6.000000e+00
     vertex  1.215385e+01  2.400000e+01  6.000000e+00
   endloop
 endfacet
 facet normal -0.000000e+00 -1.000000e+00  0.000000e+00
   outer loop
     vertex  1.215385e+01  2.400000e+01  1.050000e+01
     vertex  9.153846e+00  2.400000e+01  1.050000e+01
     vertex  9.153846e+00  2.400000e+01  6.000000e+00
   endloop
 endfacet
 facet normal -0.000000e+00 -1.000000e+00 -0.000000e+00
   outer loop
     vertex  1.930769e+01  2.400000e+01  4.500000e+00
     vertex  1.630769e+01  2.400000e+01  4.500000e+00
     vertex  1.930769e+01  2.400000e+01  3.000000e+00
   endloop
 endfacet
 facet normal  0.000000e+00 -1.000000e+00  0.000000e+00
   outer loop
     vertex  1.930769e+01  2.400000e+01  4.500000e+00
     vertex  1.630769e+01  2.400000e+01  6.000000e+00
     vertex  1.630769e+01  2.400000e+01  4.500000e+00
   endloop
 endfacet
 facet normal -0.000000e+00 -1.000000e+00 -0.000000e+00
   outer loop
     vertex  1.930769e+01  2.400000e+01  6.000000e+00
     vertex  1.630769e+01  2.400000e+01  6.000000e+00
     vertex  1.930769e+01  2.400000e+01  4.500000e+00
   endloop
 endfacet
 facet normal  0.000000e+00 -1.000000e+00  0.000000e+00
   outer loop
     vertex  1.630769e+01  2.400000e+01  1.050000e+01
     vertex  2.000000e+00  2.400000e+01  1.200000e+01
     vertex  1.215385e+01  2.400000e+01  1.050000e+01
   endloop
 endfacet
 facet normal  0.000000e+00 -1.000000e+00  0.000000e+00
   outer loop
     vertex  1.630769e+01  2.400000e+01  1.050000e+01
     vertex  1.630769e+01  2.400000e+01  6.000000e+00
     vertex  1.930769e+01  2.400000e+01  6.000000e+00
   endloop
 endfacet
 facet normal  0.000000e+00 -1.000000e+00 -0.000000e+00
   outer loop
     vertex  2.346154e+01  2.400000e+01  6.000000e+00
     vertex  1.930769e+01  2.400000e+01  4.500000e+00
     vertex  2.346154e+01  2.400000e+01  4.500000e+00
   endloop
 endfacet
 facet normal -0.000000e+00 -1.000000e+00  0.000000e+00
   outer loop
     vertex  2.346154e+01  2.400000e+01  6.000000e+00
     vertex  1.930769e+01  2.400000e+01  6.000000e+00
     vertex  1.930769e+01  2.400000e+01  4.500000e+00
   endloop
 endfacet
 facet normal -0.000000e+00 -1.000000e+00 -0.000000e+00
   outer loop
     vertex  1.930769e+01  2.400000e+01  1.050000e+01
     vertex  1.630769e+01  2.400000e+01  1.050000e+01
     vertex  1.930769e+01  2.400000e+01  6.000000e+00
   endloop
 endfacet
 facet normal  0.000000e+00 -1.000000e+00 -0.000000e+00
   outer loop
     vertex  2.646154e+01  2.400000e+01  4.500000e+00
     vertex  2.346154e+01  2.400000e+01  3.000000e+00
     vertex  2.646154e+01  2.400000e+01  3.000000e+00
   endloop
 endfacet
 facet normal -0.000000e+00 -1.000000e+00  0.000000e+00
   outer loop
     vertex  2.646154e+01  2.400000e+01  4.500000e+00
     vertex  2.346154e+01  2.400000e+01  4.500000e+00
     vertex  2.346154e+01  2.400000e+01  3.000000e+00
   endloop
 endfacet
 facet normal  0.000000e+00 -1.000000e+00 -0.000000e+00
   outer loop
     vertex  2.646154e+01  2.400000e+01  6.000000e+00
     vertex  2.346154e+01  2.400000e+01  4.500000e+00
     vertex  2.646154e+01  2.400000e+01  4.500000e+00
   endloop
 endfacet
 facet normal -0.000000e+00 -1.000000e+00  0.000000e+00
   outer loop
     vertex  2.646154e+01  2.400000e+01  6.000000e+00
     vertex  2.346154e+01  2.400000e+01  6.000000e+00
     vertex  2.346154e+01  2.400000e+01  4.500000e+00
   endloop
 endfacet
 facet normal  0.000000e+00 -1.000000e+00  0.000000e+00
   outer loop
     vertex  2.346154e+01  2.400000e+01  1.050000e+01
     vertex  2.346154e+01  2.400000e+01  6.000000e+00
     vertex  2.646154e+01  2.400000e+01  6.000000e+00
   endloop
 endfacet
 facet normal  0.000000e+00 -1.000000e+00 -0.000000e+00
   outer loop
     vertex  3.061538e+01  2.400000e+01  6.000000e+00
     vertex  2.646154e+01  2.400000e+01  4.500000e+00
     vertex  3.061538e+01  2.400000e+01  4.500000e+00
   endloop
 endfacet
 facet normal -0.000000e+00 -1.000000e+00  0.000000e+00
   outer loop
     vertex  3.061538e+01  2.400000e+01  6.000000e+00
     vertex  2.646154e+01  2.400000e+01  6.000000e+00
     vertex  2.646154e+01  2.400000e+01  4.500000e+00
   endloop
 endfacet
 facet normal -0.000000e+00 -1.000000e+00 -0.000000e+00
   outer loop
     vertex  2.646154e+01  2.400000e+01  1.050000e+01
     vertex  2.346154e+01  2.400000e+01  1.050000e+01
     vertex  2.646154e+01  2.400000e+01  6.000000e+00
   endloop
 endfacet
 facet normal  0.000000e+00 -1.000000e+00 -0.000000e+00
   outer loop
     vertex  3.361538e+01  2.400000e+01  4.500000e+00
     vertex  3.061538e+01  2.400000e+01  3.000000e+00
     vertex  3.361538e+01  2.400000e+01  3.000000e+00
   endloop
 endfacet
 facet normal -0.000000e+00 -1.000000e+00  0.000000e+00
   outer loop
     vertex  3.361538e+01  2.400000e+01  4.500000e+00
     vertex  3.061538e+01  2.400000e+01  4.500000e+00
     vertex  3.061538e+01  2.400000e+01  3.000000e+00
   endloop
 endfacet
 facet normal -0.000000e+00 -1.000000e+00  0.000000e+00
   outer loop
     vertex  3.361538e+01  2.400000e+01  6.000000e+00
     vertex  3.061538e+01  2.400000e+01  6.000000e+00
     vertex  3.061538e+01  2.400000e+01  4.500000e+00
   endloop
 endfacet
 facet normal  0.000000e+00 -1.000000e+00 -0.000000e+00
   outer loop
     vertex  3.361538e+01  2.400000e+01  6.000000e+00
     vertex  3.061538e+01  2.400000e+01  4.500000e+00
     vertex  3.361538e+01  2.400000e+01  4.500000e+00
   endloop
 endfacet
 facet normal  0.000000e+00 -1.000000e+00  0.000000e+00
   outer loop
     vertex  3.776923e+01  2.400000e+01  4.500000e+00
     vertex  3.361538e+01  2.400000e+01  6.000000e+00
     vertex  3.361538e+01  2.400000e+01  4.500000e+00
   endloop
 endfacet
 facet normal -0.000000e+00 -1.000000e+00 -0.000000e+00
   outer loop
     vertex  3.776923e+01  2.400000e+01  6.000000e+00
     vertex  3.361538e+01  2.400000e+01  6.000000e+00
     vertex  3.776923e+01  2.400000e+01  4.500000e+00
   endloop
 endfacet
 facet normal -0.000000e+00 -1.000000e+00  0.000000e+00
   outer loop
     vertex  3.361538e+01  2.400000e+01  1.050000e+01
     vertex  3.061538e+01  2.400000e+01  1.050000e+01
     vertex  3.061538e+01  2.400000e+01  6.000000e+00
   endloop
 endfacet
 facet normal  0.000000e+00 -1.000000e+00 -0.000000e+00
   outer loop
     vertex  3.361538e+01  2.400000e+01  1.050000e+01
     vertex  3.061538e+01  2.400000e+01  6.000000e+00
     vertex  3.361538e+01  2.400000e+01  6.000000e+00
   endloop
 endfacet
 facet normal  0.000000e+00 -1.000000e+00 -0.000000e+00
   outer loop
     vertex  4.076923e+01  2.400000e+01  4.500000e+00
     vertex  3.776923e+01  2.400000e+01  3.000000e+00
     vertex  4.076923e+01  2.400000e+01  3.000000e+00
   endloop
 endfacet
 facet normal -0.000000e+00 -1.000000e+00  0.000000e+00
   outer loop
     vertex  4.076923e+01  2.400000e+01  4.500000e+00
     vertex  3.776923e+01  2.400000e+01  4.500000e+00
     vertex  3.776923e+01  2.400000e+01  3.000000e+00
   endloop
 endfacet
 facet normal  0.000000e+00 -1.000000e+00 -0.000000e+00
   outer loop
     vertex  4.076923e+01  2.400000e+01  6.000000e+00
     vertex  3.776923e+01  2.400000e+01  4.500000e+00
     vertex  4.076923e+01  2.400000e+01  4.500000e+00
   endloop
 endfacet
 facet normal -0.000000e+00 -1.000000e+00  0.000000e+00
   outer loop
     vertex  4.076923e+01  2.400000e+01  6.000000e+00
     vertex  3.776923e+01  2.400000e+01  6.000000e+00
     vertex  3.776923e+01  2.400000e+01  4.500000e+00
   endloop
 endfacet
 facet normal  0.000000e+00 -1.000000e+00  0.000000e+00
   outer loop
     vertex  4.492308e+01  2.400000e+01  4.500000e+00
     vertex  4.076923e+01  2.400000e+01  6.000000e+00
     vertex  4.076923e+01  2.400000e+01  4.500000e+00
   endloop
 endfacet
 facet normal -0.000000e+00 -1.000000e+00 -0.000000e+00
   outer loop
     vertex  4.492308e+01  2.400000e+01  6.000000e+00
     vertex  4.076923e+01  2.400000e+01  6.000000e+00
     vertex  4.492308e+01  2.400000e+01  4.500000e+00
   endloop
 endfacet
 facet normal  0.000000e+00 -1.000000e+00  0.000000e+00
   outer loop
     vertex  4.792308e+01  2.400000e+01  3.000000e+00
     vertex  4.492308e+01  2.400000e+01  4.500000e+00
     vertex  4.492308e+01  2.400000e+01  3.000000e+00
   endloop
 endfacet
 facet normal  0.000000e+00 -1.000000e+00 -0.000000e+00
   outer loop
     vertex  4.076923e+01  2.400000e+01  1.050000e+01
     vertex  3.776923e+01  2.400000e+01  6.000000e+00
     vertex  4.076923e+01  2.400000e+01  6.000000e+00
   endloop
 endfacet
 facet normal -0.000000e+00 -1.000000e+00  0.000000e+00
   outer loop
     vertex  4.076923e+01  2.400000e+01  1.050000e+01
     vertex  3.776923e+01  2.400000e+01  1.050000e+01
     vertex  3.776923e+01  2.400000e+01  6.000000e+00
   endloop
 endfacet
 facet normal  0.000000e+00 -1.000000e+00  0.000000e+00
   outer loop
     vertex  4.792308e+01  2.400000e+01  4.500000e+00
     vertex  4.492308e+01  2.400000e+01  6.000000e+00
     vertex  4.492308e+01  2.400000e+01  4.500000e+00
   endloop
 endfacet
 facet normal -0.000000e+00 -1.000000e+00 -0.000000e+00
   outer loop
     vertex  4.792308e+01  2.400000e+01  4.500000e+00
     vertex  4.492308e+01  2.400000e+01  4.500000e+00
     vertex  4.792308e+01  2.400000e+01  3.000000e+00
   endloop
 endfacet
 facet normal -0.000000e+00 -1.000000e+00 -0.000000e+00
   outer loop
     vertex  4.792308e+01  2.400000e+01  6.000000e+00
     vertex  4.492308e+01  2.400000e+01  6.000000e+00
     vertex  4.792308e+01  2.400000e+01  4.500000e+00
   endloop
 endfacet
 facet normal -0.000000e+00 -1.000000e+00  0.000000e+00
   outer loop
     vertex  5.207692e+01  2.400000e+01  6.000000e+00
     vertex  4.792308e+01  2.400000e+01  6.000000e+00
     vertex  4.792308e+01  2.400000e+01  4.500000e+00
   endloop
 endfacet
 facet normal  0.000000e+00 -1.000000e+00 -0.000000e+00
   outer loop
     vertex  5.207692e+01  2.400000e+01  6.000000e+00
     vertex  4.792308e+01  2.400000e+01  4.500000e+00
     vertex  5.207692e+01  2.400000e+01  4.500000e+00
   endloop
 endfacet
 facet normal -0.000000e+00 -1.000000e+00  0.000000e+00
   outer loop
     vertex  4.792308e+01  2.400000e+01  1.050000e+01
     vertex  4.492308e+01  2.400000e+01  1.050000e+01
     vertex  4.492308e+01  2.400000e+01  6.000000e+00
   endloop
 endfacet
 facet normal  0.000000e+00 -1.000000e+00 -0.000000e+00
   outer loop
     vertex  4.792308e+01  2.400000e+01  1.050000e+01
     vertex  4.492308e+01  2.400000e+01  6.000000e+00
     vertex  4.792308e+01  2.400000e+01  6.000000e+00
   endloop
 endfacet
 facet normal  0.000000e+00 -1.000000e+00 -0.000000e+00
   outer loop
     vertex  5.507692e+01  2.400000e+01  4.500000e+00
     vertex  5.207692e+01  2.400000e+01  3.000000e+00
     vertex  5.507692e+01  2.400000e+01  3.000000e+00
   endloop
 endfacet
 facet normal -0.000000e+00 -1.000000e+00  0.000000e+00
   outer loop
     vertex  5.507692e+01  2.400000e+01  4.500000e+00
     vertex  5.207692e+01  2.400000e+01  4.500000e+00
     vertex  5.207692e+01  2.400000e+01  3.000000e+00
   endloop
 endfacet
 facet normal  0.000000e+00 -1.000000e+00 -0.000000e+00
   outer loop
     vertex  5.507692e+01  2.400000e+01  6.000000e+00
     vertex  5.207692e+01  2.400000e+01  4.500000e+00
     vertex  5.507692e+01  2.400000e+01  4.500000e+00
   endloop
 endfacet
 facet normal -0.000000e+00 -1.000000e+00  0.000000e+00
   outer loop
     vertex  5.507692e+01  2.400000e+01  6.000000e+00
     vertex  5.207692e+01  2.400000e+01  6.000000e+00
     vertex  5.207692e+01  2.400000e+01  4.500000e+00
   endloop
 endfacet
 facet normal  0.000000e+00 -1.000000e+00  0.000000e+00
   outer loop
     vertex  6.223077e+01  2.400000e+01  3.000000e+00
     vertex  5.923077e+01  2.400000e+01  4.500000e+00
     vertex  5.923077e+01  2.400000e+01  3.000000e+00
   endloop
 endfacet
 facet normal  0.000000e+00 -1.000000e+00 -0.000000e+00
   outer loop
     vertex  5.923077e+01  2.400000e+01  6.000000e+00
     vertex  5.507692e+01  2.400000e+01  4.500000e+00
     vertex  5.923077e+01  2.400000e+01  4.500000e+00
   endloop
 endfacet
 facet normal -0.000000e+00 -1.000000e+00  0.000000e+00
   outer loop
     vertex  5.923077e+01  2.400000e+01  6.000000e+00
     vertex  5.507692e+01  2.400000e+01  6.000000e+00
     vertex  5.507692e+01  2.400000e+01  4.500000e+00
   endloop
 endfacet
 facet normal  0.000000e+00 -1.000000e+00 -0.000000e+00
   outer loop
     vertex  5.507692e+01  2.400000e+01  1.050000e+01
     vertex  5.207692e+01  2.400000e+01  6.000000e+00
     vertex  5.507692e+01  2.400000e+01  6.000000e+00
   endloop
 endfacet
 facet normal -0.000000e+00 -1.000000e+00  0.000000e+00
   outer loop
     vertex  5.507692e+01  2.400000e+01  1.050000e+01
     vertex  5.207692e+01  2.400000e+01  1.050000e+01
     vertex  5.207692e+01  2.400000e+01  6.000000e+00
   endloop
 endfacet
 facet normal -0.000000e+00 -1.000000e+00 -0.000000e+00
   outer loop
     vertex  6.223077e+01  2.400000e+01  4.500000e+00
     vertex  5.923077e+01  2.400000e+01  4.500000e+00
     vertex  6.223077e+01  2.400000e+01  3.000000e+00
   endloop
 endfacet
 facet normal  0.000000e+00 -1.000000e+00  0.000000e+00
   outer loop
     vertex  6.223077e+01  2.400000e+01  4.500000e+00
     vertex  5.923077e+01  2.400000e+01  6.000000e+00
     vertex  5.923077e+01  2.400000e+01  4.500000e+00
   endloop
 endfacet
 facet normal -0.000000e+00 -1.000000e+00 -0.000000e+00
   outer loop
     vertex  6.223077e+01  2.400000e+01  6.000000e+00
     vertex  5.923077e+01  2.400000e+01  6.000000e+00
     vertex  6.223077e+01  2.400000e+01  4.500000e+00
   endloop
 endfacet
 facet normal  0.000000e+00 -1.000000e+00 -0.000000e+00
   outer loop
     vertex  6.638462e+01  2.400000e+01  6.000000e+00
     vertex  6.223077e+01  2.400000e+01  4.500000e+00
     vertex  6.638462e+01  2.400000e+01  4.500000e+00
   endloop
 endfacet
 facet normal -0.000000e+00 -1.000000e+00  0.000000e+00
   outer loop
     vertex  6.638462e+01  2.400000e+01  6.000000e+00
     vertex  6.223077e+01  2.400000e+01  6.000000e+00
     vertex  6.223077e+01  2.400000e+01  4.500000e+00
   endloop
 endfacet
 facet normal  0.000000e+00 -1.000000e+00 -0.000000e+00
   outer loop
     vertex  6.223077e+01  2.400000e+01  1.050000e+01
     vertex  5.923077e+01  2.400000e+01  6.000000e+00
     vertex  6.223077e+01  2.400000e+01  6.000000e+00
   endloop
 endfacet
 facet normal -0.000000e+00 -1.000000e+00  0.000000e+00
   outer loop
     vertex  6.223077e+01  2.400000e+01  1.050000e+01
     vertex  5.923077e+01  2.400000e+01  1.050000e+01
     vertex  5.923077e+01  2.400000e+01  6.000000e+00
   endloop
 endfacet
 facet normal  0.000000e+00 -1.000000e+00 -0.000000e+00
   outer loop
     vertex  6.938462e+01  2.400000e+01  4.500000e+00
     vertex  6.638462e+01  2.400000e+01  3.000000e+00
     vertex  6.938462e+01  2.400000e+01  3.000000e+00
   endloop
 endfacet
 facet normal -0.000000e+00 -1.000000e+00  0.000000e+00
   outer loop
     vertex  6.938462e+01  2.400000e+01  4.500000e+00
     vertex  6.638462e+01  2.400000e+01  4.500000e+00
     vertex  6.638462e+01  2.400000e+01  3.000000e+00
   endloop
 endfacet
 facet normal -0.000000e+00 -1.000000e+00  0.000000e+00
   outer loop
     vertex  6.938462e+01  2.400000e+01  6.000000e+00
     vertex  6.638462e+01  2.400000e+01  6.000000e+00
     vertex  6.638462e+01  2.400000e+01  4.500000e+00
   endloop
 endfacet
 facet normal  0.000000e+00 -1.000000e+00 -0.000000e+00
   outer loop
     vertex  6.938462e+01  2.400000e+01  6.000000e+00
     vertex  6.638462e+01  2.400000e+01  4.500000e+00
     vertex  6.938462e+01  2.400000e+01  4.500000e+00
   endloop
 endfacet
 facet normal  0.000000e+00 -1.000000e+00 -0.000000e+00
   outer loop
     vertex  7.353846e+01  2.400000e+01  6.000000e+00
     vertex  6.938462e+01  2.400000e+01  4.500000e+00
     vertex  7.353846e+01  2.400000e+01  4.500000e+00
   endloop
 endfacet
 facet normal -0.000000e+00 -1.000000e+00  0.000000e+00
   outer loop
     vertex  7.353846e+01  2.400000e+01  6.000000e+00
     vertex  6.938462e+01  2.400000e+01  6.000000e+00
     vertex  6.938462e+01  2.400000e+01  4.500000e+00
   endloop
 endfacet
 facet normal  0.000000e+00 -1.000000e+00 -0.000000e+00
   outer loop
     vertex  6.938462e+01  2.400000e+01  1.050000e+01
     vertex  6.638462e+01  2.400000e+01  6.000000e+00
     vertex  6.938462e+01  2.400000e+01  6.000000e+00
   endloop
 endfacet
 facet normal -0.000000e+00 -1.000000e+00  0.000000e+00
   outer loop
     vertex  6.938462e+01  2.400000e+01  1.050000e+01
     vertex  6.638462e+01  2.400000e+01  1.050000e+01
     vertex  6.638462e+01  2.400000e+01  6.000000e+00
   endloop
 endfacet
 facet normal  0.000000e+00 -1.000000e+00 -0.000000e+00
   outer loop
     vertex  7.653846e+01  2.400000e+01  4.500000e+00
     vertex  7.353846e+01  2.400000e+01  3.000000e+00
     vertex  7.653846e+01  2.400000e+01  3.000000e+00
   endloop
 endfacet
 facet normal -0.000000e+00 -1.000000e+00  0.000000e+00
   outer loop
     vertex  7.653846e+01  2.400000e+01  4.500000e+00
     vertex  7.353846e+01  2.400000e+01  4.500000e+00
     vertex  7.353846e+01  2.400000e+01  3.000000e+00
   endloop
 endfacet
 facet normal -0.000000e+00 -1.000000e+00  0.000000e+00
   outer loop
     vertex  7.653846e+01  2.400000e+01  6.000000e+00
     vertex  7.353846e+01  2.400000e+01  6.000000e+00
     vertex  7.353846e+01  2.400000e+01  4.500000e+00
   endloop
 endfacet
 facet normal  0.000000e+00 -1.000000e+00 -0.000000e+00
   outer loop
     vertex  7.653846e+01  2.400000e+01  6.000000e+00
     vertex  7.353846e+01  2.400000e+01  4.500000e+00
     vertex  7.653846e+01  2.400000e+01  4.500000e+00
   endloop
 endfacet
 facet normal  0.000000e+00 -1.000000e+00  0.000000e+00
   outer loop
     vertex  8.369231e+01  2.400000e+01  3.000000e+00
     vertex  8.069231e+01  2.400000e+01  4.500000e+00
     vertex  8.069231e+01  2.400000e+01  3.000000e+00
   endloop
 endfacet
 facet normal  0.000000e+00 -1.000000e+00 -0.000000e+00
   outer loop
     vertex  8.069231e+01  2.400000e+01  6.000000e+00
     vertex  7.653846e+01  2.400000e+01  4.500000e+00
     vertex  8.069231e+01  2.400000e+01  4.500000e+00
   endloop
 endfacet
 facet normal -0.000000e+00 -1.000000e+00  0.000000e+00
   outer loop
     vertex  8.069231e+01  2.400000e+01  6.000000e+00
     vertex  7.653846e+01  2.400000e+01  6.000000e+00
     vertex  7.653846e+01  2.400000e+01  4.500000e+00
   endloop
 endfacet
 facet normal  0.000000e+00 -1.000000e+00 -0.000000e+00
   outer loop
     vertex  7.653846e+01  2.400000e+01  1.050000e+01
     vertex  7.353846e+01  2.400000e+01  6.000000e+00
     vertex  7.653846e+01  2.400000e+01  6.000000e+00
   endloop
 endfacet
 facet normal -0.000000e+00 -1.000000e+00  0.000000e+00
   outer loop
     vertex  7.653846e+01  2.400000e+01  1.050000e+01
     vertex  7.353846e+01  2.400000e+01  1.050000e+01
     vertex  7.353846e+01  2.400000e+01  6.000000e+00
   endloop
 endfacet
 facet normal  0.000000e+00 -1.000000e+00  0.000000e+00
   outer loop
     vertex  8.369231e+01  2.400000e+01  4.500000e+00
     vertex  8.069231e+01  2.400000e+01  6.000000e+00
     vertex  8.069231e+01  2.400000e+01  4.500000e+00
   endloop
 endfacet
 facet normal -0.000000e+00 -1.000000e+00 -0.000000e+00
   outer loop
     vertex  8.369231e+01  2.400000e+01  4.500000e+00
     vertex  8.069231e+01  2.400000e+01  4.500000e+00
     vertex  8.369231e+01  2.400000e+01  3.000000e+00
   endloop
 endfacet
 facet normal -0.000000e+00 -1.000000e+00 -0.000000e+00
   outer loop
     vertex  8.369231e+01  2.400000e+01  6.000000e+00
     vertex  8.069231e+01  2.400000e+01  6.000000e+00
     vertex  8.369231e+01  2.400000e+01  4.500000e+00
   endloop
 endfacet
 facet normal  0.000000e+00 -1.000000e+00 -0.000000e+00
   outer loop
     vertex  8.784615e+01  2.400000e+01  6.000000e+00
     vertex  8.369231e+01  2.400000e+01  4.500000e+00
     vertex  8.784615e+01  2.400000e+01  4.500000e+00
   endloop
 endfacet
 facet normal -0.000000e+00 -1.000000e+00  0.000000e+00
   outer loop
     vertex  8.784615e+01  2.400000e+01  6.000000e+00
     vertex  8.369231e+01  2.400000e+01  6.000000e+00
     vertex  8.369231e+01  2.400000e+01  4.500000e+00
   endloop
 endfacet
 facet normal  0.000000e+00 -1.000000e+00 -0.000000e+00
   outer loop
     vertex  8.369231e+01  2.400000e+01  1.050000e+01
     vertex  8.069231e+01  2.400000e+01  6.000000e+00
     vertex  8.369231e+01  2.400000e+01  6.000000e+00
   endloop
 endfacet
 facet normal -0.000000e+00 -1.000000e+00  0.000000e+00
   outer loop
     vertex  8.369231e+01  2.400000e+01  1.050000e+01
     vertex  8.069231e+01  2.400000e+01  1.050000e+01
     vertex  8.069231e+01  2.400000e+01  6.000000e+00
   endloop
 endfacet
 facet normal  0.000000e+00 -1.000000e+00 -0.000000e+00
   outer loop
     vertex  9.084615e+01  2.400000e+01  4.500000e+00
     vertex  8.784615e+01  2.400000e+01  3.000000e+00
     vertex  9.084615e+01  2.400000e+01  3.000000e+00
   endloop
 endfacet
 facet normal -0.000000e+00 -1.000000e+00  0.000000e+00
   outer loop
     vertex  9.084615e+01  2.400000e+01  4.500000e+00
     vertex  8.784615e+01  2.400000e+01  4.500000e+00
     vertex  8.784615e+01  2.400000e+01  3.000000e+00
   endloop
 endfacet
 facet normal  0.000000e+00 -1.000000e+00 -0.000000e+00
   outer loop
     vertex  9.084615e+01  2.400000e+01  6.000000e+00
     vertex  8.784615e+01  2.400000e+01  4.500000e+00
     vertex  9.084615e+01  2.400000e+01  4.500000e+00
   endloop
 endfacet
 facet normal -0.000000e+00 -1.000000e+00  0.000000e+00
   outer loop
     vertex  9.084615e+01  2.400000e+01  6.000000e+00
     vertex  8.784615e+01  2.400000e+01  6.000000e+00
     vertex  8.784615e+01  2.400000e+01  4.500000e+00
   endloop
 endfacet
 facet normal  0.000000e+00 -1.000000e+00  0.000000e+00
   outer loop
     vertex  8.784615e+01  2.400000e+01  1.050000e+01
     vertex  8.784615e+01  2.400000e+01  6.000000e+00
     vertex  9.084615e+01  2.400000e+01  6.000000e+00
   endloop
 endfacet
 facet normal  0.000000e+00 -1.000000e+00  0.000000e+00
   outer loop
     vertex  9.800000e+01  2.400000e+01  3.000000e+00
     vertex  9.500000e+01  2.400000e+01  4.500000e+00
     vertex  9.500000e+01  2.400000e+01  3.000000e+00
   endloop
 endfacet
 facet normal  0.000000e+00 -1.000000e+00 -0.000000e+00
   outer loop
     vertex  9.500000e+01  2.400000e+01  6.000000e+00
     vertex  9.084615e+01  2.400000e+01  4.500000e+00
     vertex  9.500000e+01  2.400000e+01  4.500000e+00
   endloop
 endfacet
 facet normal -0.000000e+00 -1.000000e+00  0.000000e+00
   outer loop
     vertex  9.500000e+01  2.400000e+01  6.000000e+00
     vertex  9.084615e+01  2.400000e+01  6.000000e+00
     vertex  9.084615e+01  2.400000e+01  4.500000e+00
   endloop
 endfacet
 facet normal  0.000000e+00 -1.000000e+00  0.000000e+00
   outer loop
     vertex  9.500000e+01  2.400000e+01  6.000000e+00
     vertex  9.500000e+01  2.400000e+01  4.500000e+00
     vertex  9.800000e+01  2.400000e+01  3.000000e+00
   endloop
 endfacet
 facet normal -0.000000e+00 -1.000000e+00 -0.000000e+00
   outer loop
     vertex  9.084615e+01  2.400000e+01  1.050000e+01
     vertex  8.784615e+01  2.400000e+01  1.050000e+01
     vertex  9.084615e+01  2.400000e+01  6.000000e+00
   endloop
 endfacet
 facet normal  0.000000e+00 -1.000000e+00  0.000000e+00
   outer loop
     vertex  9.800000e+01  2.400000e+01  1.200000e+01
     vertex  8.369231e+01  2.400000e+01  1.050000e+01
     vertex  8.784615e+01  2.400000e+01  1.050000e+01
   endloop
 endfacet
 facet normal  0.000000e+00 -1.000000e+00  0.000000e+00
   outer loop
     vertex  9.800000e+01  2.400000e+01  1.200000e+01
     vertex  8.069231e+01  2.400000e+01  1.050000e+01
     vertex  8.369231e+01  2.400000e+01  1.050000e+01
   endloop
 endfacet
 facet normal  0.000000e+00 -1.000000e+00  0.000000e+00
   outer loop
     vertex  9.800000e+01  2.400000e+01  1.200000e+01
     vertex  9.500000e+01  2.400000e+01  1.050000e+01
     vertex  9.500000e+01  2.400000e+01  6.000000e+00
   endloop
 endfacet
 facet normal  0.000000e+00 -1.000000e+00  0.000000e+00
   outer loop
     vertex  9.800000e+01  2.400000e+01  1.200000e+01
     vertex  9.084615e+01  2.400000e+01  1.050000e+01
     vertex  9.500000e+01  2.400000e+01  1.050000e+01
   endloop
 endfacet
 facet normal  0.000000e+00 -1.000000e+00  0.000000e+00
   outer loop
     vertex  9.800000e+01  2.400000e+01  1.200000e+01
     vertex  8.784615e+01  2.400000e+01  1.050000e+01
     vertex  9.084615e+01  2.400000e+01  1.050000e+01
   endloop
 endfacet
 facet normal  0.000000e+00 -1.000000e+00 -0.000000e+00
   outer loop
     vertex  9.800000e+01  2.400000e+01  1.200000e+01
     vertex  9.500000e+01  2.400000e+01  6.000000e+00
     vertex  9.800000e+01  2.400000e+01  3.000000e+00
   endloop
 endfacet
 facet normal  0.000000e+00 -1.000000e+00  0.000000e+00
   outer loop
     vertex  2.000000e+00  2.400000e+01  1.200000e+01
     vertex  8.069231e+01  2.400000e+01  1.050000e+01
     vertex  9.800000e+01  2.400000e+01  1.200000e+01
   endloop
 endfacet
 facet normal  0.000000e+00 -1.000000e+00  0.000000e+00
   outer loop
     vertex  2.000000e+00  2.400000e+01  1.200000e+01
     vertex  7.653846e+01  2.400000e+01  1.050000e+01
     vertex  8.069231e+01  2.400000e+01  1.050000e+01
   endloop
 endfacet
 facet normal  0.000000e+00 -1.000000e+00  0.000000e+00
   outer loop
     vertex  2.000000e+00  2.400000e+01  1.200000e+01
     vertex  7.353846e+01  2.400000e+01  1.050000e+01
     vertex  7.653846e+01  2.400000e+01  1.050000e+01
   endloop
 endfacet
 facet normal  0.000000e+00 -1.000000e+00  0.000000e+00
   outer loop
     vertex  2.000000e+00  2.400000e+01  1.200000e+01
     vertex  6.938462e+01  2.400000e+01  1.050000e+01
     vertex  7.353846e+01  2.400000e+01  1.050000e+01
   endloop
 endfacet
 facet normal  0.000000e+00 -1.000000e+00  0.000000e+00
   outer loop
     vertex  2.000000e+00  2.400000e+01  1.200000e+01
     vertex  6.638462e+01  2.400000e+01  1.050000e+01
     vertex  6.938462e+01  2.400000e+01  1.050000e+01
   endloop
 endfacet
 facet normal  0.000000e+00 -1.000000e+00  0.000000e+00
   outer loop
     vertex  2.000000e+00  2.400000e+01  1.200000e+01
     vertex  6.223077e+01  2.400000e+01  1.050000e+01
     vertex  6.638462e+01  2.400000e+01  1.050000e+01
   endloop
 endfacet
 facet normal  0.000000e+00 -1.000000e+00  0.000000e+00
   outer loop
     vertex  2.000000e+00  2.400000e+01  1.200000e+01
     vertex  5.923077e+01  2.400000e+01  1.050000e+01
     vertex  6.223077e+01  2.400000e+01  1.050000e+01
   endloop
 endfacet
 facet normal  0.000000e+00 -1.000000e+00  0.000000e+00
   outer loop
     vertex  2.000000e+00  2.400000e+01  1.200000e+01
     vertex  5.507692e+01  2.400000e+01  1.050000e+01
     vertex  5.923077e+01  2.400000e+01  1.050000e+01
   endloop
 endfacet
 facet normal  0.000000e+00 -1.000000e+00  0.000000e+00
   outer loop
     vertex  2.000000e+00  2.400000e+01  1.200000e+01
     vertex  5.207692e+01  2.400000e+01  1.050000e+01
     vertex  5.507692e+01  2.400000e+01  1.050000e+01
   endloop
 endfacet
 facet normal  0.000000e+00 -1.000000e+00  0.000000e+00
   outer loop
     vertex  2.000000e+00  2.400000e+01  1.200000e+01
     vertex  4.792308e+01  2.400000e+01  1.050000e+01
     vertex  5.207692e+01  2.400000e+01  1.050000e+01
   endloop
 endfacet
 facet normal  0.000000e+00 -1.000000e+00  0.000000e+00
   outer loop
     vertex  2.000000e+00  2.400000e+01  1.200000e+01
     vertex  4.492308e+01  2.400000e+01  1.050000e+01
     vertex  4.792308e+01  2.400000e+01  1.050000e+01
   endloop
 endfacet
 facet normal  0.000000e+00 -1.000000e+00  0.000000e+00
   outer loop
     vertex  2.000000e+00  2.400000e+01  1.200000e+01
     vertex  4.076923e+01  2.400000e+01  1.050000e+01
     vertex  4.492308e+01  2.400000e+01  1.050000e+01
   endloop
 endfacet
 facet normal  0.000000e+00 -1.000000e+00  0.000000e+00
   outer loop
     vertex  2.000000e+00  2.400000e+01  1.200000e+01
     vertex  3.776923e+01  2.400000e+01  1.050000e+01
     vertex  4.076923e+01  2.400000e+01  1.050000e+01
   endloop
 endfacet
 facet normal  0.000000e+00 -1.000000e+00  0.000000e+00
   outer loop
     vertex  2.000000e+00  2.400000e+01  1.200000e+01
     vertex  3.361538e+01  2.400000e+01  1.050000e+01
     vertex  3.776923e+01  2.400000e+01  1.050000e+01
   endloop
 endfacet
 facet normal  0.000000e+00 -1.000000e+00  0.000000e+00
   outer loop
     vertex  2.000000e+00  2.400000e+01  1.200000e+01
     vertex  3.061538e+01  2.400000e+01  1.050000e+01
     vertex  3.361538e+01  2.400000e+01  1.050000e+01
   endloop
 endfacet
 facet normal  0.000000e+00 -1.000000e+00  0.000000e+00
   outer loop
     vertex  2.000000e+00  2.400000e+01  1.200000e+01
     vertex  2.646154e+01  2.400000e+01  1.050000e+01
     vertex  3.061538e+01  2.400000e+01  1.050000e+01
   endloop
 endfacet
 facet normal  0.000000e+00 -1.000000e+00  0.000000e+00
   outer loop
     vertex  2.000000e+00  2.400000e+01  1.200000e+01
     vertex  2.346154e+01  2.400000e+01  1.050000e+01
     vertex  2.646154e+01  2.400000e+01  1.050000e+01
   endloop
 endfacet
 facet normal  0.000000e+00 -1.000000e+00  0.000000e+00
   outer loop
     vertex  2.000000e+00  2.400000e+01  1.200000e+01
     vertex  1.930769e+01  2.400000e+01  1.050000e+01
     vertex  2.346154e+01  2.400000e+01  1.050000e+01
   endloop
 endfacet
 facet normal  0.000000e+00 -1.000000e+00  0.000000e+00
   outer loop
     vertex  2.000000e+00  2.400000e+01  1.200000e+01
     vertex  1.630769e+01  2.400000e+01  1.050000e+01
     vertex  1.930769e+01  2.400000e+01  1.050000e+01
   endloop
 endfacet
 facet normal  0.000000e+00  1.000000e+00  0.000000e+00
   outer loop
     vertex  5.000000e+00  2.600000e+01  4.500000e+00
     vertex  5.000000e+00  2.600000e+01  3.000000e+00
     vertex  2.000000e+00  2.600000e+01  3.000000e+00
   endloop
 endfacet
 facet normal  0.000000e+00  1.000000e+00  0.000000e+00
   outer loop
     vertex  5.000000e+00  2.600000e+01  6.000000e+00
     vertex  5.000000e+00  2.600000e+01  4.500000e+00
     vertex  2.000000e+00  2.600000e+01  3.000000e+00
   endloop
 endfacet
 facet normal  0.000000e+00  1.000000e+00  0.000000e+00
   outer loop
     vertex  2.000000e+00  2.600000e+01  1.200000e+01
     vertex  5.000000e+00  2.600000e+01  6.000000e+00
     vertex  2.000000e+00  2.600000e+01  3.000000e+00
   endloop
 endfacet
 facet normal  0.000000e+00  1.000000e+00  0.000000e+00
   outer loop
     vertex  9.153846e+00  2.600000e+01  6.000000e+00
     vertex  5.000000e+00  2.600000e+01  4.500000e+00
     vertex  5.000000e+00  2.600000e+01  6.000000e+00
   endloop
 endfacet
 facet normal  0.000000e+00  1.000000e+00  0.000000e+00
   outer loop
     vertex  9.153846e+00  2.600000e+01  6.000000e+00
     vertex  9.153846e+00  2.600000e+01  4.500000e+00
     vertex  5.000000e+00  2.600000e+01  4.500000e+00
   endloop
 endfacet
 facet normal  0.000000e+00  1.000000e+00  0.000000e+00
   outer loop
     vertex  5.000000e+00  2.600000e+01  1.050000e+01
     vertex  5.000000e+00  2.600000e+01  6.000000e+00
     vertex  2.000000e+00  2.600000e+01  1.200000e+01
   endloop
 endfacet
 facet normal  0.000000e+00  1.000000e+00  0.000000e+00
   outer loop
     vertex  1.215385e+01  2.600000e+01  4.500000e+00
     vertex  1.215385e+01  2.600000e+01  3.000000e+00
     vertex  9.153846e+00  2.600000e+01  3.000000e+00
   endloop
 endfacet
 facet normal  0.000000e+00  1.000000e+00  0.000000e+00
   outer loop
     vertex  1.215385e+01  2.600000e+01  4.500000e+00
     vertex  9.153846e+00  2.600000e+01  3.000000e+00
     vertex  9.153846e+00  2.600000e+01  4.500000e+00
   endloop
 endfacet
 facet normal  0.000000e+00  1.000000e+00  0.000000e+00
   outer loop
     vertex  1.215385e+01  2.600000e+01  6.000000e+00
     vertex  1.215385e+01  2.600000e+01  4.500000e+00
     vertex  9.153846e+00  2.600000e+01  4.500000e+00
   endloop
 endfacet
 facet normal  0.000000e+00  1.000000e+00  0.000000e+00
   outer loop
     vertex  1.215385e+01  2.600000e+01  6.000000e+00
     vertex  9.153846e+00  2.600000e+01  4.500000e+00
     vertex  9.153846e+00  2.600000e+01  6.000000e+00
   endloop
 endfacet
 facet normal  0.000000e+00  1.000000e+00  0.000000e+00
   outer loop
     vertex  9.153846e+00  2.600000e+01  1.050000e+01
     vertex  5.000000e+00  2.600000e+01  1.050000e+01
     vertex  2.000000e+00  2.600000e+01  1.200000e+01
   endloop
 endfacet
 facet normal  0.000000e+00  1.000000e+00  0.000000e+00
   outer loop
     vertex  1.930769e+01  2.600000e+01  3.000000e+00
     vertex  1.630769e+01  2.600000e+01  3.000000e+00
     vertex  1.630769e+01  2.600000e+01  4.500000e+00
   endloop
 endfacet
 facet normal  0.000000e+00  1.000000e+00  0.000000e+00
   outer loop
     vertex  1.630769e+01  2.600000e+01  6.000000e+00
     vertex  1.215385e+01  2.600000e+01  4.500000e+00
     vertex  1.215385e+01  2.600000e+01  6.000000e+00
   endloop
 endfacet
 facet normal  0.000000e+00  1.000000e+00  0.000000e+00
   outer loop
     vertex  1.630769e+01  2.600000e+01  6.000000e+00
     vertex  1.630769e+01  2.600000e+01  4.500000e+00
     vertex  1.215385e+01  2.600000e+01  4.500000e+00
   endloop
 endfacet
 facet normal  0.000000e+00  1.000000e+00  0.000000e+00
   outer loop
     vertex  1.215385e+01  2.600000e+01  1.050000e+01
     vertex  9.153846e+00  2.600000e+01  1.050000e+01
     vertex  2.000000e+00  2.600000e+01  1.200000e+01
   endloop
 endfacet
 facet normal  0.000000e+00  1.000000e+00  0.000000e+00
   outer loop
     vertex  1.215385e+01  2.600000e+01  1.050000e+01
     vertex  1.215385e+01  2.600000e+01  6.000000e+00
     vertex  9.153846e+00  2.600000e+01  6.000000e+00
   endloop
 endfacet
 facet normal  0.000000e+00  1.000000e+00  0.000000e+00
   outer loop
     vertex  1.215385e+01  2.600000e+01  1.050000e+01
     vertex  9.153846e+00  2.600000e+01  6.000000e+00
     vertex  9.153846e+00  2.600000e+01  1.050000e+01
   endloop
 endfacet
 facet normal  0.000000e+00  1.000000e+00  0.000000e+00
   outer loop
     vertex  1.930769e+01  2.600000e+01  4.500000e+00
     vertex  1.930769e+01  2.600000e+01  3.000000e+00
     vertex  1.630769e+01  2.600000e+01  4.500000e+00
   endloop
 endfacet
 facet normal  0.000000e+00  1.000000e+00  0.000000e+00
   outer loop
     vertex  1.930769e+01  2.600000e+01  4.500000e+00
     vertex  1.630769e+01  2.600000e+01  4.500000e+00
     vertex  1.630769e+01  2.600000e+01  6.000000e+00
   endloop
 endfacet
 facet normal  0.000000e+00  1.000000e+00  0.000000e+00
   outer loop
     vertex  1.930769e+01  2.600000e+01  6.000000e+00
     vertex  1.930769e+01  2.600000e+01  4.500000e+00
     vertex  1.630769e+01  2.600000e+01  6.000000e+00
   endloop
 endfacet
 facet normal  0.000000e+00  1.000000e+00  0.000000e+00
   outer loop
     vertex  1.630769e+01  2.600000e+01  1.050000e+01
     vertex  1.215385e+01  2.600000e+01  1.050000e+01
     vertex  2.000000e+00  2.600000e+01  1.200000e+01
   endloop
 endfacet
 facet normal  0.000000e+00  1.000000e+00  0.000000e+00
   outer loop
     vertex  1.630769e+01  2.600000e+01  1.050000e+01
     vertex  1.930769e+01  2.600000e+01  6.000000e+00
     vertex  1.630769e+01  2.600000e+01  6.000000e+00
   endloop
 endfacet
 facet normal  0.000000e+00  1.000000e+00  0.000000e+00
   outer loop
     vertex  2.346154e+01  2.600000e+01  6.000000e+00
     vertex  2.346154e+01  2.600000e+01  4.500000e+00
     vertex  1.930769e+01  2.600000e+01  4.500000e+00
   endloop
 endfacet
 facet normal  0.000000e+00  1.000000e+00  0.000000e+00
   outer loop
     vertex  2.346154e+01  2.600000e+01  6.000000e+00
     vertex  1.930769e+01  2.600000e+01  4.500000e+00
     vertex  1.930769e+01  2.600000e+01  6.000000e+00
   endloop
 endfacet
 facet normal  0.000000e+00  1.000000e+00  0.000000e+00
   outer loop
     vertex  1.930769e+01  2.600000e+01  1.050000e+01
     vertex  1.930769e+01  2.600000e+01  6.000000e+00
     vertex  1.630769e+01  2.600000e+01  1.050000e+01
   endloop
 endfacet
 facet normal  0.000000e+00  1.000000e+00  0.000000e+00
   outer loop
     vertex  2.646154e+01  2.600000e+01  4.500000e+00
     vertex  2.646154e+01  2.600000e+01  3.000000e+00
     vertex  2.346154e+01  2.600000e+01  3.000000e+00
   endloop
 endfacet
 facet normal  0.000000e+00  1.000000e+00  0.000000e+00
   outer loop
     vertex  2.646154e+01  2.600000e+01  4.500000e+00
     vertex  2.346154e+01  2.600000e+01  3.000000e+00
     vertex  2.346154e+01  2.600000e+01  4.500000e+00
   endloop
 endfacet
 facet normal  0.000000e+00  1.000000e+00  0.000000e+00
   outer loop
     vertex  2.646154e+01  2.600000e+01  6.000000e+00
     vertex  2.646154e+01  2.600000e+01  4.500000e+00
     vertex  2.346154e+01  2.600000e+01  4.500000e+00
   endloop
 endfacet
 facet normal  0.000000e+00  1.000000e+00  0.000000e+00
   outer loop
     vertex  2.646154e+01  2.600000e+01  6.000000e+00
     vertex  2.346154e+01  2.600000e+01  4.500000e+00
     vertex  2.346154e+01  2.600000e+01  6.000000e+00
   endloop
 endfacet
 facet normal  0.000000e+00  1.000000e+00  0.000000e+00
   outer loop
     vertex  2.346154e+01  2.600000e+01  1.050000e+01
     vertex  2.646154e+01  2.600000e+01  6.000000e+00
     vertex  2.346154e+01  2.600000e+01  6.000000e+00
   endloop
 endfacet
 facet normal  0.000000e+00  1.000000e+00  0.000000e+00
   outer loop
     vertex  3.061538e+01  2.600000e+01  6.000000e+00
     vertex  3.061538e+01  2.600000e+01  4.500000e+00
     vertex  2.646154e+01  2.600000e+01  4.500000e+00
   endloop
 endfacet
 facet normal  0.000000e+00  1.000000e+00  0.000000e+00
   outer loop
     vertex  3.061538e+01  2.600000e+01  6.000000e+00
     vertex  2.646154e+01  2.600000e+01  4.500000e+00
     vertex  2.646154e+01  2.600000e+01  6.000000e+00
   endloop
 endfacet
 facet normal  0.000000e+00  1.000000e+00  0.000000e+00
   outer loop
     vertex  2.646154e+01  2.600000e+01  1.050000e+01
     vertex  2.646154e+01  2.600000e+01  6.000000e+00
     vertex  2.346154e+01  2.600000e+01  1.050000e+01
   endloop
 endfacet
 facet normal  0.000000e+00  1.000000e+00  0.000000e+00
   outer loop
     vertex  3.361538e+01  2.600000e+01  4.500000e+00
     vertex  3.361538e+01  2.600000e+01  3.000000e+00
     vertex  3.061538e+01  2.600000e+01  3.000000e+00
   endloop
 endfacet
 facet normal  0.000000e+00  1.000000e+00  0.000000e+00
   outer loop
     vertex  3.361538e+01  2.600000e+01  4.500000e+00
     vertex  3.061538e+01  2.600000e+01  3.000000e+00
     vertex  3.061538e+01  2.600000e+01  4.500000e+00
   endloop
 endfacet
 facet normal  0.000000e+00  1.000000e+00  0.000000e+00
   outer loop
     vertex  3.361538e+01  2.600000e+01  6.000000e+00
     vertex  3.061538e+01  2.600000e+01  4.500000e+00
     vertex  3.061538e+01  2.600000e+01  6.000000e+00
   endloop
 endfacet
 facet normal  0.000000e+00  1.000000e+00  0.000000e+00
   outer loop
     vertex  3.361538e+01  2.600000e+01  6.000000e+00
     vertex  3.361538e+01  2.600000e+01  4.500000e+00
     vertex  3.061538e+01  2.600000e+01  4.500000e+00
   endloop
 endfacet
 facet normal  0.000000e+00  1.000000e+00  0.000000e+00
   outer loop
     vertex  3.776923e+01  2.600000e+01  4.500000e+00
     vertex  3.361538e+01  2.600000e+01  4.500000e+00
     vertex  3.361538e+01  2.600000e+01  6.000000e+00
   endloop
 endfacet
 facet normal  0.000000e+00  1.000000e+00  0.000000e+00
   outer loop
     vertex  3.776923e+01  2.600000e+01  6.000000e+00
     vertex  3.776923e+01  2.600000e+01  4.500000e+00
     vertex  3.361538e+01  2.600000e+01  6.000000e+00
   endloop
 endfacet
 facet normal  0.000000e+00  1.000000e+00  0.000000e+00
   outer loop
     vertex  3.361538e+01  2.600000e+01  1.050000e+01
     vertex  3.061538e+01  2.600000e+01  6.000000e+00
     vertex  3.061538e+01  2.600000e+01  1.050000e+01
   endloop
 endfacet
 facet normal  0.000000e+00  1.000000e+00  0.000000e+00
   outer loop
     vertex  3.361538e+01  2.600000e+01  1.050000e+01
     vertex  3.361538e+01  2.600000e+01  6.000000e+00
     vertex  3.061538e+01  2.600000e+01  6.000000e+00
   endloop
 endfacet
 facet normal  0.000000e+00  1.000000e+00  0.000000e+00
   outer loop
     vertex  4.076923e+01  2.600000e+01  4.500000e+00
     vertex  4.076923e+01  2.600000e+01  3.000000e+00
     vertex  3.776923e+01  2.600000e+01  3.000000e+00
   endloop
 endfacet
 facet normal  0.000000e+00  1.000000e+00  0.000000e+00
   outer loop
     vertex  4.076923e+01  2.600000e+01  4.500000e+00
     vertex  3.776923e+01  2.600000e+01  3.000000e+00
     vertex  3.776923e+01  2.600000e+01  4.500000e+00
   endloop
 endfacet
 facet normal  0.000000e+00  1.000000e+00  0.000000e+00
   outer loop
     vertex  4.076923e+01  2.600000e+01  6.000000e+00
     vertex  4.076923e+01  2.600000e+01  4.500000e+00
     vertex  3.776923e+01  2.600000e+01  4.500000e+00
   endloop
 endfacet
 facet normal  0.000000e+00  1.000000e+00  0.000000e+00
   outer loop
     vertex  4.076923e+01  2.600000e+01  6.000000e+00
     vertex  3.776923e+01  2.600000e+01  4.500000e+00
     vertex  3.776923e+01  2.600000e+01  6.000000e+00
   endloop
 endfacet
 facet normal  0.000000e+00  1.000000e+00  0.000000e+00
   outer loop
     vertex  4.492308e+01  2.600000e+01  4.500000e+00
     vertex  4.076923e+01  2.600000e+01  4.500000e+00
     vertex  4.076923e+01  2.600000e+01  6.000000e+00
   endloop
 endfacet
 facet normal  0.000000e+00  1.000000e+00  0.000000e+00
   outer loop
     vertex  4.492308e+01  2.600000e+01  6.000000e+00
     vertex  4.492308e+01  2.600000e+01  4.500000e+00
     vertex  4.076923e+01  2.600000e+01  6.000000e+00
   endloop
 endfacet
 facet normal  0.000000e+00  1.000000e+00  0.000000e+00
   outer loop
     vertex  4.792308e+01  2.600000e+01  3.000000e+00
     vertex  4.492308e+01  2.600000e+01  3.000000e+00
     vertex  4.492308e+01  2.600000e+01  4.500000e+00
   endloop
 endfacet
 facet normal  0.000000e+00  1.000000e+00  0.000000e+00
   outer loop
     vertex  4.076923e+01  2.600000e+01  1.050000e+01
     vertex  4.076923e+01  2.600000e+01  6.000000e+00
     vertex  3.776923e+01  2.600000e+01  6.000000e+00
   endloop
 endfacet
 facet normal  0.000000e+00  1.000000e+00  0.000000e+00
   outer loop
     vertex  4.076923e+01  2.600000e+01  1.050000e+01
     vertex  3.776923e+01  2.600000e+01  6.000000e+00
     vertex  3.776923e+01  2.600000e+01  1.050000e+01
   endloop
 endfacet
 facet normal  0.000000e+00  1.000000e+00  0.000000e+00
   outer loop
     vertex  4.792308e+01  2.600000e+01  4.500000e+00
     vertex  4.492308e+01  2.600000e+01  4.500000e+00
     vertex  4.492308e+01  2.600000e+01  6.000000e+00
   endloop
 endfacet
 facet normal  0.000000e+00  1.000000e+00  0.000000e+00
   outer loop
     vertex  4.792308e+01  2.600000e+01  4.500000e+00
     vertex  4.792308e+01  2.600000e+01  3.000000e+00
     vertex  4.492308e+01  2.600000e+01  4.500000e+00
   endloop
 endfacet
 facet normal  0.000000e+00  1.000000e+00  0.000000e+00
   outer loop
     vertex  4.792308e+01  2.600000e+01  6.000000e+00
     vertex  4.792308e+01  2.600000e+01  4.500000e+00
     vertex  4.492308e+01  2.600000e+01  6.000000e+00
   endloop
 endfacet
 facet normal  0.000000e+00  1.000000e+00  0.000000e+00
   outer loop
     vertex  5.207692e+01  2.600000e+01  6.000000e+00
     vertex  4.792308e+01  2.600000e+01  4.500000e+00
     vertex  4.792308e+01  2.600000e+01  6.000000e+00
   endloop
 endfacet
 facet normal  0.000000e+00  1.000000e+00  0.000000e+00
   outer loop
     vertex  5.207692e+01  2.600000e+01  6.000000e+00
     vertex  5.207692e+01  2.600000e+01  4.500000e+00
     vertex  4.792308e+01  2.600000e+01  4.500000e+00
   endloop
 endfacet
 facet normal  0.000000e+00  1.000000e+00  0.000000e+00
   outer loop
     vertex  4.792308e+01  2.600000e+01  1.050000e+01
     vertex  4.492308e+01  2.600000e+01  6.000000e+00
     vertex  4.492308e+01  2.600000e+01  1.050000e+01
   endloop
 endfacet
 facet normal  0.000000e+00  1.000000e+00  0.000000e+00
   outer loop
     vertex  4.792308e+01  2.600000e+01  1.050000e+01
     vertex  4.792308e+01  2.600000e+01  6.000000e+00
     vertex  4.492308e+01  2.600000e+01  6.000000e+00
   endloop
 endfacet
 facet normal  0.000000e+00  1.000000e+00  0.000000e+00
   outer loop
     vertex  5.507692e+01  2.600000e+01  4.500000e+00
     vertex  5.507692e+01  2.600000e+01  3.000000e+00
     vertex  5.207692e+01  2.600000e+01  3.000000e+00
   endloop
 endfacet
 facet normal  0.000000e+00  1.000000e+00  0.000000e+00
   outer loop
     vertex  5.507692e+01  2.600000e+01  4.500000e+00
     vertex  5.207692e+01  2.600000e+01  3.000000e+00
     vertex  5.207692e+01  2.600000e+01  4.500000e+00
   endloop
 endfacet
 facet normal  0.000000e+00  1.000000e+00  0.000000e+00
   outer loop
     vertex  5.507692e+01  2.600000e+01  6.000000e+00
     vertex  5.507692e+01  2.600000e+01  4.500000e+00
     vertex  5.207692e+01  2.600000e+01  4.500000e+00
   endloop
 endfacet
 facet normal  0.000000e+00  1.000000e+00  0.000000e+00
   outer loop
     vertex  5.507692e+01  2.600000e+01  6.000000e+00
     vertex  5.207692e+01  2.600000e+01  4.500000e+00
     vertex  5.207692e+01  2.600000e+01  6.000000e+00
   endloop
 endfacet
 facet normal  0.000000e+00  1.000000e+00  0.000000e+00
   outer loop
     vertex  6.223077e+01  2.600000e+01  3.000000e+00
     vertex  5.923077e+01  2.600000e+01  3.000000e+00
     vertex  5.923077e+01  2.600000e+01  4.500000e+00
   endloop
 endfacet
 facet normal  0.000000e+00  1.000000e+00  0.000000e+00
   outer loop
     vertex  5.923077e+01  2.600000e+01  6.000000e+00
     vertex  5.923077e+01  2.600000e+01  4.500000e+00
     vertex  5.507692e+01  2.600000e+01  4.500000e+00
   endloop
 endfacet
 facet normal  0.000000e+00  1.000000e+00  0.000000e+00
   outer loop
     vertex  5.923077e+01  2.600000e+01  6.000000e+00
     vertex  5.507692e+01  2.600000e+01  4.500000e+00
     vertex  5.507692e+01  2.600000e+01  6.000000e+00
   endloop
 endfacet
 facet normal  0.000000e+00  1.000000e+00  0.000000e+00
   outer loop
     vertex  5.507692e+01  2.600000e+01  1.050000e+01
     vertex  5.507692e+01  2.600000e+01  6.000000e+00
     vertex  5.207692e+01  2.600000e+01  6.000000e+00
   endloop
 endfacet
 facet normal  0.000000e+00  1.000000e+00  0.000000e+00
   outer loop
     vertex  5.507692e+01  2.600000e+01  1.050000e+01
     vertex  5.207692e+01  2.600000e+01  6.000000e+00
     vertex  5.207692e+01  2.600000e+01  1.050000e+01
   endloop
 endfacet
 facet normal  0.000000e+00  1.000000e+00  0.000000e+00
   outer loop
     vertex  6.223077e+01  2.600000e+01  4.500000e+00
     vertex  6.223077e+01  2.600000e+01  3.000000e+00
     vertex  5.923077e+01  2.600000e+01  4.500000e+00
   endloop
 endfacet
 facet normal  0.000000e+00  1.000000e+00  0.000000e+00
   outer loop
     vertex  6.223077e+01  2.600000e+01  4.500000e+00
     vertex  5.923077e+01  2.600000e+01  4.500000e+00
     vertex  5.923077e+01  2.600000e+01  6.000000e+00
   endloop
 endfacet
 facet normal  0.000000e+00  1.000000e+00  0.000000e+00
   outer loop
     vertex  6.223077e+01  2.600000e+01  6.000000e+00
     vertex  6.223077e+01  2.600000e+01  4.500000e+00
     vertex  5.923077e+01  2.600000e+01  6.000000e+00
   endloop
 endfacet
 facet normal  0.000000e+00  1.000000e+00  0.000000e+00
   outer loop
     vertex  6.638462e+01  2.600000e+01  6.000000e+00
     vertex  6.638462e+01  2.600000e+01  4.500000e+00
     vertex  6.223077e+01  2.600000e+01  4.500000e+00
   endloop
 endfacet
 facet normal  0.000000e+00  1.000000e+00  0.000000e+00
   outer loop
     vertex  6.638462e+01  2.600000e+01  6.000000e+00
     vertex  6.223077e+01  2.600000e+01  4.500000e+00
     vertex  6.223077e+01  2.600000e+01  6.000000e+00
   endloop
 endfacet
 facet normal  0.000000e+00  1.000000e+00  0.000000e+00
   outer loop
     vertex  6.223077e+01  2.600000e+01  1.050000e+01
     vertex  6.223077e+01  2.600000e+01  6.000000e+00
     vertex  5.923077e+01  2.600000e+01  6.000000e+00
   endloop
 endfacet
 facet normal  0.000000e+00  1.000000e+00  0.000000e+00
   outer loop
     vertex  6.223077e+01  2.600000e+01  1.050000e+01
     vertex  5.923077e+01  2.600000e+01  6.000000e+00
     vertex  5.923077e+01  2.600000e+01  1.050000e+01
   endloop
 endfacet
 facet normal  0.000000e+00  1.000000e+00  0.000000e+00
   outer loop
     vertex  6.938462e+01  2.600000e+01  4.500000e+00
     vertex  6.938462e+01  2.600000e+01  3.000000e+00
     vertex  6.638462e+01  2.600000e+01  3.000000e+00
   endloop
 endfacet
 facet normal  0.000000e+00  1.000000e+00  0.000000e+00
   outer loop
     vertex  6.938462e+01  2.600000e+01  4.500000e+00
     vertex  6.638462e+01  2.600000e+01  3.000000e+00
     vertex  6.638462e+01  2.600000e+01  4.500000e+00
   endloop
 endfacet
 facet normal  0.000000e+00  1.000000e+00  0.000000e+00
   outer loop
     vertex  6.938462e+01  2.600000e+01  6.000000e+00
     vertex  6.638462e+01  2.600000e+01  4.500000e+00
     vertex  6.638462e+01  2.600000e+01  6.000000e+00
   endloop
 endfacet
 facet normal  0.000000e+00  1.000000e+00  0.000000e+00
   outer loop
     vertex  6.938462e+01  2.600000e+01  6.000000e+00
     vertex  6.938462e+01  2.600000e+01  4.500000e+00
     vertex  6.638462e+01  2.600000e+01  4.500000e+00
   endloop
 endfacet
 facet normal  0.000000e+00  1.000000e+00  0.000000e+00
   outer loop
     vertex  7.353846e+01  2.600000e+01  6.000000e+00
     vertex  7.353846e+01  2.600000e+01  4.500000e+00
     vertex  6.938462e+01  2.600000e+01  4.500000e+00
   endloop
 endfacet
 facet normal  0.000000e+00  1.000000e+00  0.000000e+00
   outer loop
     vertex  7.353846e+01  2.600000e+01  6.000000e+00
     vertex  6.938462e+01  2.600000e+01  4.500000e+00
     vertex  6.938462e+01  2.600000e+01  6.000000e+00
   endloop
 endfacet
 facet normal  0.000000e+00  1.000000e+00  0.000000e+00
   outer loop
     vertex  6.938462e+01  2.600000e+01  1.050000e+01
     vertex  6.938462e+01  2.600000e+01  6.000000e+00
     vertex  6.638462e+01  2.600000e+01  6.000000e+00
   endloop
 endfacet
 facet normal  0.000000e+00  1.000000e+00  0.000000e+00
   outer loop
     vertex  6.938462e+01  2.600000e+01  1.050000e+01
     vertex  6.638462e+01  2.600000e+01  6.000000e+00
     vertex  6.638462e+01  2.600000e+01  1.050000e+01
   endloop
 endfacet
 facet normal  0.000000e+00  1.000000e+00  0.000000e+00
   outer loop
     vertex  7.653846e+01  2.600000e+01  4.500000e+00
     vertex  7.653846e+01  2.600000e+01  3.000000e+00
     vertex  7.353846e+01  2.600000e+01  3.000000e+00
   endloop
 endfacet
 facet normal  0.000000e+00  1.000000e+00  0.000000e+00
   outer loop
     vertex  7.653846e+01  2.600000e+01  4.500000e+00
     vertex  7.353846e+01  2.600000e+01  3.000000e+00
     vertex  7.353846e+01  2.600000e+01  4.500000e+00
   endloop
 endfacet
 facet normal  0.000000e+00  1.000000e+00  0.000000e+00
   outer loop
     vertex  7.653846e+01  2.600000e+01  6.000000e+00
     vertex  7.353846e+01  2.600000e+01  4.500000e+00
     vertex  7.353846e+01  2.600000e+01  6.000000e+00
   endloop
 endfacet
 facet normal  0.000000e+00  1.000000e+00  0.000000e+00
   outer loop
     vertex  7.653846e+01  2.600000e+01  6.000000e+00
     vertex  7.653846e+01  2.600000e+01  4.500000e+00
     vertex  7.353846e+01  2.600000e+01  4.500000e+00
   endloop
 endfacet
 facet normal  0.000000e+00  1.000000e+00  0.000000e+00
   outer loop
     vertex  8.369231e+01  2.600000e+01  3.000000e+00
     vertex  8.069231e+01  2.600000e+01  3.000000e+00
     vertex  8.069231e+01  2.600000e+01  4.500000e+00
   endloop
 endfacet
 facet normal  0.000000e+00  1.000000e+00  0.000000e+00
   outer loop
     vertex  8.069231e+01  2.600000e+01  6.000000e+00
     vertex  8.069231e+01  2.600000e+01  4.500000e+00
     vertex  7.653846e+01  2.600000e+01  4.500000e+00
   endloop
 endfacet
 facet normal  0.000000e+00  1.000000e+00  0.000000e+00
   outer loop
     vertex  8.069231e+01  2.600000e+01  6.000000e+00
     vertex  7.653846e+01  2.600000e+01  4.500000e+00
     vertex  7.653846e+01  2.600000e+01  6.000000e+00
   endloop
 endfacet
 facet normal  0.000000e+00  1.000000e+00  0.000000e+00
   outer loop
     vertex  7.653846e+01  2.600000e+01  1.050000e+01
     vertex  7.653846e+01  2.600000e+01  6.000000e+00
     vertex  7.353846e+01  2.600000e+01  6.000000e+00
   endloop
 endfacet
 facet normal  0.000000e+00  1.000000e+00  0.000000e+00
   outer loop
     vertex  7.653846e+01  2.600000e+01  1.050000e+01
     vertex  7.353846e+01  2.600000e+01  6.000000e+00
     vertex  7.353846e+01  2.600000e+01  1.050000e+01
   endloop
 endfacet
 facet normal  0.000000e+00  1.000000e+00  0.000000e+00
   outer loop
     vertex  8.369231e+01  2.600000e+01  4.500000e+00
     vertex  8.069231e+01  2.600000e+01  4.500000e+00
     vertex  8.069231e+01  2.600000e+01  6.000000e+00
   endloop
 endfacet
 facet normal  0.000000e+00  1.000000e+00  0.000000e+00
   outer loop
     vertex  8.369231e+01  2.600000e+01  4.500000e+00
     vertex  8.369231e+01  2.600000e+01  3.000000e+00
     vertex  8.069231e+01  2.600000e+01  4.500000e+00
   endloop
 endfacet
 facet normal  0.000000e+00  1.000000e+00  0.000000e+00
   outer loop
     vertex  8.369231e+01  2.600000e+01  6.000000e+00
     vertex  8.369231e+01  2.600000e+01  4.500000e+00
     vertex  8.069231e+01  2.600000e+01  6.000000e+00
   endloop
 endfacet
 facet normal  0.000000e+00  1.000000e+00  0.000000e+00
   outer loop
     vertex  8.784615e+01  2.600000e+01  6.000000e+00
     vertex  8.784615e+01  2.600000e+01  4.500000e+00
     vertex  8.369231e+01  2.600000e+01  4.500000e+00
   endloop
 endfacet
 facet normal  0.000000e+00  1.000000e+00  0.000000e+00
   outer loop
     vertex  8.784615e+01  2.600000e+01  6.000000e+00
     vertex  8.369231e+01  2.600000e+01  4.500000e+00
     vertex  8.369231e+01  2.600000e+01  6.000000e+00
   endloop
 endfacet
 facet normal  0.000000e+00  1.000000e+00  0.000000e+00
   outer loop
     vertex  8.369231e+01  2.600000e+01  1.050000e+01
     vertex  8.369231e+01  2.600000e+01  6.000000e+00
     vertex  8.069231e+01  2.600000e+01  6.000000e+00
   endloop
 endfacet
 facet normal  0.000000e+00  1.000000e+00  0.000000e+00
   outer loop
     vertex  8.369231e+01  2.600000e+01  1.050000e+01
     vertex  8.069231e+01  2.600000e+01  6.000000e+00
     vertex  8.069231e+01  2.600000e+01  1.050000e+01
   endloop
 endfacet
 facet normal  0.000000e+00  1.000000e+00  0.000000e+00
   outer loop
     vertex  9.084615e+01  2.600000e+01  4.500000e+00
     vertex  9.084615e+01  2.600000e+01  3.000000e+00
     vertex  8.784615e+01  2.600000e+01  3.000000e+00
   endloop
 endfacet
 facet normal  0.000000e+00  1.000000e+00  0.000000e+00
   outer loop
     vertex  9.084615e+01  2.600000e+01  4.500000e+00
     vertex  8.784615e+01  2.600000e+01  3.000000e+00
     vertex  8.784615e+01  2.600000e+01  4.500000e+00
   endloop
 endfacet
 facet normal  0.000000e+00  1.000000e+00  0.000000e+00
   outer loop
     vertex  9.084615e+01  2.600000e+01  6.000000e+00
     vertex  9.084615e+01  2.600000e+01  4.500000e+00
     vertex  8.784615e+01  2.600000e+01  4.500000e+00
   endloop
 endfacet
 facet normal  0.000000e+00  1.000000e+00  0.000000e+00
   outer loop
     vertex  9.084615e+01  2.600000e+01  6.000000e+00
     vertex  8.784615e+01  2.600000e+01  4.500000e+00
     vertex  8.784615e+01  2.600000e+01  6.000000e+00
   endloop
 endfacet
 facet normal  0.000000e+00  1.000000e+00  0.000000e+00
   outer loop
     vertex  8.784615e+01  2.600000e+01  1.050000e+01
     vertex  9.084615e+01  2.600000e+01  6.000000e+00
     vertex  8.784615e+01  2.600000e+01  6.000000e+00
   endloop
 endfacet
 facet normal  0.000000e+00  1.000000e+00  0.000000e+00
   outer loop
     vertex  9.800000e+01  2.600000e+01  3.000000e+00
     vertex  9.500000e+01  2.600000e+01  3.000000e+00
     vertex  9.500000e+01  2.600000e+01  4.500000e+00
   endloop
 endfacet
 facet normal  0.000000e+00  1.000000e+00  0.000000e+00
   outer loop
     vertex  9.500000e+01  2.600000e+01  6.000000e+00
     vertex  9.500000e+01  2.600000e+01  4.500000e+00
     vertex  9.084615e+01  2.600000e+01  4.500000e+00
   endloop
 endfacet
 facet normal  0.000000e+00  1.000000e+00  0.000000e+00
   outer loop
     vertex  9.500000e+01  2.600000e+01  6.000000e+00
     vertex  9.084615e+01  2.600000e+01  4.500000e+00
     vertex  9.084615e+01  2.600000e+01  6.000000e+00
   endloop
 endfacet
 facet normal  0.000000e+00  1.000000e+00  0.000000e+00
   outer loop
     vertex  9.500000e+01  2.600000e+01  6.000000e+00
     vertex  9.800000e+01  2.600000e+01  3.000000e+00
     vertex  9.500000e+01  2.600000e+01  4.500000e+00
   endloop
 endfacet
 facet normal  0.000000e+00  1.000000e+00  0.000000e+00
   outer loop
     vertex  9.084615e+01  2.600000e+01  1.050000e+01
     vertex  9.084615e+01  2.600000e+01  6.000000e+00
     vertex  8.784615e+01  2.600000e+01  1.050000e+01
   endloop
 endfacet
 facet normal  0.000000e+00  1.000000e+00  0.000000e+00
   outer loop
     vertex  9.800000e+01  2.600000e+01  1.200000e+01
     vertex  8.784615e+01  2.600000e+01  1.050000e+01
     vertex  8.369231e+01  2.600000e+01  1.050000e+01
   endloop
 endfacet
 facet normal  0.000000e+00  1.000000e+00  0.000000e+00
   outer loop
     vertex  9.800000e+01  2.600000e+01  1.200000e+01
     vertex  8.369231e+01  2.600000e+01  1.050000e+01
     vertex  8.069231e+01  2.600000e+01  1.050000e+01
   endloop
 endfacet
 facet normal  0.000000e+00  1.000000e+00  0.000000e+00
   outer loop
     vertex  9.800000e+01  2.600000e+01  1.200000e+01
     vertex  9.500000e+01  2.600000e+01  6.000000e+00
     vertex  9.500000e+01  2.600000e+01  1.050000e+01
   endloop
 endfacet
 facet normal  0.000000e+00  1.000000e+00  0.000000e+00
   outer loop
     vertex  9.800000e+01  2.600000e+01  1.200000e+01
     vertex  9.500000e+01  2.600000e+01  1.050000e+01
     vertex  9.084615e+01  2.600000e+01  1.050000e+01
   endloop
 endfacet
 facet normal  0.000000e+00  1.000000e+00  0.000000e+00
   outer loop
     vertex  9.800000e+01  2.600000e+01  1.200000e+01
     vertex  9.084615e+01  2.600000e+01  1.050000e+01
     vertex  8.784615e+01  2.600000e+01  1.050000e+01
   endloop
 endfacet
 facet normal  0.000000e+00  1.000000e+00  0.000000e+00
   outer loop
     vertex  9.800000e+01  2.600000e+01  1.200000e+01
     vertex  9.800000e+01  2.600000e+01  3.000000e+00
     vertex  9.500000e+01  2.600000e+01  6.000000e+00
   endloop
 endfacet
 facet normal -0.000000e+00  1.000000e+00  0.000000e+00
   outer loop
     vertex  2.000000e+00  2.600000e+01  1.200000e+01
     vertex  9.800000e+01  2.600000e+01  1.200000e+01
     vertex  8.069231e+01  2.600000e+01  1.050000e+01
   endloop
 endfacet
 facet normal  0.000000e+00  1.000000e+00  0.000000e+00
   outer loop
     vertex  2.000000e+00  2.600000e+01  1.200000e+01
     vertex  8.069231e+01  2.600000e+01  1.050000e+01
     vertex  7.653846e+01  2.600000e+01  1.050000e+01
   endloop
 endfacet
 facet normal  0.000000e+00  1.000000e+00  0.000000e+00
   outer loop
     vertex  2.000000e+00  2.600000e+01  1.200000e+01
     vertex  7.653846e+01  2.600000e+01  1.050000e+01
     vertex  7.353846e+01  2.600000e+01  1.050000e+01
   endloop
 endfacet
 facet normal  0.000000e+00  1.000000e+00  0.000000e+00
   outer loop
     vertex  2.000000e+00  2.600000e+01  1.200000e+01
     vertex  7.353846e+01  2.600000e+01  1.050000e+01
     vertex  6.938462e+01  2.600000e+01  1.050000e+01
   endloop
 endfacet
 facet normal  0.000000e+00  1.000000e+00  0.000000e+00
   outer loop
     vertex  2.000000e+00  2.600000e+01  1.200000e+01
     vertex  6.938462e+01  2.600000e+01  1.050000e+01
     vertex  6.638462e+01  2.600000e+01  1.050000e+01
   endloop
 endfacet
 facet normal  0.000000e+00  1.000000e+00  0.000000e+00
   outer loop
     vertex  2.000000e+00  2.600000e+01  1.200000e+01
     vertex  6.638462e+01  2.600000e+01  1.050000e+01
     vertex  6.223077e+01  2.600000e+01  1.050000e+01
   endloop
 endfacet
 facet normal  0.000000e+00  1.000000e+00  0.000000e+00
   outer loop
     vertex  2.000000e+00  2.600000e+01  1.200000e+01
     vertex  6.223077e+01  2.600000e+01  1.050000e+01
     vertex  5.923077e+01  2.600000e+01  1.050000e+01
   endloop
 endfacet
 facet normal  0.000000e+00  1.000000e+00  0.000000e+00
   outer loop
     vertex  2.000000e+00  2.600000e+01  1.200000e+01
     vertex  5.923077e+01  2.600000e+01  1.050000e+01
     vertex  5.507692e+01  2.600000e+01  1.050000e+01
   endloop
 endfacet
 facet normal  0.000000e+00  1.000000e+00  0.000000e+00
   outer loop
     vertex  2.000000e+00  2.600000e+01  1.200000e+01
     vertex  5.507692e+01  2.600000e+01  1.050000e+01
     vertex  5.207692e+01  2.600000e+01  1.050000e+01
   endloop
 endfacet
 facet normal  0.000000e+00  1.000000e+00  0.000000e+00
   outer loop
     vertex  2.000000e+00  2.600000e+01  1.200000e+01
     vertex  5.207692e+01  2.600000e+01  1.050000e+01
     vertex  4.792308e+01  2.600000e+01  1.050000e+01
   endloop
 endfacet
 facet normal  0.000000e+00  1.000000e+00  0.000000e+00
   outer loop
     vertex  2.000000e+00  2.600000e+01  1.200000e+01
     vertex  4.792308e+01  2.600000e+01  1.050000e+01
     vertex  4.492308e+01  2.600000e+01  1.050000e+01
   endloop
 endfacet
 facet normal  0.000000e+00  1.000000e+00  0.000000e+00
   outer loop
     vertex  2.000000e+00  2.600000e+01  1.200000e+01
     vertex  4.492308e+01  2.600000e+01  1.050000e+01
     vertex  4.076923e+01  2.600000e+01  1.050000e+01
   endloop
 endfacet
 facet normal  0.000000e+00  1.000000e+00  0.000000e+00
   outer loop
     vertex  2.000000e+00  2.600000e+01  1.200000e+01
     vertex  4.076923e+01  2.600000e+01  1.050000e+01
     vertex  3.776923e+01  2.600000e+01  1.050000e+01
   endloop
 endfacet
 facet normal  0.000000e+00  1.000000e+00  0.000000e+00
   outer loop
     vertex  2.000000e+00  2.600000e+01  1.200000e+01
     vertex  3.776923e+01  2.600000e+01  1.050000e+01
     vertex  3.361538e+01  2.600000e+01  1.050000e+01
   endloop
 endfacet
 facet normal  0.000000e+00  1.000000e+00  0.000000e+00
   outer loop
     vertex  2.000000e+00  2.600000e+01  1.200000e+01
     vertex  3.361538e+01  2.600000e+01  1.050000e+01
     vertex  3.061538e+01  2.600000e+01  1.050000e+01
   endloop
 endfacet
 facet normal  0.000000e+00  1.000000e+00  0.000000e+00
   outer loop
     vertex  2.000000e+00  2.600000e+01  1.200000e+01
     vertex  3.061538e+01  2.600000e+01  1.050000e+01
     vertex  2.646154e+01  2.600000e+01  1.050000e+01
   endloop
 endfacet
 facet normal  0.000000e+00  1.000000e+00  0.000000e+00
   outer loop
     vertex  2.000000e+00  2.600000e+01  1.200000e+01
     vertex  2.646154e+01  2.600000e+01  1.050000e+01
     vertex  2.346154e+01  2.600000e+01  1.050000e+01
   endloop
 endfacet
 facet normal  0.000000e+00  1.000000e+00  0.000000e+00
   outer loop
     vertex  2.000000e+00  2.600000e+01  1.200000e+01
     vertex  2.346154e+01  2.600000e+01  1.050000e+01
     vertex  1.930769e+01  2.600000e+01  1.050000e+01
   endloop
 endfacet
 facet normal  0.000000e+00  1.000000e+00  0.000000e+00
   outer loop
     vertex  2.000000e+00  2.600000e+01  1.200000e+01
     vertex  1.930769e+01  2.600000e+01  1.050000e+01
     vertex  1.630769e+01  2.600000e+01  1.050000e+01
   endloop
 endfacet
 facet normal  0.000000e+00 -1.000000e+00 -0.000000e+00
   outer loop
     vertex  5.000000e+00  3.200000e+01  4.500000e+00
     vertex  2.000000e+00  3.200000e+01  3.000000e+00
     vertex  5.000000e+00  3.200000e+01  3.000000e+00
   endloop
 endfacet
 facet normal  0.000000e+00 -1.000000e+00 -0.000000e+00
   outer loop
     vertex  5.000000e+00  3.200000e+01  6.000000e+00
     vertex  2.000000e+00  3.200000e+01  3.000000e+00
     vertex  5.000000e+00  3.200000e+01  4.500000e+00
   endloop
 endfacet
 facet normal  0.000000e+00 -1.000000e+00  0.000000e+00
   outer loop
     vertex  2.000000e+00  3.200000e+01  1.200000e+01
     vertex  2.000000e+00  3.200000e+01  3.000000e+00
     vertex  5.000000e+00  3.200000e+01  6.000000e+00
   endloop
 endfacet
 facet normal -0.000000e+00 -1.000000e+00  0.000000e+00
   outer loop
     vertex  9.153846e+00  3.200000e+01  6.000000e+00
     vertex  5.000000e+00  3.200000e+01  6.000000e+00
     vertex  5.000000e+00  3.200000e+01  4.500000e+00
   endloop
 endfacet
 facet normal  0.000000e+00 -1.000000e+00 -0.000000e+00
   outer loop
     vertex  9.153846e+00  3.200000e+01  6.000000e+00
     vertex  5.000000e+00  3.200000e+01  4.500000e+00
     vertex  9.153846e+00  3.200000e+01  4.500000e+00
   endloop
 endfacet
 facet normal -0.000000e+00 -1.000000e+00 -0.000000e+00
   outer loop
     vertex  5.000000e+00  3.200000e+01  1.050000e+01
     vertex  2.000000e+00  3.200000e+01  1.200000e+01
     vertex  5.000000e+00  3.200000e+01  6.000000e+00
   endloop
 endfacet
 facet normal  0.000000e+00 -1.000000e+00 -0.000000e+00
   outer loop
     vertex  1.215385e+01  3.200000e+01  4.500000e+00
     vertex  9.153846e+00  3.200000e+01  3.000000e+00
     vertex  1.215385e+01  3.200000e+01  3.000000e+00
   endloop
 endfacet
 facet normal -0.000000e+00 -1.000000e+00  0.000000e+00
   outer loop
     vertex  1.215385e+01  3.200000e+01  4.500000e+00
     vertex  9.153846e+00  3.200000e+01  4.500000e+00
     vertex  9.153846e+00  3.200000e+01  3.000000e+00
   endloop
 endfacet
 facet normal  0.000000e+00 -1.000000e+00 -0.000000e+00
   outer loop
     vertex  1.215385e+01  3.200000e+01  6.000000e+00
     vertex  9.153846e+00  3.200000e+01  4.500000e+00
     vertex  1.215385e+01  3.200000e+01  4.500000e+00
   endloop
 endfacet
 facet normal -0.000000e+00 -1.000000e+00  0.000000e+00
   outer loop
     vertex  1.215385e+01  3.200000e+01  6.000000e+00
     vertex  9.153846e+00  3.200000e+01  6.000000e+00
     vertex  9.153846e+00  3.200000e+01  4.500000e+00
   endloop
 endfacet
 facet normal  0.000000e+00 -1.000000e+00  0.000000e+00
   outer loop
     vertex  9.153846e+00  3.200000e+01  1.050000e+01
     vertex  2.000000e+00  3.200000e+01  1.200000e+01
     vertex  5.000000e+00  3.200000e+01  1.050000e+01
   endloop
 endfacet
 facet normal  0.000000e+00 -1.000000e+00  0.000000e+00
   outer loop
     vertex  1.930769e+01  3.200000e+01  3.000000e+00
     vertex  1.630769e+01  3.200000e+01  4.500000e+00
     vertex  1.630769e+01  3.200000e+01  3.000000e+00
   endloop
 endfacet
 facet normal -0.000000e+00 -1.000000e+00  0.000000e+00
   outer loop
     vertex  1.630769e+01  3.200000e+01  6.000000e+00
     vertex  1.215385e+01  3.200000e+01  6.000000e+00
     vertex  1.215385e+01  3.200000e+01  4.500000e+00
   endloop
 endfacet
 facet normal  0.000000e+00 -1.000000e+00 -0.000000e+00
   outer loop
     vertex  1.630769e+01  3.200000e+01  6.000000e+00
     vertex  1.215385e+01  3.200000e+01  4.500000e+00
     vertex  1.630769e+01  3.200000e+01  4.500000e+00
   endloop
 endfacet
 facet normal  0.000000e+00 -1.000000e+00  0.000000e+00
   outer loop
     vertex  1.215385e+01  3.200000e+01  1.050000e+01
     vertex  2.000000e+00  3.200000e+01  1.200000e+01
     vertex  9.153846e+00  3.200000e+01  1.050000e+01
   endloop
 endfacet
 facet normal  0.000000e+00 -1.000000e+00 -0.000000e+00
   outer loop
     vertex  1.215385e+01  3.200000e+01  1.050000e+01
     vertex  9.153846e+00  3.200000e+01  6.000000e+00
     vertex  1.215385e+01  3.200000e+01  6.000000e+00
   endloop
 endfacet
 facet normal -0.000000e+00 -1.000000e+00  0.000000e+00
   outer loop
     vertex  1.215385e+01  3.200000e+01  1.050000e+01
     vertex  9.153846e+00  3.200000e+01  1.050000e+01
     vertex  9.153846e+00  3.200000e+01  6.000000e+00
   endloop
 endfacet
 facet normal -0.000000e+00 -1.000000e+00 -0.000000e+00
   outer loop
     vertex  1.930769e+01  3.200000e+01  4.500000e+00
     vertex  1.630769e+01  3.200000e+01  4.500000e+00
     vertex  1.930769e+01  3.200000e+01  3.000000e+00
   endloop
 endfacet
 facet normal  0.000000e+00 -1.000000e+00  0.000000e+00
   outer loop
     vertex  1.930769e+01  3.200000e+01  4.500000e+00
     vertex  1.630769e+01  3.200000e+01  6.000000e+00
     vertex  1.630769e+01  3.200000e+01  4.500000e+00
   endloop
 endfacet
 facet normal -0.000000e+00 -1.000000e+00 -0.000000e+00
   outer loop
     vertex  1.930769e+01  3.200000e+01  6.000000e+00
     vertex  1.630769e+01  3.200000e+01  6.000000e+00
     vertex  1.930769e+01  3.200000e+01  4.500000e+00
   endloop
 endfacet
 facet normal  0.000000e+00 -1.000000e+00  0.000000e+00
   outer loop
     vertex  1.630769e+01  3.200000e+01  1.050000e+01
     vertex  2.000000e+00  3.200000e+01  1.200000e+01
     vertex  1.215385e+01  3.200000e+01  1.050000e+01
   endloop
 endfacet
 facet normal  0.000000e+00 -1.000000e+00  0.000000e+00
   outer loop
     vertex  1.630769e+01  3.200000e+01  1.050000e+01
     vertex  1.630769e+01  3.200000e+01  6.000000e+00
     vertex  1.930769e+01  3.200000e+01  6.000000e+00
   endloop
 endfacet
 facet normal  0.000000e+00 -1.000000e+00 -0.000000e+00
   outer loop
     vertex  2.346154e+01  3.200000e+01  6.000000e+00
     vertex  1.930769e+01  3.200000e+01  4.500000e+00
     vertex  2.346154e+01  3.200000e+01  4.500000e+00
   endloop
 endfacet
 facet normal -0.000000e+00 -1.000000e+00  0.000000e+00
   outer loop
     vertex  2.346154e+01  3.200000e+01  6.000000e+00
     vertex  1.930769e+01  3.200000e+01  6.000000e+00
     vertex  1.930769e+01  3.200000e+01  4.500000e+00
   endloop
 endfacet
 facet normal -0.000000e+00 -1.000000e+00 -0.000000e+00
   outer loop
     vertex  1.930769e+01  3.200000e+01  1.050000e+01
     vertex  1.630769e+01  3.200000e+01  1.050000e+01
     vertex  1.930769e+01  3.200000e+01  6.000000e+00
   endloop
 endfacet
 facet normal  0.000000e+00 -1.000000e+00 -0.000000e+00
   outer loop
     vertex  2.646154e+01  3.200000e+01  4.500000e+00
     vertex  2.346154e+01  3.200000e+01  3.000000e+00
     vertex  2.646154e+01  3.200000e+01  3.000000e+00
   endloop
 endfacet
 facet normal -0.000000e+00 -1.000000e+00  0.000000e+00
   outer loop
     vertex  2.646154e+01  3.200000e+01  4.500000e+00
     vertex  2.346154e+01  3.200000e+01  4.500000e+00
     vertex  2.346154e+01  3.200000e+01  3.000000e+00
   endloop
 endfacet
 facet normal  0.000000e+00 -1.000000e+00 -0.000000e+00
   outer loop
     vertex  2.646154e+01  3.200000e+01  6.000000e+00
     vertex  2.346154e+01  3.200000e+01  4.500000e+00
     vertex  2.646154e+01  3.200000e+01  4.500000e+00
   endloop
 endfacet
 facet normal -0.000000e+00 -1.000000e+00  0.000000e+00
   outer loop
     vertex  2.646154e+01  3.200000e+01  6.000000e+00
     vertex  2.346154e+01  3.200000e+01  6.000000e+00
     vertex  2.346154e+01  3.200000e+01  4.500000e+00
   endloop
 endfacet
 facet normal  0.000000e+00 -1.000000e+00  0.000000e+00
   outer loop
     vertex  2.346154e+01  3.200000e+01  1.050000e+01
     vertex  2.346154e+01  3.200000e+01  6.000000e+00
     vertex  2.646154e+01  3.200000e+01  6.000000e+00
   endloop
 endfacet
 facet normal  0.000000e+00 -1.000000e+00 -0.000000e+00
   outer loop
     vertex  3.061538e+01  3.200000e+01  6.000000e+00
     vertex  2.646154e+01  3.200000e+01  4.500000e+00
     vertex  3.061538e+01  3.200000e+01  4.500000e+00
   endloop
 endfacet
 facet normal -0.000000e+00 -1.000000e+00  0.000000e+00
   outer loop
     vertex  3.061538e+01  3.200000e+01  6.000000e+00
     vertex  2.646154e+01  3.200000e+01  6.000000e+00
     vertex  2.646154e+01  3.200000e+01  4.500000e+00
   endloop
 endfacet
 facet normal -0.000000e+00 -1.000000e+00 -0.000000e+00
   outer loop
     vertex  2.646154e+01  3.200000e+01  1.050000e+01
     vertex  2.346154e+01  3.200000e+01  1.050000e+01
     vertex  2.646154e+01  3.200000e+01  6.000000e+00
   endloop
 endfacet
 facet normal  0.000000e+00 -1.000000e+00 -0.000000e+00
   outer loop
     vertex  3.361538e+01  3.200000e+01  4.500000e+00
     vertex  3.061538e+01  3.200000e+01  3.000000e+00
     vertex  3.361538e+01  3.200000e+01  3.000000e+00
   endloop
 endfacet
 facet normal -0.000000e+00 -1.000000e+00  0.000000e+00
   outer loop
     vertex  3.361538e+01  3.200000e+01  4.500000e+00
     vertex  3.061538e+01  3.200000e+01  4.500000e+00
     vertex  3.061538e+01  3.200000e+01  3.000000e+00
   endloop
 endfacet
 facet normal -0.000000e+00 -1.000000e+00  0.000000e+00
   outer loop
     vertex  3.361538e+01  3.200000e+01  6.000000e+00
     vertex  3.061538e+01  3.200000e+01  6.000000e+00
     vertex  3.061538e+01  3.200000e+01  4.500000e+00
   endloop
 endfacet
 facet normal  0.000000e+00 -1.000000e+00 -0.000000e+00
   outer loop
     vertex  3.361538e+01  3.200000e+01  6.000000e+00
     vertex  3.061538e+01  3.200000e+01  4.500000e+00
     vertex  3.361538e+01  3.200000e+01  4.500000e+00
   endloop
 endfacet
 facet normal  0.000000e+00 -1.000000e+00  0.000000e+00
   outer loop
     vertex  3.776923e+01  3.200000e+01  4.500000e+00
     vertex  3.361538e+01  3.200000e+01  6.000000e+00
     vertex  3.361538e+01  3.200000e+01  4.500000e+00
   endloop
 endfacet
 facet normal -0.000000e+00 -1.000000e+00 -0.000000e+00
   outer loop
     vertex  3.776923e+01  3.200000e+01  6.000000e+00
     vertex  3.361538e+01  3.200000e+01  6.000000e+00
     vertex  3.776923e+01  3.200000e+01  4.500000e+00
   endloop
 endfacet
 facet normal -0.000000e+00 -1.000000e+00  0.000000e+00
   outer loop
     vertex  3.361538e+01  3.200000e+01  1.050000e+01
     vertex  3.061538e+01  3.200000e+01  1.050000e+01
     vertex  3.061538e+01  3.200000e+01  6.000000e+00
   endloop
 endfacet
 facet normal  0.000000e+00 -1.000000e+00 -0.000000e+00
   outer loop
     vertex  3.361538e+01  3.200000e+01  1.050000e+01
     vertex  3.061538e+01  3.200000e+01  6.000000e+00
     vertex  3.361538e+01  3.200000e+01  6.000000e+00
   endloop
 endfacet
 facet normal  0.000000e+00 -1.000000e+00 -0.000000e+00
   outer loop
     vertex  4.076923e+01  3.200000e+01  4.500000e+00
     vertex  3.776923e+01  3.200000e+01  3.000000e+00
     vertex  4.076923e+01  3.200000e+01  3.000000e+00
   endloop
 endfacet
 facet normal -0.000000e+00 -1.000000e+00  0.000000e+00
   outer loop
     vertex  4.076923e+01  3.200000e+01  4.500000e+00
     vertex  3.776923e+01  3.200000e+01  4.500000e+00
     vertex  3.776923e+01  3.200000e+01  3.000000e+00
   endloop
 endfacet
 facet normal  0.000000e+00 -1.000000e+00 -0.000000e+00
   outer loop
     vertex  4.076923e+01  3.200000e+01  6.000000e+00
     vertex  3.776923e+01  3.200000e+01  4.500000e+00
     vertex  4.076923e+01  3.200000e+01  4.500000e+00
   endloop
 endfacet
 facet normal -0.000000e+00 -1.000000e+00  0.000000e+00
   outer loop
     vertex  4.076923e+01  3.200000e+01  6.000000e+00
     vertex  3.776923e+01  3.200000e+01  6.000000e+00
     vertex  3.776923e+01  3.200000e+01  4.500000e+00
   endloop
 endfacet
 facet normal  0.000000e+00 -1.000000e+00  0.000000e+00
   outer loop
     vertex  4.492308e+01  3.200000e+01  4.500000e+00
     vertex  4.076923e+01  3.200000e+01  6.000000e+00
     vertex  4.076923e+01  3.200000e+01  4.500000e+00
   endloop
 endfacet
 facet normal -0.000000e+00 -1.000000e+00 -0.000000e+00
   outer loop
     vertex  4.492308e+01  3.200000e+01  6.000000e+00
     vertex  4.076923e+01  3.200000e+01  6.000000e+00
     vertex  4.492308e+01  3.200000e+01  4.500000e+00
   endloop
 endfacet
 facet normal  0.000000e+00 -1.000000e+00  0.000000e+00
   outer loop
     vertex  4.792308e+01  3.200000e+01  3.000000e+00
     vertex  4.492308e+01  3.200000e+01  4.500000e+00
     vertex  4.492308e+01  3.200000e+01  3.000000e+00
   endloop
 endfacet
 facet normal  0.000000e+00 -1.000000e+00 -0.000000e+00
   outer loop
     vertex  4.076923e+01  3.200000e+01  1.050000e+01
     vertex  3.776923e+01  3.200000e+01  6.000000e+00
     vertex  4.076923e+01  3.200000e+01  6.000000e+00
   endloop
 endfacet
 facet normal -0.000000e+00 -1.000000e+00  0.000000e+00
   outer loop
     vertex  4.076923e+01  3.200000e+01  1.050000e+01
     vertex  3.776923e+01  3.200000e+01  1.050000e+01
     vertex  3.776923e+01  3.200000e+01  6.000000e+00
   endloop
 endfacet
 facet normal  0.000000e+00 -1.000000e+00  0.000000e+00
   outer loop
     vertex  4.792308e+01  3.200000e+01  4.500000e+00
     vertex  4.492308e+01  3.200000e+01  6.000000e+00
     vertex  4.492308e+01  3.200000e+01  4.500000e+00
   endloop
 endfacet
 facet normal -0.000000e+00 -1.000000e+00 -0.000000e+00
   outer loop
     vertex  4.792308e+01  3.200000e+01  4.500000e+00
     vertex  4.492308e+01  3.200000e+01  4.500000e+00
     vertex  4.792308e+01  3.200000e+01  3.000000e+00
   endloop
 endfacet
 facet normal -0.000000e+00 -1.000000e+00 -0.000000e+00
   outer loop
     vertex  4.792308e+01  3.200000e+01  6.000000e+00
     vertex  4.492308e+01  3.200000e+01  6.000000e+00
     vertex  4.792308e+01  3.200000e+01  4.500000e+00
   endloop
 endfacet
 facet normal -0.000000e+00 -1.000000e+00  0.000000e+00
   outer loop
     vertex  5.207692e+01  3.200000e+01  6.000000e+00
     vertex  4.792308e+01  3.200000e+01  6.000000e+00
     vertex  4.792308e+01  3.200000e+01  4.500000e+00
   endloop
 endfacet
 facet normal  0.000000e+00 -1.000000e+00 -0.000000e+00
   outer loop
     vertex  5.207692e+01  3.200000e+01  6.000000e+00
     vertex  4.792308e+01  3.200000e+01  4.500000e+00
     vertex  5.207692e+01  3.200000e+01  4.500000e+00
   endloop
 endfacet
 facet normal -0.000000e+00 -1.000000e+00  0.000000e+00
   outer loop
     vertex  4.792308e+01  3.200000e+01  1.050000e+01
     vertex  4.492308e+01  3.200000e+01  1.050000e+01
     vertex  4.492308e+01  3.200000e+01  6.000000e+00
   endloop
 endfacet
 facet normal  0.000000e+00 -1.000000e+00 -0.000000e+00
   outer loop
     vertex  4.792308e+01  3.200000e+01  1.050000e+01
     vertex  4.492308e+01  3.200000e+01  6.000000e+00
     vertex  4.792308e+01  3.200000e+01  6.000000e+00
   endloop
 endfacet
 facet normal  0.000000e+00 -1.000000e+00 -0.000000e+00
   outer loop
     vertex  5.507692e+01  3.200000e+01  4.500000e+00
     vertex  5.207692e+01  3.200000e+01  3.000000e+00
     vertex  5.507692e+01  3.200000e+01  3.000000e+00
   endloop
 endfacet
 facet normal -0.000000e+00 -1.000000e+00  0.000000e+00
   outer loop
     vertex  5.507692e+01  3.200000e+01  4.500000e+00
     vertex  5.207692e+01  3.200000e+01  4.500000e+00
     vertex  5.207692e+01  3.200000e+01  3.000000e+00
   endloop
 endfacet
 facet normal  0.000000e+00 -1.000000e+00 -0.000000e+00
   outer loop
     vertex  5.507692e+01  3.200000e+01  6.000000e+00
     vertex  5.207692e+01  3.200000e+01  4.500000e+00
     vertex  5.507692e+01  3.200000e+01  4.500000e+00
   endloop
 endfacet
 facet normal -0.000000e+00 -1.000000e+00  0.000000e+00
   outer loop
     vertex  5.507692e+01  3.200000e+01  6.000000e+00
     vertex  5.207692e+01  3.200000e+01  6.000000e+00
     vertex  5.207692e+01  3.200000e+01  4.500000e+00
   endloop
 endfacet
 facet normal  0.000000e+00 -1.000000e+00  0.000000e+00
   outer loop
     vertex  6.223077e+01  3.200000e+01  3.000000e+00
     vertex  5.923077e+01  3.200000e+01  4.500000e+00
     vertex  5.923077e+01  3.200000e+01  3.000000e+00
   endloop
 endfacet
 facet normal  0.000000e+00 -1.000000e+00 -0.000000e+00
   outer loop
     vertex  5.923077e+01  3.200000e+01  6.000000e+00
     vertex  5.507692e+01  3.200000e+01  4.500000e+00
     vertex  5.923077e+01  3.200000e+01  4.500000e+00
   endloop
 endfacet
 facet normal -0.000000e+00 -1.000000e+00  0.000000e+00
   outer loop
     vertex  5.923077e+01  3.200000e+01  6.000000e+00
     vertex  5.507692e+01  3.200000e+01  6.000000e+00
     vertex  5.507692e+01  3.200000e+01  4.500000e+00
   endloop
 endfacet
 facet normal  0.000000e+00 -1.000000e+00 -0.000000e+00
   outer loop
     vertex  5.507692e+01  3.200000e+01  1.050000e+01
     vertex  5.207692e+01  3.200000e+01  6.000000e+00
     vertex  5.507692e+01  3.200000e+01  6.000000e+00
   endloop
 endfacet
 facet normal -0.000000e+00 -1.000000e+00  0.000000e+00
   outer loop
     vertex  5.507692e+01  3.200000e+01  1.050000e+01
     vertex  5.207692e+01  3.200000e+01  1.050000e+01
     vertex  5.207692e+01  3.200000e+01  6.000000e+00
   endloop
 endfacet
 facet normal -0.000000e+00 -1.000000e+00 -0.000000e+00
   outer loop
     vertex  6.223077e+01  3.200000e+01  4.500000e+00
     vertex  5.923077e+01  3.200000e+01  4.500000e+00
     vertex  6.223077e+01  3.200000e+01  3.000000e+00
   endloop
 endfacet
 facet normal  0.000000e+00 -1.000000e+00  0.000000e+00
   outer loop
     vertex  6.223077e+01  3.200000e+01  4.500000e+00
     vertex  5.923077e+01  3.200000e+01  6.000000e+00
     vertex  5.923077e+01  3.200000e+01  4.500000e+00
   endloop
 endfacet
 facet normal -0.000000e+00 -1.000000e+00 -0.000000e+00
   outer loop
     vertex  6.223077e+01  3.200000e+01  6.000000e+00
     vertex  5.923077e+01  3.200000e+01  6.000000e+00
     vertex  6.223077e+01  3.200000e+01  4.500000e+00
   endloop
 endfacet
 facet normal  0.000000e+00 -1.000000e+00 -0.000000e+00
   outer loop
     vertex  6.638462e+01  3.200000e+01  6.000000e+00
     vertex  6.223077e+01  3.200000e+01  4.500000e+00
     vertex  6.638462e+01  3.200000e+01  4.500000e+00
   endloop
 endfacet
 facet normal -0.000000e+00 -1.000000e+00  0.000000e+00
   outer loop
     vertex  6.638462e+01  3.200000e+01  6.000000e+00
     vertex  6.223077e+01  3.200000e+01  6.000000e+00
     vertex  6.223077e+01  3.200000e+01  4.500000e+00
   endloop
 endfacet
 facet normal  0.000000e+00 -1.000000e+00 -0.000000e+00
   outer loop
     vertex  6.223077e+01  3.200000e+01  1.050000e+01
     vertex  5.923077e+01  3.200000e+01  6.000000e+00
     vertex  6.223077e+01  3.200000e+01  6.000000e+00
   endloop
 endfacet
 facet normal -0.000000e+00 -1.000000e+00  0.000000e+00
   outer loop
     vertex  6.223077e+01  3.200000e+01  1.050000e+01
     vertex  5.923077e+01  3.200000e+01  1.050000e+01
     vertex  5.923077e+01  3.200000e+01  6.000000e+00
   endloop
 endfacet
 facet normal  0.000000e+00 -1.000000e+00 -0.000000e+00
   outer loop
     vertex  6.938462e+01  3.200000e+01  4.500000e+00
     vertex  6.638462e+01  3.200000e+01  3.000000e+00
     vertex  6.938462e+01  3.200000e+01  3.000000e+00
   endloop
 endfacet
 facet normal -0.000000e+00 -1.000000e+00  0.000000e+00
   outer loop
     vertex  6.938462e+01  3.200000e+01  4.500000e+00
     vertex  6.638462e+01  3.200000e+01  4.500000e+00
     vertex  6.638462e+01  3.200000e+01  3.000000e+00
   endloop
 endfacet
 facet normal -0.000000e+00 -1.000000e+00  0.000000e+00
   outer loop
     vertex  6.938462e+01  3.200000e+01  6.000000e+00
     vertex  6.638462e+01  3.200000e+01  6.000000e+00
     vertex  6.638462e+01  3.200000e+01  4.500000e+00
   endloop
 endfacet
 facet normal  0.000000e+00 -1.000000e+00 -0.000000e+00
   outer loop
     vertex  6.938462e+01  3.200000e+01  6.000000e+00
     vertex  6.638462e+01  3.200000e+01  4.500000e+00
     vertex  6.938462e+01  3.200000e+01  4.500000e+00
   endloop
 endfacet
 facet normal  0.000000e+00 -1.000000e+00 -0.000000e+00
   outer loop
     vertex  7.353846e+01  3.200000e+01  6.000000e+00
     vertex  6.938462e+01  3.200000e+01  4.500000e+00
     vertex  7.353846e+01  3.200000e+01  4.500000e+00
   endloop
 endfacet
 facet normal -0.000000e+00 -1.000000e+00  0.000000e+00
   outer loop
     vertex  7.353846e+01  3.200000e+01  6.000000e+00
     vertex  6.938462e+01  3.200000e+01  6.000000e+00
     vertex  6.938462e+01  3.200000e+01  4.500000e+00
   endloop
 endfacet
 facet normal  0.000000e+00 -1.000000e+00 -0.000000e+00
   outer loop
     vertex  6.938462e+01  3.200000e+01  1.050000e+01
     vertex  6.638462e+01  3.200000e+01  6.000000e+00
     vertex  6.938462e+01  3.200000e+01  6.000000e+00
   endloop
 endfacet
 facet normal -0.000000e+00 -1.000000e+00  0.000000e+00
   outer loop
     vertex  6.938462e+01  3.200000e+01  1.050000e+01
     vertex  6.638462e+01  3.200000e+01  1.050000e+01
     vertex  6.638462e+01  3.200000e+01  6.000000e+00
   endloop
 endfacet
 facet normal  0.000000e+00 -1.000000e+00 -0.000000e+00
   outer loop
     vertex  7.653846e+01  3.200000e+01  4.500000e+00
     vertex  7.353846e+01  3.200000e+01  3.000000e+00
     vertex  7.653846e+01  3.200000e+01  3.000000e+00
   endloop
 endfacet
 facet normal -0.000000e+00 -1.000000e+00  0.000000e+00
   outer loop
     vertex  7.653846e+01  3.200000e+01  4.500000e+00
     vertex  7.353846e+01  3.200000e+01  4.500000e+00
     vertex  7.353846e+01  3.200000e+01  3.000000e+00
   endloop
 endfacet
 facet normal -0.000000e+00 -1.000000e+00  0.000000e+00
   outer loop
     vertex  7.653846e+01  3.200000e+01  6.000000e+00
     vertex  7.353846e+01  3.200000e+01  6.000000e+00
     vertex  7.353846e+01  3.200000e+01  4.500000e+00
   endloop
 endfacet
 facet normal  0.000000e+00 -1.000000e+00 -0.000000e+00
   outer loop
     vertex  7.653846e+01  3.200000e+01  6.000000e+00
     vertex  7.353846e+01  3.200000e+01  4.500000e+00
     vertex  7.653846e+01  3.200000e+01  4.500000e+00
   endloop
 endfacet
 facet normal  0.000000e+00 -1.000000e+00  0.000000e+00
   outer loop
     vertex  8.369231e+01  3.200000e+01  3.000000e+00
     vertex  8.069231e+01  3.200000e+01  4.500000e+00
     vertex  8.069231e+01  3.200000e+01  3.000000e+00
   endloop
 endfacet
 facet normal  0.000000e+00 -1.000000e+00 -0.000000e+00
   outer loop
     vertex  8.069231e+01  3.200000e+01  6.000000e+00
     vertex  7.653846e+01  3.200000e+01  4.500000e+00
     vertex  8.069231e+01  3.200000e+01  4.500000e+00
   endloop
 endfacet
 facet normal -0.000000e+00 -1.000000e+00  0.000000e+00
   outer loop
     vertex  8.069231e+01  3.200000e+01  6.000000e+00
     vertex  7.653846e+01  3.200000e+01  6.000000e+00
     vertex  7.653846e+01  3.200000e+01  4.500000e+00
   endloop
 endfacet
 facet normal  0.000000e+00 -1.000000e+00 -0.000000e+00
   outer loop
     vertex  7.653846e+01  3.200000e+01  1.050000e+01
     vertex  7.353846e+01  3.200000e+01  6.000000e+00
     vertex  7.653846e+01  3.200000e+01  6.000000e+00
   endloop
 endfacet
 facet normal -0.000000e+00 -1.000000e+00  0.000000e+00
   outer loop
     vertex  7.653846e+01  3.200000e+01  1.050000e+01
     vertex  7.353846e+01  3.200000e+01  1.050000e+01
     vertex  7.353846e+01  3.200000e+01  6.000000e+00
   endloop
 endfacet
 facet normal  0.000000e+00 -1.000000e+00  0.000000e+00
   outer loop
     vertex  8.369231e+01  3.200000e+01  4.500000e+00
     vertex  8.069231e+01  3.200000e+01  6.000000e+00
     vertex  8.069231e+01  3.200000e+01  4.500000e+00
   endloop
 endfacet
 facet normal -0.000000e+00 -1.000000e+00 -0.000000e+00
   outer loop
     vertex  8.369231e+01  3.200000e+01  4.500000e+00
     vertex  8.069231e+01  3.200000e+01  4.500000e+00
     vertex  8.369231e+01  3.200000e+01  3.000000e+00
   endloop
 endfacet
 facet normal -0.000000e+00 -1.000000e+00 -0.000000e+00
   outer loop
     vertex  8.369231e+01  3.200000e+01  6.000000e+00
     vertex  8.069231e+01  3.200000e+01  6.000000e+00
     vertex  8.369231e+01  3.200000e+01  4.500000e+00
   endloop
 endfacet
 facet normal  0.000000e+00 -1.000000e+00 -0.000000e+00
   outer loop
     vertex  8.784615e+01  3.200000e+01  6.000000e+00
     vertex  8.369231e+01  3.200000e+01  4.500000e+00
     vertex  8.784615e+01  3.200000e+01  4.500000e+00
   endloop
 endfacet
 facet normal -0.000000e+00 -1.000000e+00  0.000000e+00
   outer loop
     vertex  8.784615e+01  3.200000e+01  6.000000e+00
     vertex  8.369231e+01  3.200000e+01  6.000000e+00
     vertex  8.369231e+01  3.200000e+01  4.500000e+00
   endloop
 endfacet
 facet normal  0.000000e+00 -1.000000e+00 -0.000000e+00
   outer loop
     vertex  8.369231e+01  3.200000e+01  1.050000e+01
     vertex  8.069231e+01  3.200000e+01  6.000000e+00
     vertex  8.369231e+01  3.200000e+01  6.000000e+00
   endloop
 endfacet
 facet normal -0.000000e+00 -1.000000e+00  0.000000e+00
   outer loop
     vertex  8.369231e+01  3.200000e+01  1.050000e+01
     vertex  8.069231e+01  3.200000e+01  1.050000e+01
     vertex  8.069231e+01  3.200000e+01  6.000000e+00
   endloop
 endfacet
 facet normal  0.000000e+00 -1.000000e+00 -0.000000e+00
   outer loop
     vertex  9.084615e+01  3.200000e+01  4.500000e+00
     vertex  8.784615e+01  3.200000e+01  3.000000e+00
     vertex  9.084615e+01  3.200000e+01  3.000000e+00
   endloop
 endfacet
 facet normal -0.000000e+00 -1.000000e+00  0.000000e+00
   outer loop
     vertex  9.084615e+01  3.200000e+01  4.500000e+00
     vertex  8.784615e+01  3.200000e+01  4.500000e+00
     vertex  8.784615e+01  3.200000e+01  3.000000e+00
   endloop
 endfacet
 facet normal  0.000000e+00 -1.000000e+00 -0.000000e+00
   outer loop
     vertex  9.084615e+01  3.200000e+01  6.000000e+00
     vertex  8.784615e+01  3.200000e+01  4.500000e+00
     vertex  9.084615e+01  3.200000e+01  4.500000e+00
   endloop
 endfacet
 facet normal -0.000000e+00 -1.000000e+00  0.000000e+00
   outer loop
     vertex  9.084615e+01  3.200000e+01  6.000000e+00
     vertex  8.784615e+01  3.200000e+01  6.000000e+00
     vertex  8.784615e+01  3.200000e+01  4.500000e+00
   endloop
 endfacet
 facet normal  0.000000e+00 -1.000000e+00  0.000000e+00
   outer loop
     vertex  8.784615e+01  3.200000e+01  1.050000e+01
     vertex  8.784615e+01  3.200000e+01  6.000000e+00
     vertex  9.084615e+01  3.200000e+01  6.000000e+00
   endloop
 endfacet
 facet normal  0.000000e+00 -1.000000e+00  0.000000e+00
   outer loop
     vertex  9.800000e+01  3.200000e+01  3.000000e+00
     vertex  9.500000e+01  3.200000e+01  4.500000e+00
     vertex  9.500000e+01  3.200000e+01  3.000000e+00
   endloop
 endfacet
 facet normal  0.000000e+00 -1.000000e+00 -0.000000e+00
   outer loop
     vertex  9.500000e+01  3.200000e+01  6.000000e+00
     vertex  9.084615e+01  3.200000e+01  4.500000e+00
     vertex  9.500000e+01  3.200000e+01  4.500000e+00
   endloop
 endfacet
 facet normal -0.000000e+00 -1.000000e+00  0.000000e+00
   outer loop
     vertex  9.500000e+01  3.200000e+01  6.000000e+00
     vertex  9.084615e+01  3.200000e+01  6.000000e+00
     vertex  9.084615e+01  3.200000e+01  4.500000e+00
   endloop
 endfacet
 facet normal  0.000000e+00 -1.000000e+00  0.000000e+00
   outer loop
     vertex  9.500000e+01  3.200000e+01  6.000000e+00
     vertex  9.500000e+01  3.200000e+01  4.500000e+00
     vertex  9.800000e+01  3.200000e+01  3.000000e+00
   endloop
 endfacet
 facet normal -0.000000e+00 -1.000000e+00 -0.000000e+00
   outer loop
     vertex  9.084615e+01  3.200000e+01  1.050000e+01
     vertex  8.784615e+01  3.200000e+01  1.050000e+01
     vertex  9.084615e+01  3.200000e+01  6.000000e+00
   endloop
 endfacet
 facet normal  0.000000e+00 -1.000000e+00  0.000000e+00
   outer loop
     vertex  9.800000e+01  3.200000e+01  1.200000e+01
     vertex  8.369231e+01  3.200000e+01  1.050000e+01
     vertex  8.784615e+01  3.200000e+01  1.050000e+01
   endloop
 endfacet
 facet normal  0.000000e+00 -1.000000e+00  0.000000e+00
   outer loop
     vertex  9.800000e+01  3.200000e+01  1.200000e+01
     vertex  8.069231e+01  3.200000e+01  1.050000e+01
     vertex  8.369231e+01  3.200000e+01  1.050000e+01
   endloop
 endfacet
 facet normal  0.000000e+00 -1.000000e+00  0.000000e+00
   outer loop
     vertex  9.800000e+01  3.200000e+01  1.200000e+01
     vertex  9.500000e+01  3.200000e+01  1.050000e+01
     vertex  9.500000e+01  3.200000e+01  6.000000e+00
   endloop
 endfacet
 facet normal  0.000000e+00 -1.000000e+00  0.000000e+00
   outer loop
     vertex  9.800000e+01  3.200000e+01  1.200000e+01
     vertex  9.084615e+01  3.200000e+01  1.050000e+01
     vertex  9.500000e+01  3.200000e+01  1.050000e+01
   endloop
 endfacet
 facet normal  0.000000e+00 -1.000000e+00  0.000000e+00
   outer loop
     vertex  9.800000e+01  3.200000e+01  1.200000e+01
     vertex  8.784615e+01  3.200000e+01  1.050000e+01
     vertex  9.084615e+01  3.200000e+01  1.050000e+01
   endloop
 endfacet
 facet normal  0.000000e+00 -1.000000e+00 -0.000000e+00
   outer loop
     vertex  9.800000e+01  3.200000e+01  1.200000e+01
     vertex  9.500000e+01  3.200000e+01  6.000000e+00
     vertex  9.800000e+01  3.200000e+01  3.000000e+00
   endloop
 endfacet
 facet normal  0.000000e+00 -1.000000e+00  0.000000e+00
   outer loop
     vertex  2.000000e+00  3.200000e+01  1.200000e+01
     vertex  8.069231e+01  3.200000e+01  1.050000e+01
     vertex  9.800000e+01  3.200000e+01  1.200000e+01
   endloop
 endfacet
 facet normal  0.000000e+00 -1.000000e+00  0.000000e+00
   outer loop
     vertex  2.000000e+00  3.200000e+01  1.200000e+01
     vertex  7.653846e+01  3.200000e+01  1.050000e+01
     vertex  8.069231e+01  3.200000e+01  1.050000e+01
   endloop
 endfacet
 facet normal  0.000000e+00 -1.000000e+00  0.000000e+00
   outer loop
     vertex  2.000000e+00  3.200000e+01  1.200000e+01
     vertex  7.353846e+01  3.200000e+01  1.050000e+01
     vertex  7.653846e+01  3.200000e+01  1.050000e+01
   endloop
 endfacet
 facet normal  0.000000e+00 -1.000000e+00  0.000000e+00
   outer loop
     vertex  2.000000e+00  3.200000e+01  1.200000e+01
     vertex  6.938462e+01  3.200000e+01  1.050000e+01
     vertex  7.353846e+01  3.200000e+01  1.050000e+01
   endloop
 endfacet
 facet normal  0.000000e+00 -1.000000e+00  0.000000e+00
   outer loop
     vertex  2.000000e+00  3.200000e+01  1.200000e+01
     vertex  6.638462e+01  3.200000e+01  1.050000e+01
     vertex  6.938462e+01  3.200000e+01  1.050000e+01
   endloop
 endfacet
 facet normal  0.000000e+00 -1.000000e+00  0.000000e+00
   outer loop
     vertex  2.000000e+00  3.200000e+01  1.200000e+01
     vertex  6.223077e+01  3.200000e+01  1.050000e+01
     vertex  6.638462e+01  3.200000e+01  1.050000e+01
   endloop
 endfacet
 facet normal  0.000000e+00 -1.000000e+00  0.000000e+00
   outer loop
     vertex  2.000000e+00  3.200000e+01  1.200000e+01
     vertex  5.923077e+01  3.200000e+01  1.050000e+01
     vertex  6.223077e+01  3.200000e+01  1.050000e+01
   endloop
 endfacet
 facet normal  0.000000e+00 -1.000000e+00  0.000000e+00
   outer loop
     vertex  2.000000e+00  3.200000e+01  1.200000e+01
     vertex  5.507692e+01  3.200000e+01  1.050000e+01
     vertex  5.923077e+01  3.200000e+01  1.050000e+01
   endloop
 endfacet
 facet normal  0.000000e+00 -1.000000e+00  0.000000e+00
   outer loop
     vertex  2.000000e+00  3.200000e+01  1.200000e+01
     vertex  5.207692e+01  3.200000e+01  1.050000e+01
     vertex  5.507692e+01  3.200000e+01  1.050000e+01
   endloop
 endfacet
 facet normal  0.000000e+00 -1.000000e+00  0.000000e+00
   outer loop
     vertex  2.000000e+00  3.200000e+01  1.200000e+01
     vertex  4.792308e+01  3.200000e+01  1.050000e+01
     vertex  5.207692e+01  3.200000e+01  1.050000e+01
   endloop
 endfacet
 facet normal  0.000000e+00 -1.000000e+00  0.000000e+00
   outer loop
     vertex  2.000000e+00  3.200000e+01  1.200000e+01
     vertex  4.492308e+01  3.200000e+01  1.050000e+01
     vertex  4.792308e+01  3.200000e+01  1.050000e+01
   endloop
 endfacet
 facet normal  0.000000e+00 -1.000000e+00  0.000000e+00
   outer loop
     vertex  2.000000e+00  3.200000e+01  1.200000e+01
     vertex  4.076923e+01  3.200000e+01  1.050000e+01
     vertex  4.492308e+01  3.200000e+01  1.050000e+01
   endloop
 endfacet
 facet normal  0.000000e+00 -1.000000e+00  0.000000e+00
   outer loop
     vertex  2.000000e+00  3.200000e+01  1.200000e+01
     vertex  3.776923e+01  3.200000e+01  1.050000e+01
     vertex  4.076923e+01  3.200000e+01  1.050000e+01
   endloop
 endfacet
 facet normal  0.000000e+00 -1.000000e+00  0.000000e+00
   outer loop
     vertex  2.000000e+00  3.200000e+01  1.200000e+01
     vertex  3.361538e+01  3.200000e+01  1.050000e+01
     vertex  3.776923e+01  3.200000e+01  1.050000e+01
   endloop
 endfacet
 facet normal  0.000000e+00 -1.000000e+00  0.000000e+00
   outer loop
     vertex  2.000000e+00  3.200000e+01  1.200000e+01
     vertex  3.061538e+01  3.200000e+01  1.050000e+01
     vertex  3.361538e+01  3.200000e+01  1.050000e+01
   endloop
 endfacet
 facet normal  0.000000e+00 -1.000000e+00  0.000000e+00
   outer loop
     vertex  2.000000e+00  3.200000e+01  1.200000e+01
     vertex  2.646154e+01  3.200000e+01  1.050000e+01
     vertex  3.061538e+01  3.200000e+01  1.050000e+01
   endloop
 endfacet
 facet normal  0.000000e+00 -1.000000e+00  0.000000e+00
   outer loop
     vertex  2.000000e+00  3.200000e+01  1.200000e+01
     vertex  2.346154e+01  3.200000e+01  1.050000e+01
     vertex  2.646154e+01  3.200000e+01  1.050000e+01
   endloop
 endfacet
 facet normal  0.000000e+00 -1.000000e+00  0.000000e+00
   outer loop
     vertex  2.000000e+00  3.200000e+01  1.200000e+01
     vertex  1.930769e+01  3.200000e+01  1.050000e+01
     vertex  2.346154e+01  3.200000e+01  1.050000e+01
   endloop
 endfacet
 facet normal  0.000000e+00 -1.000000e+00  0.000000e+00
   outer loop
     vertex  2.000000e+00  3.200000e+01  1.200000e+01
     vertex  1.630769e+01  3.200000e+01  1.050000e+01
     vertex  1.930769e+01  3.200000e+01  1.050000e+01
   endloop
 endfacet
 facet normal  0.000000e+00  1.000000e+00  0.000000e+00
   outer loop
     vertex  5.000000e+00  3.400000e+01  4.500000e+00
     vertex  5.000000e+00  3.400000e+01  3.000000e+00
     vertex  2.000000e+00  3.400000e+01  3.000000e+00
   endloop
 endfacet
 facet normal  0.000000e+00  1.000000e+00  0.000000e+00
   outer loop
     vertex  5.000000e+00  3.400000e+01  6.000000e+00
     vertex  5.000000e+00  3.400000e+01  4.500000e+00
     vertex  2.000000e+00  3.400000e+01  3.000000e+00
   endloop
 endfacet
 facet normal  0.000000e+00  1.000000e+00  0.000000e+00
   outer loop
     vertex  2.000000e+00  3.400000e+01  1.200000e+01
     vertex  5.000000e+00  3.400000e+01  6.000000e+00
     vertex  2.000000e+00  3.400000e+01  3.000000e+00
   endloop
 endfacet
 facet normal  0.000000e+00  1.000000e+00  0.000000e+00
   outer loop
     vertex  9.153846e+00  3.400000e+01  6.000000e+00
     vertex  5.000000e+00  3.400000e+01  4.500000e+00
     vertex  5.000000e+00  3.400000e+01  6.000000e+00
   endloop
 endfacet
 facet normal  0.000000e+00  1.000000e+00  0.000000e+00
   outer loop
     vertex  9.153846e+00  3.400000e+01  6.000000e+00
     vertex  9.153846e+00  3.400000e+01  4.500000e+00
     vertex  5.000000e+00  3.400000e+01  4.500000e+00
   endloop
 endfacet
 facet normal  0.000000e+00  1.000000e+00  0.000000e+00
   outer loop
     vertex  5.000000e+00  3.400000e+01  1.050000e+01
     vertex  5.000000e+00  3.400000e+01  6.000000e+00
     vertex  2.000000e+00  3.400000e+01  1.200000e+01
   endloop
 endfacet
 facet normal  0.000000e+00  1.000000e+00  0.000000e+00
   outer loop
     vertex  1.215385e+01  3.400000e+01  4.500000e+00
     vertex  1.215385e+01  3.400000e+01  3.000000e+00
     vertex  9.153846e+00  3.400000e+01  3.000000e+00
   endloop
 endfacet
 facet normal  0.000000e+00  1.000000e+00  0.000000e+00
   outer loop
     vertex  1.215385e+01  3.400000e+01  4.500000e+00
     vertex  9.153846e+00  3.400000e+01  3.000000e+00
     vertex  9.153846e+00  3.400000e+01  4.500000e+00
   endloop
 endfacet
 facet normal  0.000000e+00  1.000000e+00  0.000000e+00
   outer loop
     vertex  1.215385e+01  3.400000e+01  6.000000e+00
     vertex  1.215385e+01  3.400000e+01  4.500000e+00
     vertex  9.153846e+00  3.400000e+01  4.500000e+00
   endloop
 endfacet
 facet normal  0.000000e+00  1.000000e+00  0.000000e+00
   outer loop
     vertex  1.215385e+01  3.400000e+01  6.000000e+00
     vertex  9.153846e+00  3.400000e+01  4.500000e+00
     vertex  9.153846e+00  3.400000e+01  6.000000e+00
   endloop
 endfacet
 facet normal  0.000000e+00  1.000000e+00  0.000000e+00
   outer loop
     vertex  9.153846e+00  3.400000e+01  1.050000e+01
     vertex  5.000000e+00  3.400000e+01  1.050000e+01
     vertex  2.000000e+00  3.400000e+01  1.200000e+01
   endloop
 endfacet
 facet normal  0.000000e+00  1.000000e+00  0.000000e+00
   outer loop
     vertex  1.930769e+01  3.400000e+01  3.000000e+00
     vertex  1.630769e+01  3.400000e+01  3.000000e+00
     vertex  1.630769e+01  3.400000e+01  4.500000e+00
   endloop
 endfacet
 facet normal  0.000000e+00  1.000000e+00  0.000000e+00
   outer loop
     vertex  1.630769e+01  3.400000e+01  6.000000e+00
     vertex  1.215385e+01  3.400000e+01  4.500000e+00
     vertex  1.215385e+01  3.400000e+01  6.000000e+00
   endloop
 endfacet
 facet normal  0.000000e+00  1.000000e+00  0.000000e+00
   outer loop
     vertex  1.630769e+01  3.400000e+01  6.000000e+00
     vertex  1.630769e+01  3.400000e+01  4.500000e+00
     vertex  1.215385e+01  3.400000e+01  4.500000e+00
   endloop
 endfacet
 facet normal  0.000000e+00  1.000000e+00  0.000000e+00
   outer loop
     vertex  1.215385e+01  3.400000e+01  1.050000e+01
     vertex  9.153846e+00  3.400000e+01  1.050000e+01
     vertex  2.000000e+00  3.400000e+01  1.200000e+01
   endloop
 endfacet
 facet normal  0.000000e+00  1.000000e+00  0.000000e+00
   outer loop
     vertex  1.215385e+01  3.400000e+01  1.050000e+01
     vertex  1.215385e+01  3.400000e+01  6.000000e+00
     vertex  9.153846e+00  3.400000e+01  6.000000e+00
   endloop
 endfacet
 facet normal  0.000000e+00  1.000000e+00  0.000000e+00
   outer loop
     vertex  1.215385e+01  3.400000e+01  1.050000e+01
     vertex  9.153846e+00  3.400000e+01  6.000000e+00
     vertex  9.153846e+00  3.400000e+01  1.050000e+01
   endloop
 endfacet
 facet normal  0.000000e+00  1.000000e+00  0.000000e+00
   outer loop
     vertex  1.930769e+01  3.400000e+01  4.500000e+00
     vertex  1.930769e+01  3.400000e+01  3.000000e+00
     vertex  1.630769e+01  3.400000e+01  4.500000e+00
   endloop
 endfacet
 facet normal  0.000000e+00  1.000000e+00  0.000000e+00
   outer loop
     vertex  1.930769e+01  3.400000e+01  4.500000e+00
     vertex  1.630769e+01  3.400000e+01  4.500000e+00
     vertex  1.630769e+01  3.400000e+01  6.000000e+00
   endloop
 endfacet
 facet normal  0.000000e+00  1.000000e+00  0.000000e+00
   outer loop
     vertex  1.930769e+01  3.400000e+01  6.000000e+00
     vertex  1.930769e+01  3.400000e+01  4.500000e+00
     vertex  1.630769e+01  3.400000e+01  6.000000e+00
   endloop
 endfacet
 facet normal  0.000000e+00  1.000000e+00  0.000000e+00
   outer loop
     vertex  1.630769e+01  3.400000e+01  1.050000e+01
     vertex  1.215385e+01  3.400000e+01  1.050000e+01
     vertex  2.000000e+00  3.400000e+01  1.200000e+01
   endloop
 endfacet
 facet normal  0.000000e+00  1.000000e+00  0.000000e+00
   outer loop
     vertex  1.630769e+01  3.400000e+01  1.050000e+01
     vertex  1.930769e+01  3.400000e+01  6.000000e+00
     vertex  1.630769e+01  3.400000e+01  6.000000e+00
   endloop
 endfacet
 facet normal  0.000000e+00  1.000000e+00  0.000000e+00
   outer loop
     vertex  2.346154e+01  3.400000e+01  6.000000e+00
     vertex  2.346154e+01  3.400000e+01  4.500000e+00
     vertex  1.930769e+01  3.400000e+01  4.500000e+00
   endloop
 endfacet
 facet normal  0.000000e+00  1.000000e+00  0.000000e+00
   outer loop
     vertex  2.346154e+01  3.400000e+01  6.000000e+00
     vertex  1.930769e+01  3.400000e+01  4.500000e+00
     vertex  1.930769e+01  3.400000e+01  6.000000e+00
   endloop
 endfacet
 facet normal  0.000000e+00  1.000000e+00  0.000000e+00
   outer loop
     vertex  1.930769e+01  3.400000e+01  1.050000e+01
     vertex  1.930769e+01  3.400000e+01  6.000000e+00
     vertex  1.630769e+01  3.400000e+01  1.050000e+01
   endloop
 endfacet
 facet normal  0.000000e+00  1.000000e+00  0.000000e+00
   outer loop
     vertex  2.646154e+01  3.400000e+01  4.500000e+00
     vertex  2.646154e+01  3.400000e+01  3.000000e+00
     vertex  2.346154e+01  3.400000e+01  3.000000e+00
   endloop
 endfacet
 facet normal  0.000000e+00  1.000000e+00  0.000000e+00
   outer loop
     vertex  2.646154e+01  3.400000e+01  4.500000e+00
     vertex  2.346154e+01  3.400000e+01  3.000000e+00
     vertex  2.346154e+01  3.400000e+01  4.500000e+00
   endloop
 endfacet
 facet normal  0.000000e+00  1.000000e+00  0.000000e+00
   outer loop
     vertex  2.646154e+01  3.400000e+01  6.000000e+00
     vertex  2.646154e+01  3.400000e+01  4.500000e+00
     vertex  2.346154e+01  3.400000e+01  4.500000e+00
   endloop
 endfacet
 facet normal  0.000000e+00  1.000000e+00  0.000000e+00
   outer loop
     vertex  2.646154e+01  3.400000e+01  6.000000e+00
     vertex  2.346154e+01  3.400000e+01  4.500000e+00
     vertex  2.346154e+01  3.400000e+01  6.000000e+00
   endloop
 endfacet
 facet normal  0.000000e+00  1.000000e+00  0.000000e+00
   outer loop
     vertex  2.346154e+01  3.400000e+01  1.050000e+01
     vertex  2.646154e+01  3.400000e+01  6.000000e+00
     vertex  2.346154e+01  3.400000e+01  6.000000e+00
   endloop
 endfacet
 facet normal  0.000000e+00  1.000000e+00  0.000000e+00
   outer loop
     vertex  3.061538e+01  3.400000e+01  6.000000e+00
     vertex  3.061538e+01  3.400000e+01  4.500000e+00
     vertex  2.646154e+01  3.400000e+01  4.500000e+00
   endloop
 endfacet
 facet normal  0.000000e+00  1.000000e+00  0.000000e+00
   outer loop
     vertex  3.061538e+01  3.400000e+01  6.000000e+00
     vertex  2.646154e+01  3.400000e+01  4.500000e+00
     vertex  2.646154e+01  3.400000e+01  6.000000e+00
   endloop
 endfacet
 facet normal  0.000000e+00  1.000000e+00  0.000000e+00
   outer loop
     vertex  2.646154e+01  3.400000e+01  1.050000e+01
     vertex  2.646154e+01  3.400000e+01  6.000000e+00
     vertex  2.346154e+01  3.400000e+01  1.050000e+01
   endloop
 endfacet
 facet normal  0.000000e+00  1.000000e+00  0.000000e+00
   outer loop
     vertex  3.361538e+01  3.400000e+01  4.500000e+00
     vertex  3.361538e+01  3.400000e+01  3.000000e+00
     vertex  3.061538e+01  3.400000e+01  3.000000e+00
   endloop
 endfacet
 facet normal  0.000000e+00  1.000000e+00  0.000000e+00
   outer loop
     vertex  3.361538e+01  3.400000e+01  4.500000e+00
     vertex  3.061538e+01  3.400000e+01  3.000000e+00
     vertex  3.061538e+01  3.400000e+01  4.500000e+00
   endloop
 endfacet
 facet normal  0.000000e+00  1.000000e+00  0.000000e+00
   outer loop
     vertex  3.361538e+01  3.400000e+01  6.000000e+00
     vertex  3.061538e+01  3.400000e+01  4.500000e+00
     vertex  3.061538e+01  3.400000e+01  6.000000e+00
   endloop
 endfacet
 facet normal  0.000000e+00  1.000000e+00  0.000000e+00
   outer loop
     vertex  3.361538e+01  3.400000e+01  6.000000e+00
     vertex  3.361538e+01  3.400000e+01  4.500000e+00
     vertex  3.061538e+01  3.400000e+01  4.500000e+00
   endloop
 endfacet
 facet normal  0.000000e+00  1.000000e+00  0.000000e+00
   outer loop
     vertex  3.776923e+01  3.400000e+01  4.500000e+00
     vertex  3.361538e+01  3.400000e+01  4.500000e+00
     vertex  3.361538e+01  3.400000e+01  6.000000e+00
   endloop
 endfacet
 facet normal  0.000000e+00  1.000000e+00  0.000000e+00
   outer loop
     vertex  3.776923e+01  3.400000e+01  6.000000e+00
     vertex  3.776923e+01  3.400000e+01  4.500000e+00
     vertex  3.361538e+01  3.400000e+01  6.000000e+00
   endloop
 endfacet
 facet normal  0.000000e+00  1.000000e+00  0.000000e+00
   outer loop
     vertex  3.361538e+01  3.400000e+01  1.050000e+01
     vertex  3.061538e+01  3.400000e+01  6.000000e+00
     vertex  3.061538e+01  3.400000e+01  1.050000e+01
   endloop
 endfacet
 facet normal  0.000000e+00  1.000000e+00  0.000000e+00
   outer loop
     vertex  3.361538e+01  3.400000e+01  1.050000e+01
     vertex  3.361538e+01  3.400000e+01  6.000000e+00
     vertex  3.061538e+01  3.400000e+01  6.000000e+00
   endloop
 endfacet
 facet normal  0.000000e+00  1.000000e+00  0.000000e+00
   outer loop
     vertex  4.076923e+01  3.400000e+01  4.500000e+00
     vertex  4.076923e+01  3.400000e+01  3.000000e+00
     vertex  3.776923e+01  3.400000e+01  3.000000e+00
   endloop
 endfacet
 facet normal  0.000000e+00  1.000000e+00  0.000000e+00
   outer loop
     vertex  4.076923e+01  3.400000e+01  4.500000e+00
     vertex  3.776923e+01  3.400000e+01  3.000000e+00
     vertex  3.776923e+01  3.400000e+01  4.500000e+00
   endloop
 endfacet
 facet normal  0.000000e+00  1.000000e+00  0.000000e+00
   outer loop
     vertex  4.076923e+01  3.400000e+01  6.000000e+00
     vertex  4.076923e+01  3.400000e+01  4.500000e+00
     vertex  3.776923e+01  3.400000e+01  4.500000e+00
   endloop
 endfacet
 facet normal  0.000000e+00  1.000000e+00  0.000000e+00
   outer loop
     vertex  4.076923e+01  3.400000e+01  6.000000e+00
     vertex  3.776923e+01  3.400000e+01  4.500000e+00
     vertex  3.776923e+01  3.400000e+01  6.000000e+00
   endloop
 endfacet
 facet normal  0.000000e+00  1.000000e+00  0.000000e+00
   outer loop
     vertex  4.492308e+01  3.400000e+01  4.500000e+00
     vertex  4.076923e+01  3.400000e+01  4.500000e+00
     vertex  4.076923e+01  3.400000e+01  6.000000e+00
   endloop
 endfacet
 facet normal  0.000000e+00  1.000000e+00  0.000000e+00
   outer loop
     vertex  4.492308e+01  3.400000e+01  6.000000e+00
     vertex  4.492308e+01  3.400000e+01  4.500000e+00
     vertex  4.076923e+01  3.400000e+01  6.000000e+00
   endloop
 endfacet
 facet normal  0.000000e+00  1.000000e+00  0.000000e+00
   outer loop
     vertex  4.792308e+01  3.400000e+01  3.000000e+00
     vertex  4.492308e+01  3.400000e+01  3.000000e+00
     vertex  4.492308e+01  3.400000e+01  4.500000e+00
   endloop
 endfacet
 facet normal  0.000000e+00  1.000000e+00  0.000000e+00
   outer loop
     vertex  4.076923e+01  3.400000e+01  1.050000e+01
     vertex  4.076923e+01  3.400000e+01  6.000000e+00
     vertex  3.776923e+01  3.400000e+01  6.000000e+00
   endloop
 endfacet
 facet normal  0.000000e+00  1.000000e+00  0.000000e+00
   outer loop
     vertex  4.076923e+01  3.400000e+01  1.050000e+01
     vertex  3.776923e+01  3.400000e+01  6.000000e+00
     vertex  3.776923e+01  3.400000e+01  1.050000e+01
   endloop
 endfacet
 facet normal  0.000000e+00  1.000000e+00  0.000000e+00
   outer loop
     vertex  4.792308e+01  3.400000e+01  4.500000e+00
     vertex  4.492308e+01  3.400000e+01  4.500000e+00
     vertex  4.492308e+01  3.400000e+01  6.000000e+00
   endloop
 endfacet
 facet normal  0.000000e+00  1.000000e+00  0.000000e+00
   outer loop
     vertex  4.792308e+01  3.400000e+01  4.500000e+00
     vertex  4.792308e+01  3.400000e+01  3.000000e+00
     vertex  4.492308e+01  3.400000e+01  4.500000e+00
   endloop
 endfacet
 facet normal  0.000000e+00  1.000000e+00  0.000000e+00
   outer loop
     vertex  4.792308e+01  3.400000e+01  6.000000e+00
     vertex  4.792308e+01  3.400000e+01  4.500000e+00
     vertex  4.492308e+01  3.400000e+01  6.000000e+00
   endloop
 endfacet
 facet normal  0.000000e+00  1.000000e+00  0.000000e+00
   outer loop
     vertex  5.207692e+01  3.400000e+01  6.000000e+00
     vertex  4.792308e+01  3.400000e+01  4.500000e+00
     vertex  4.792308e+01  3.400000e+01  6.000000e+00
   endloop
 endfacet
 facet normal  0.000000e+00  1.000000e+00  0.000000e+00
   outer loop
     vertex  5.207692e+01  3.400000e+01  6.000000e+00
     vertex  5.207692e+01  3.400000e+01  4.500000e+00
     vertex  4.792308e+01  3.400000e+01  4.500000e+00
   endloop
 endfacet
 facet normal  0.000000e+00  1.000000e+00  0.000000e+00
   outer loop
     vertex  4.792308e+01  3.400000e+01  1.050000e+01
     vertex  4.492308e+01  3.400000e+01  6.000000e+00
     vertex  4.492308e+01  3.400000e+01  1.050000e+01
   endloop
 endfacet
 facet normal  0.000000e+00  1.000000e+00  0.000000e+00
   outer loop
     vertex  4.792308e+01  3.400000e+01  1.050000e+01
     vertex  4.792308e+01  3.400000e+01  6.000000e+00
     vertex  4.492308e+01  3.400000e+01  6.000000e+00
   endloop
 endfacet
 facet normal  0.000000e+00  1.000000e+00  0.000000e+00
   outer loop
     vertex  5.507692e+01  3.400000e+01  4.500000e+00
     vertex  5.507692e+01  3.400000e+01  3.000000e+00
     vertex  5.207692e+01  3.400000e+01  3.000000e+00
   endloop
 endfacet
 facet normal  0.000000e+00  1.000000e+00  0.000000e+00
   outer loop
     vertex  5.507692e+01  3.400000e+01  4.500000e+00
     vertex  5.207692e+01  3.400000e+01  3.000000e+00
     vertex  5.207692e+01  3.400000e+01  4.500000e+00
   endloop
 endfacet
 facet normal  0.000000e+00  1.000000e+00  0.000000e+00
   outer loop
     vertex  5.507692e+01  3.400000e+01  6.000000e+00
     vertex  5.507692e+01  3.400000e+01  4.500000e+00
     vertex  5.207692e+01  3.400000e+01  4.500000e+00
   endloop
 endfacet
 facet normal  0.000000e+00  1.000000e+00  0.000000e+00
   outer loop
     vertex  5.507692e+01  3.400000e+01  6.000000e+00
     vertex  5.207692e+01  3.400000e+01  4.500000e+00
     vertex  5.207692e+01  3.400000e+01  6.000000e+00
   endloop
 endfacet
 facet normal  0.000000e+00  1.000000e+00  0.000000e+00
   outer loop
     vertex  6.223077e+01  3.400000e+01  3.000000e+00
     vertex  5.923077e+01  3.400000e+01  3.000000e+00
     vertex  5.923077e+01  3.400000e+01  4.500000e+00
   endloop
 endfacet
 facet normal  0.000000e+00  1.000000e+00  0.000000e+00
   outer loop
     vertex  5.923077e+01  3.400000e+01  6.000000e+00
     vertex  5.923077e+01  3.400000e+01  4.500000e+00
     vertex  5.507692e+01  3.400000e+01  4.500000e+00
   endloop
 endfacet
 facet normal  0.000000e+00  1.000000e+00  0.000000e+00
   outer loop
     vertex  5.923077e+01  3.400000e+01  6.000000e+00
     vertex  5.507692e+01  3.400000e+01  4.500000e+00
     vertex  5.507692e+01  3.400000e+01  6.000000e+00
   endloop
 endfacet
 facet normal  0.000000e+00  1.000000e+00  0.000000e+00
   outer loop
     vertex  5.507692e+01  3.400000e+01  1.050000e+01
     vertex  5.507692e+01  3.400000e+01  6.000000e+00
     vertex  5.207692e+01  3.400000e+01  6.000000e+00
   endloop
 endfacet
 facet normal  0.000000e+00  1.000000e+00  0.000000e+00
   outer loop
     vertex  5.507692e+01  3.400000e+01  1.050000e+01
     vertex  5.207692e+01  3.400000e+01  6.000000e+00
     vertex  5.207692e+01  3.400000e+01  1.050000e+01
   endloop
 endfacet
 facet normal  0.000000e+00  1.000000e+00  0.000000e+00
   outer loop
     vertex  6.223077e+01  3.400000e+01  4.500000e+00
     vertex  6.223077e+01  3.400000e+01  3.000000e+00
     vertex  5.923077e+01  3.400000e+01  4.500000e+00
   endloop
 endfacet
 facet normal  0.000000e+00  1.000000e+00  0.000000e+00
   outer loop
     vertex  6.223077e+01  3.400000e+01  4.500000e+00
     vertex  5.923077e+01  3.400000e+01  4.500000e+00
     vertex  5.923077e+01  3.400000e+01  6.000000e+00
   endloop
 endfacet
 facet normal  0.000000e+00  1.000000e+00  0.000000e+00
   outer loop
     vertex  6.223077e+01  3.400000e+01  6.000000e+00
     vertex  6.223077e+01  3.400000e+01  4.500000e+00
     vertex  5.923077e+01  3.400000e+01  6.000000e+00
   endloop
 endfacet
 facet normal  0.000000e+00  1.000000e+00  0.000000e+00
   outer loop
     vertex  6.638462e+01  3.400000e+01  6.000000e+00
     vertex  6.638462e+01  3.400000e+01  4.500000e+00
     vertex  6.223077e+01  3.400000e+01  4.500000e+00
   endloop
 endfacet
 facet normal  0.000000e+00  1.000000e+00  0.000000e+00
   outer loop
     vertex  6.638462e+01  3.400000e+01  6.000000e+00
     vertex  6.223077e+01  3.400000e+01  4.500000e+00
     vertex  6.223077e+01  3.400000e+01  6.000000e+00
   endloop
 endfacet
 facet normal  0.000000e+00  1.000000e+00  0.000000e+00
   outer loop
     vertex  6.223077e+01  3.400000e+01  1.050000e+01
     vertex  6.223077e+01  3.400000e+01  6.000000e+00
     vertex  5.923077e+01  3.400000e+01  6.000000e+00
   endloop
 endfacet
 facet normal  0.000000e+00  1.000000e+00  0.000000e+00
   outer loop
     vertex  6.223077e+01  3.400000e+01  1.050000e+01
     vertex  5.923077e+01  3.400000e+01  6.000000e+00
     vertex  5.923077e+01  3.400000e+01  1.050000e+01
   endloop
 endfacet
 facet normal  0.000000e+00  1.000000e+00  0.000000e+00
   outer loop
     vertex  6.938462e+01  3.400000e+01  4.500000e+00
     vertex  6.938462e+01  3.400000e+01  3.000000e+00
     vertex  6.638462e+01  3.400000e+01  3.000000e+00
   endloop
 endfacet
 facet normal  0.000000e+00  1.000000e+00  0.000000e+00
   outer loop
     vertex  6.938462e+01  3.400000e+01  4.500000e+00
     vertex  6.638462e+01  3.400000e+01  3.000000e+00
     vertex  6.638462e+01  3.400000e+01  4.500000e+00
   endloop
 endfacet
 facet normal  0.000000e+00  1.000000e+00  0.000000e+00
   outer loop
     vertex  6.938462e+01  3.400000e+01  6.000000e+00
     vertex  6.638462e+01  3.400000e+01  4.500000e+00
     vertex  6.638462e+01  3.400000e+01  6.000000e+00
   endloop
 endfacet
 facet normal  0.000000e+00  1.000000e+00  0.000000e+00
   outer loop
     vertex  6.938462e+01  3.400000e+01  6.000000e+00
     vertex  6.938462e+01  3.400000e+01  4.500000e+00
     vertex  6.638462e+01  3.400000e+01  4.500000e+00
   endloop
 endfacet
 facet normal  0.000000e+00  1.000000e+00  0.000000e+00
   outer loop
     vertex  7.353846e+01  3.400000e+01  6.000000e+00
     vertex  7.353846e+01  3.400000e+01  4.500000e+00
     vertex  6.938462e+01  3.400000e+01  4.500000e+00
   endloop
 endfacet
 facet normal  0.000000e+00  1.000000e+00  0.000000e+00
   outer loop
     vertex  7.353846e+01  3.400000e+01  6.000000e+00
     vertex  6.938462e+01  3.400000e+01  4.500000e+00
     vertex  6.938462e+01  3.400000e+01  6.000000e+00
   endloop
 endfacet
 facet normal  0.000000e+00  1.000000e+00  0.000000e+00
   outer loop
     vertex  6.938462e+01  3.400000e+01  1.050000e+01
     vertex  6.938462e+01  3.400000e+01  6.000000e+00
     vertex  6.638462e+01  3.400000e+01  6.000000e+00
   endloop
 endfacet
 facet normal  0.000000e+00  1.000000e+00  0.000000e+00
   outer loop
     vertex  6.938462e+01  3.400000e+01  1.050000e+01
     vertex  6.638462e+01  3.400000e+01  6.000000e+00
     vertex  6.638462e+01  3.400000e+01  1.050000e+01
   endloop
 endfacet
 facet normal  0.000000e+00  1.000000e+00  0.000000e+00
   outer loop
     vertex  7.653846e+01  3.400000e+01  4.500000e+00
     vertex  7.653846e+01  3.400000e+01  3.000000e+00
     vertex  7.353846e+01  3.400000e+01  3.000000e+00
   endloop
 endfacet
 facet normal  0.000000e+00  1.000000e+00  0.000000e+00
   outer loop
     vertex  7.653846e+01  3.400000e+01  4.500000e+00
     vertex  7.353846e+01  3.400000e+01  3.000000e+00
     vertex  7.353846e+01  3.400000e+01  4.500000e+00
   endloop
 endfacet
 facet normal  0.000000e+00  1.000000e+00  0.000000e+00
   outer loop
     vertex  7.653846e+01  3.400000e+01  6.000000e+00
     vertex  7.353846e+01  3.400000e+01  4.500000e+00
     vertex  7.353846e+01  3.400000e+01  6.000000e+00
   endloop
 endfacet
 facet normal  0.000000e+00  1.000000e+00  0.000000e+00
   outer loop
     vertex  7.653846e+01  3.400000e+01  6.000000e+00
     vertex  7.653846e+01  3.400000e+01  4.500000e+00
     vertex  7.353846e+01  3.400000e+01  4.500000e+00
   endloop
 endfacet
 facet normal  0.000000e+00  1.000000e+00  0.000000e+00
   outer loop
     vertex  8.369231e+01  3.400000e+01  3.000000e+00
     vertex  8.069231e+01  3.400000e+01  3.000000e+00
     vertex  8.069231e+01  3.400000e+01  4.500000e+00
   endloop
 endfacet
 facet normal  0.000000e+00  1.000000e+00  0.000000e+00
   outer loop
     vertex  8.069231e+01  3.400000e+01  6.000000e+00
     vertex  8.069231e+01  3.400000e+01  4.500000e+00
     vertex  7.653846e+01  3.400000e+01  4.500000e+00
   endloop
 endfacet
 facet normal  0.000000e+00  1.000000e+00  0.000000e+00
   outer loop
     vertex  8.069231e+01  3.400000e+01  6.000000e+00
     vertex  7.653846e+01  3.400000e+01  4.500000e+00
     vertex  7.653846e+01  3.400000e+01  6.000000e+00
   endloop
 endfacet
 facet normal  0.000000e+00  1.000000e+00  0.000000e+00
   outer loop
     vertex  7.653846e+01  3.400000e+01  1.050000e+01
     vertex  7.653846e+01  3.400000e+01  6.000000e+00
     vertex  7.353846e+01  3.400000e+01  6.000000e+00
   endloop
 endfacet
 facet normal  0.000000e+00  1.000000e+00  0.000000e+00
   outer loop
     vertex  7.653846e+01  3.400000e+01  1.050000e+01
     vertex  7.353846e+01  3.400000e+01  6.000000e+00
     vertex  7.353846e+01  3.400000e+01  1.050000e+01
   endloop
 endfacet
 facet normal  0.000000e+00  1.000000e+00  0.000000e+00
   outer loop
     vertex  8.369231e+01  3.400000e+01  4.500000e+00
     vertex  8.069231e+01  3.400000e+01  4.500000e+00
     vertex  8.069231e+01  3.400000e+01  6.000000e+00
   endloop
 endfacet
 facet normal  0.000000e+00  1.000000e+00  0.000000e+00
   outer loop
     vertex  8.369231e+01  3.400000e+01  4.500000e+00
     vertex  8.369231e+01  3.400000e+01  3.000000e+00
     vertex  8.069231e+01  3.400000e+01  4.500000e+00
   endloop
 endfacet
 facet normal  0.000000e+00  1.000000e+00  0.000000e+00
   outer loop
     vertex  8.369231e+01  3.400000e+01  6.000000e+00
     vertex  8.369231e+01  3.400000e+01  4.500000e+00
     vertex  8.069231e+01  3.400000e+01  6.000000e+00
   endloop
 endfacet
 facet normal  0.000000e+00  1.000000e+00  0.000000e+00
   outer loop
     vertex  8.784615e+01  3.400000e+01  6.000000e+00
     vertex  8.784615e+01  3.400000e+01  4.500000e+00
     vertex  8.369231e+01  3.400000e+01  4.500000e+00
   endloop
 endfacet
 facet normal  0.000000e+00  1.000000e+00  0.000000e+00
   outer loop
     vertex  8.784615e+01  3.400000e+01  6.000000e+00
     vertex  8.369231e+01  3.400000e+01  4.500000e+00
     vertex  8.369231e+01  3.400000e+01  6.000000e+00
   endloop
 endfacet
 facet normal  0.000000e+00  1.000000e+00  0.000000e+00
   outer loop
     vertex  8.369231e+01  3.400000e+01  1.050000e+01
     vertex  8.369231e+01  3.400000e+01  6.000000e+00
     vertex  8.069231e+01  3.400000e+01  6.000000e+00
   endloop
 endfacet
 facet normal  0.000000e+00  1.000000e+00  0.000000e+00
   outer loop
     vertex  8.369231e+01  3.400000e+01  1.050000e+01
     vertex  8.069231e+01  3.400000e+01  6.000000e+00
     vertex  8.069231e+01  3.400000e+01  1.050000e+01
   endloop
 endfacet
 facet normal  0.000000e+00  1.000000e+00  0.000000e+00
   outer loop
     vertex  9.084615e+01  3.400000e+01  4.500000e+00
     vertex  9.084615e+01  3.400000e+01  3.000000e+00
     vertex  8.784615e+01  3.400000e+01  3.000000e+00
   endloop
 endfacet
 facet normal  0.000000e+00  1.000000e+00  0.000000e+00
   outer loop
     vertex  9.084615e+01  3.400000e+01  4.500000e+00
     vertex  8.784615e+01  3.400000e+01  3.000000e+00
     vertex  8.784615e+01  3.400000e+01  4.500000e+00
   endloop
 endfacet
 facet normal  0.000000e+00  1.000000e+00  0.000000e+00
   outer loop
     vertex  9.084615e+01  3.400000e+01  6.000000e+00
     vertex  9.084615e+01  3.400000e+01  4.500000e+00
     vertex  8.784615e+01  3.400000e+01  4.500000e+00
   endloop
 endfacet
 facet normal  0.000000e+00  1.000000e+00  0.000000e+00
   outer loop
     vertex  9.084615e+01  3.400000e+01  6.000000e+00
     vertex  8.784615e+01  3.400000e+01  4.500000e+00
     vertex  8.784615e+01  3.400000e+01  6.000000e+00
   endloop
 endfacet
 facet normal  0.000000e+00  1.000000e+00  0.000000e+00
   outer loop
     vertex  8.784615e+01  3.400000e+01  1.050000e+01
     vertex  9.084615e+01  3.400000e+01  6.000000e+00
     vertex  8.784615e+01  3.400000e+01  6.000000e+00
   endloop
 endfacet
 facet normal  0.000000e+00  1.000000e+00  0.000000e+00
   outer loop
     vertex  9.800000e+01  3.400000e+01  3.000000e+00
     vertex  9.500000e+01  3.400000e+01  3.000000e+00
     vertex  9.500000e+01  3.400000e+01  4.500000e+00
   endloop
 endfacet
 facet normal  0.000000e+00  1.000000e+00  0.000000e+00
   outer loop
     vertex  9.500000e+01  3.400000e+01  6.000000e+00
     vertex  9.500000e+01  3.400000e+01  4.500000e+00
     vertex  9.084615e+01  3.400000e+01  4.500000e+00
   endloop
 endfacet
 facet normal  0.000000e+00  1.000000e+00  0.000000e+00
   outer loop
     vertex  9.500000e+01  3.400000e+01  6.000000e+00
     vertex  9.084615e+01  3.400000e+01  4.500000e+00
     vertex  9.084615e+01  3.400000e+01  6.000000e+00
   endloop
 endfacet
 facet normal  0.000000e+00  1.000000e+00  0.000000e+00
   outer loop
     vertex  9.500000e+01  3.400000e+01  6.000000e+00
     vertex  9.800000e+01  3.400000e+01  3.000000e+00
     vertex  9.500000e+01  3.400000e+01  4.500000e+00
   endloop
 endfacet
 facet normal  0.000000e+00  1.000000e+00  0.000000e+00
   outer loop
     vertex  9.084615e+01  3.400000e+01  1.050000e+01
     vertex  9.084615e+01  3.400000e+01  6.000000e+00
     vertex  8.784615e+01  3.400000e+01  1.050000e+01
   endloop
 endfacet
 facet normal  0.000000e+00  1.000000e+00  0.000000e+00
   outer loop
     vertex  9.800000e+01  3.400000e+01  1.200000e+01
     vertex  8.784615e+01  3.400000e+01  1.050000e+01
     vertex  8.369231e+01  3.400000e+01  1.050000e+01
   endloop
 endfacet
 facet normal  0.000000e+00  1.000000e+00  0.000000e+00
   outer loop
     vertex  9.800000e+01  3.400000e+01  1.200000e+01
     vertex  8.369231e+01  3.400000e+01  1.050000e+01
     vertex  8.069231e+01  3.400000e+01  1.050000e+01
   endloop
 endfacet
 facet normal  0.000000e+00  1.000000e+00  0.000000e+00
   outer loop
     vertex  9.800000e+01  3.400000e+01  1.200000e+01
     vertex  9.500000e+01  3.400000e+01  6.000000e+00
     vertex  9.500000e+01  3.400000e+01  1.050000e+01
   endloop
 endfacet
 facet normal  0.000000e+00  1.000000e+00  0.000000e+00
   outer loop
     vertex  9.800000e+01  3.400000e+01  1.200000e+01
     vertex  9.500000e+01  3.400000e+01  1.050000e+01
     vertex  9.084615e+01  3.400000e+01  1.050000e+01
   endloop
 endfacet
 facet normal  0.000000e+00  1.000000e+00  0.000000e+00
   outer loop
     vertex  9.800000e+01  3.400000e+01  1.200000e+01
     vertex  9.084615e+01  3.400000e+01  1.050000e+01
     vertex  8.784615e+01  3.400000e+01  1.050000e+01
   endloop
 endfacet
 facet normal  0.000000e+00  1.000000e+00  0.000000e+00
   outer loop
     vertex  9.800000e+01  3.400000e+01  1.200000e+01
     vertex  9.800000e+01  3.400000e+01  3.000000e+00
     vertex  9.500000e+01  3.400000e+01  6.000000e+00
   endloop
 endfacet
 facet normal -0.000000e+00  1.000000e+00  0.000000e+00
   outer loop
     vertex  2.000000e+00  3.400000e+01  1.200000e+01
     vertex  9.800000e+01  3.400000e+01  1.200000e+01
     vertex  8.069231e+01  3.400000e+01  1.050000e+01
   endloop
 endfacet
 facet normal  0.000000e+00  1.000000e+00  0.000000e+00
   outer loop
     vertex  2.000000e+00  3.400000e+01  1.200000e+01
     vertex  8.069231e+01  3.400000e+01  1.050000e+01
     vertex  7.653846e+01  3.400000e+01  1.050000e+01
   endloop
 endfacet
 facet normal  0.000000e+00  1.000000e+00  0.000000e+00
   outer loop
     vertex  2.000000e+00  3.400000e+01  1.200000e+01
     vertex  7.653846e+01  3.400000e+01  1.050000e+01
     vertex  7.353846e+01  3.400000e+01  1.050000e+01
   endloop
 endfacet
 facet normal  0.000000e+00  1.000000e+00  0.000000e+00
   outer loop
     vertex  2.000000e+00  3.400000e+01  1.200000e+01
     vertex  7.353846e+01  3.400000e+01  1.050000e+01
     vertex  6.938462e+01  3.400000e+01  1.050000e+01
   endloop
 endfacet
 facet normal  0.000000e+00  1.000000e+00  0.000000e+00
   outer loop
     vertex  2.000000e+00  3.400000e+01  1.200000e+01
     vertex  6.938462e+01  3.400000e+01  1.050000e+01
     vertex  6.638462e+01  3.400000e+01  1.050000e+01
   endloop
 endfacet
 facet normal  0.000000e+00  1.000000e+00  0.000000e+00
   outer loop
     vertex  2.000000e+00  3.400000e+01  1.200000e+01
     vertex  6.638462e+01  3.400000e+01  1.050000e+01
     vertex  6.223077e+01  3.400000e+01  1.050000e+01
   endloop
 endfacet
 facet normal  0.000000e+00  1.000000e+00  0.000000e+00
   outer loop
     vertex  2.000000e+00  3.400000e+01  1.200000e+01
     vertex  6.223077e+01  3.400000e+01  1.050000e+01
     vertex  5.923077e+01  3.400000e+01  1.050000e+01
   endloop
 endfacet
 facet normal  0.000000e+00  1.000000e+00  0.000000e+00
   outer loop
     vertex  2.000000e+00  3.400000e+01  1.200000e+01
     vertex  5.923077e+01  3.400000e+01  1.050000e+01
     vertex  5.507692e+01  3.400000e+01  1.050000e+01
   endloop
 endfacet
 facet normal  0.000000e+00  1.000000e+00  0.000000e+00
   outer loop
     vertex  2.000000e+00  3.400000e+01  1.200000e+01
     vertex  5.507692e+01  3.400000e+01  1.050000e+01
     vertex  5.207692e+01  3.400000e+01  1.050000e+01
   endloop
 endfacet
 facet normal  0.000000e+00  1.000000e+00  0.000000e+00
   outer loop
     vertex  2.000000e+00  3.400000e+01  1.200000e+01
     vertex  5.207692e+01  3.400000e+01  1.050000e+01
     vertex  4.792308e+01  3.400000e+01  1.050000e+01
   endloop
 endfacet
 facet normal  0.000000e+00  1.000000e+00  0.000000e+00
   outer loop
     vertex  2.000000e+00  3.400000e+01  1.200000e+01
     vertex  4.792308e+01  3.400000e+01  1.050000e+01
     vertex  4.492308e+01  3.400000e+01  1.050000e+01
   endloop
 endfacet
 facet normal  0.000000e+00  1.000000e+00  0.000000e+00
   outer loop
     vertex  2.000000e+00  3.400000e+01  1.200000e+01
     vertex  4.492308e+01  3.400000e+01  1.050000e+01
     vertex  4.076923e+01  3.400000e+01  1.050000e+01
   endloop
 endfacet
 facet normal  0.000000e+00  1.000000e+00  0.000000e+00
   outer loop
     vertex  2.000000e+00  3.400000e+01  1.200000e+01
     vertex  4.076923e+01  3.400000e+01  1.050000e+01
     vertex  3.776923e+01  3.400000e+01  1.050000e+01
   endloop
 endfacet
 facet normal  0.000000e+00  1.000000e+00  0.000000e+00
   outer loop
     vertex  2.000000e+00  3.400000e+01  1.200000e+01
     vertex  3.776923e+01  3.400000e+01  1.050000e+01
     vertex  3.361538e+01  3.400000e+01  1.050000e+01
   endloop
 endfacet
 facet normal  0.000000e+00  1.000000e+00  0.000000e+00
   outer loop
     vertex  2.000000e+00  3.400000e+01  1.200000e+01
     vertex  3.361538e+01  3.400000e+01  1.050000e+01
     vertex  3.061538e+01  3.400000e+01  1.050000e+01
   endloop
 endfacet
 facet normal  0.000000e+00  1.000000e+00  0.000000e+00
   outer loop
     vertex  2.000000e+00  3.400000e+01  1.200000e+01
     vertex  3.061538e+01  3.400000e+01  1.050000e+01
     vertex  2.646154e+01  3.400000e+01  1.050000e+01
   endloop
 endfacet
 facet normal  0.000000e+00  1.000000e+00  0.000000e+00
   outer loop
     vertex  2.000000e+00  3.400000e+01  1.200000e+01
     vertex  2.646154e+01  3.400000e+01  1.050000e+01
     vertex  2.346154e+01  3.400000e+01  1.050000e+01
   endloop
 endfacet
 facet normal  0.000000e+00  1.000000e+00  0.000000e+00
   outer loop
     vertex  2.000000e+00  3.400000e+01  1.200000e+01
     vertex  2.346154e+01  3.400000e+01  1.050000e+01
     vertex  1.930769e+01  3.400000e+01  1.050000e+01
   endloop
 endfacet
 facet normal  0.000000e+00  1.000000e+00  0.000000e+00
   outer loop
     vertex  2.000000e+00  3.400000e+01  1.200000e+01
     vertex  1.930769e+01  3.400000e+01  1.050000e+01
     vertex  1.630769e+01  3.400000e+01  1.050000e+01
   endloop
 endfacet
 facet normal  0.000000e+00 -1.000000e+00 -0.000000e+00
   outer loop
     vertex  5.000000e+00  4.000000e+01  4.500000e+00
     vertex  2.000000e+00  4.000000e+01  3.000000e+00
     vertex  5.000000e+00  4.000000e+01  3.000000e+00
   endloop
 endfacet
 facet normal  0.000000e+00 -1.000000e+00 -0.000000e+00
   outer loop
     vertex  5.000000e+00  4.000000e+01  6.000000e+00
     vertex  2.000000e+00  4.000000e+01  3.000000e+00
     vertex  5.000000e+00  4.000000e+01  4.500000e+00
   endloop
 endfacet
 facet normal  0.000000e+00 -1.000000e+00  0.000000e+00
   outer loop
     vertex  2.000000e+00  4.000000e+01  1.200000e+01
     vertex  2.000000e+00  4.000000e+01  3.000000e+00
     vertex  5.000000e+00  4.000000e+01  6.000000e+00
   endloop
 endfacet
 facet normal -0.000000e+00 -1.000000e+00  0.000000e+00
   outer loop
     vertex  9.153846e+00  4.000000e+01  6.000000e+00
     vertex  5.000000e+00  4.000000e+01  6.000000e+00
     vertex  5.000000e+00  4.000000e+01  4.500000e+00
   endloop
 endfacet
 facet normal  0.000000e+00 -1.000000e+00 -0.000000e+00
   outer loop
     vertex  9.153846e+00  4.000000e+01  6.000000e+00
     vertex  5.000000e+00  4.000000e+01  4.500000e+00
     vertex  9.153846e+00  4.000000e+01  4.500000e+00
   endloop
 endfacet
 facet normal -0.000000e+00 -1.000000e+00 -0.000000e+00
   outer loop
     vertex  5.000000e+00  4.000000e+01  1.050000e+01
     vertex  2.000000e+00  4.000000e+01  1.200000e+01
     vertex  5.000000e+00  4.000000e+01  6.000000e+00
   endloop
 endfacet
 facet normal  0.000000e+00 -1.000000e+00 -0.000000e+00
   outer loop
     vertex  1.215385e+01  4.000000e+01  4.500000e+00
     vertex  9.153846e+00  4.000000e+01  3.000000e+00
     vertex  1.215385e+01  4.000000e+01  3.000000e+00
   endloop
 endfacet
 facet normal -0.000000e+00 -1.000000e+00  0.000000e+00
   outer loop
     vertex  1.215385e+01  4.000000e+01  4.500000e+00
     vertex  9.153846e+00  4.000000e+01  4.500000e+00
     vertex  9.153846e+00  4.000000e+01  3.000000e+00
   endloop
 endfacet
 facet normal  0.000000e+00 -1.000000e+00 -0.000000e+00
   outer loop
     vertex  1.215385e+01  4.000000e+01  6.000000e+00
     vertex  9.153846e+00  4.000000e+01  4.500000e+00
     vertex  1.215385e+01  4.000000e+01  4.500000e+00
   endloop
 endfacet
 facet normal -0.000000e+00 -1.000000e+00  0.000000e+00
   outer loop
     vertex  1.215385e+01  4.000000e+01  6.000000e+00
     vertex  9.153846e+00  4.000000e+01  6.000000e+00
     vertex  9.153846e+00  4.000000e+01  4.500000e+00
   endloop
 endfacet
 facet normal  0.000000e+00 -1.000000e+00  0.000000e+00
   outer loop
     vertex  9.153846e+00  4.000000e+01  1.050000e+01
     vertex  2.000000e+00  4.000000e+01  1.200000e+01
     vertex  5.000000e+00  4.000000e+01  1.050000e+01
   endloop
 endfacet
 facet normal  0.000000e+00 -1.000000e+00  0.000000e+00
   outer loop
     vertex  1.930769e+01  4.000000e+01  3.000000e+00
     vertex  1.630769e+01  4.000000e+01  4.500000e+00
     vertex  1.630769e+01  4.000000e+01  3.000000e+00
   endloop
 endfacet
 facet normal -0.000000e+00 -1.000000e+00  0.000000e+00
   outer loop
     vertex  1.630769e+01  4.000000e+01  6.000000e+00
     vertex  1.215385e+01  4.000000e+01  6.000000e+00
     vertex  1.215385e+01  4.000000e+01  4.500000e+00
   endloop
 endfacet
 facet normal  0.000000e+00 -1.000000e+00 -0.000000e+00
   outer loop
     vertex  1.630769e+01  4.000000e+01  6.000000e+00
     vertex  1.215385e+01  4.000000e+01  4.500000e+00
     vertex  1.630769e+01  4.000000e+01  4.500000e+00
   endloop
 endfacet
 facet normal  0.000000e+00 -1.000000e+00  0.000000e+00
   outer loop
     vertex  1.215385e+01  4.000000e+01  1.050000e+01
     vertex  2.000000e+00  4.000000e+01  1.200000e+01
     vertex  9.153846e+00  4.000000e+01  1.050000e+01
   endloop
 endfacet
 facet normal  0.000000e+00 -1.000000e+00 -0.000000e+00
   outer loop
     vertex  1.215385e+01  4.000000e+01  1.050000e+01
     vertex  9.153846e+00  4.000000e+01  6.000000e+00
     vertex  1.215385e+01  4.000000e+01  6.000000e+00
   endloop
 endfacet
 facet normal -0.000000e+00 -1.000000e+00  0.000000e+00
   outer loop
     vertex  1.215385e+01  4.000000e+01  1.050000e+01
     vertex  9.153846e+00  4.000000e+01  1.050000e+01
     vertex  9.153846e+00  4.000000e+01  6.000000e+00
   endloop
 endfacet
 facet normal -0.000000e+00 -1.000000e+00 -0.000000e+00
   outer loop
     vertex  1.930769e+01  4.000000e+01  4.500000e+00
     vertex  1.630769e+01  4.000000e+01  4.500000e+00
     vertex  1.930769e+01  4.000000e+01  3.000000e+00
   endloop
 endfacet
 facet normal  0.000000e+00 -1.000000e+00  0.000000e+00
   outer loop
     vertex  1.930769e+01  4.000000e+01  4.500000e+00
     vertex  1.630769e+01  4.000000e+01  6.000000e+00
     vertex  1.630769e+01  4.000000e+01  4.500000e+00
   endloop
 endfacet
 facet normal -0.000000e+00 -1.000000e+00 -0.000000e+00
   outer loop
     vertex  1.930769e+01  4.000000e+01  6.000000e+00
     vertex  1.630769e+01  4.000000e+01  6.000000e+00
     vertex  1.930769e+01  4.000000e+01  4.500000e+00
   endloop
 endfacet
 facet normal  0.000000e+00 -1.000000e+00  0.000000e+00
   outer loop
     vertex  1.630769e+01  4.000000e+01  1.050000e+01
     vertex  2.000000e+00  4.000000e+01  1.200000e+01
     vertex  1.215385e+01  4.000000e+01  1.050000e+01
   endloop
 endfacet
 facet normal  0.000000e+00 -1.000000e+00  0.000000e+00
   outer loop
     vertex  1.630769e+01  4.000000e+01  1.050000e+01
     vertex  1.630769e+01  4.000000e+01  6.000000e+00
     vertex  1.930769e+01  4.000000e+01  6.000000e+00
   endloop
 endfacet
 facet normal  0.000000e+00 -1.000000e+00 -0.000000e+00
   outer loop
     vertex  2.346154e+01  4.000000e+01  6.000000e+00
     vertex  1.930769e+01  4.000000e+01  4.500000e+00
     vertex  2.346154e+01  4.000000e+01  4.500000e+00
   endloop
 endfacet
 facet normal -0.000000e+00 -1.000000e+00  0.000000e+00
   outer loop
     vertex  2.346154e+01  4.000000e+01  6.000000e+00
     vertex  1.930769e+01  4.000000e+01  6.000000e+00
     vertex  1.930769e+01  4.000000e+01  4.500000e+00
   endloop
 endfacet
 facet normal -0.000000e+00 -1.000000e+00 -0.000000e+00
   outer loop
     vertex  1.930769e+01  4.000000e+01  1.050000e+01
     vertex  1.630769e+01  4.000000e+01  1.050000e+01
     vertex  1.930769e+01  4.000000e+01  6.000000e+00
   endloop
 endfacet
 facet normal  0.000000e+00 -1.000000e+00 -0.000000e+00
   outer loop
     vertex  2.646154e+01  4.000000e+01  4.500000e+00
     vertex  2.346154e+01  4.000000e+01  3.000000e+00
     vertex  2.646154e+01  4.000000e+01  3.000000e+00
   endloop
 endfacet
 facet normal -0.000000e+00 -1.000000e+00  0.000000e+00
   outer loop
     vertex  2.646154e+01  4.000000e+01  4.500000e+00
     vertex  2.346154e+01  4.000000e+01  4.500000e+00
     vertex  2.346154e+01  4.000000e+01  3.000000e+00
   endloop
 endfacet
 facet normal  0.000000e+00 -1.000000e+00 -0.000000e+00
   outer loop
     vertex  2.646154e+01  4.000000e+01  6.000000e+00
     vertex  2.346154e+01  4.000000e+01  4.500000e+00
     vertex  2.646154e+01  4.000000e+01  4.500000e+00
   endloop
 endfacet
 facet normal -0.000000e+00 -1.000000e+00  0.000000e+00
   outer loop
     vertex  2.646154e+01  4.000000e+01  6.000000e+00
     vertex  2.346154e+01  4.000000e+01  6.000000e+00
     vertex  2.346154e+01  4.000000e+01  4.500000e+00
   endloop
 endfacet
 facet normal  0.000000e+00 -1.000000e+00  0.000000e+00
   outer loop
     vertex  2.346154e+01  4.000000e+01  1.050000e+01
     vertex  2.346154e+01  4.000000e+01  6.000000e+00
     vertex  2.646154e+01  4.000000e+01  6.000000e+00
   endloop
 endfacet
 facet normal  0.000000e+00 -1.000000e+00 -0.000000e+00
   outer loop
     vertex  3.061538e+01  4.000000e+01  6.000000e+00
     vertex  2.646154e+01  4.000000e+01  4.500000e+00
     vertex  3.061538e+01  4.000000e+01  4.500000e+00
   endloop
 endfacet
 facet normal -0.000000e+00 -1.000000e+00  0.000000e+00
   outer loop
     vertex  3.061538e+01  4.000000e+01  6.000000e+00
     vertex  2.646154e+01  4.000000e+01  6.000000e+00
     vertex  2.646154e+01  4.000000e+01  4.500000e+00
   endloop
 endfacet
 facet normal -0.000000e+00 -1.000000e+00 -0.000000e+00
   outer loop
     vertex  2.646154e+01  4.000000e+01  1.050000e+01
     vertex  2.346154e+01  4.000000e+01  1.050000e+01
     vertex  2.646154e+01  4.000000e+01  6.000000e+00
   endloop
 endfacet
 facet normal  0.000000e+00 -1.000000e+00 -0.000000e+00
   outer loop
     vertex  3.361538e+01  4.000000e+01  4.500000e+00
     vertex  3.061538e+01  4.000000e+01  3.000000e+00
     vertex  3.361538e+01  4.000000e+01  3.000000e+00
   endloop
 endfacet
 facet normal -0.000000e+00 -1.000000e+00  0.000000e+00
   outer loop
     vertex  3.361538e+01  4.000000e+01  4.500000e+00
     vertex  3.061538e+01  4.000000e+01  4.500000e+00
     vertex  3.061538e+01  4.000000e+01  3.000000e+00
   endloop
 endfacet
 facet normal -0.000000e+00 -1.000000e+00  0.000000e+00
   outer loop
     vertex  3.361538e+01  4.000000e+01  6.000000e+00
     vertex  3.061538e+01  4.000000e+01  6.000000e+00
     vertex  3.061538e+01  4.000000e+01  4.500000e+00
   endloop
 endfacet
 facet normal  0.000000e+00 -1.000000e+00 -0.000000e+00
   outer loop
     vertex  3.361538e+01  4.000000e+01  6.000000e+00
     vertex  3.061538e+01  4.000000e+01  4.500000e+00
     vertex  3.361538e+01  4.000000e+01  4.500000e+00
   endloop
 endfacet
 facet normal  0.000000e+00 -1.000000e+00  0.000000e+00
   outer loop
     vertex  3.776923e+01  4.000000e+01  4.500000e+00
     vertex  3.361538e+01  4.000000e+01  6.000000e+00
     vertex  3.361538e+01  4.000000e+01  4.500000e+00
   endloop
 endfacet
 facet normal -0.000000e+00 -1.000000e+00 -0.000000e+00
   outer loop
     vertex  3.776923e+01  4.000000e+01  6.000000e+00
     vertex  3.361538e+01  4.000000e+01  6.000000e+00
     vertex  3.776923e+01  4.000000e+01  4.500000e+00
   endloop
 endfacet
 facet normal -0.000000e+00 -1.000000e+00  0.000000e+00
   outer loop
     vertex  3.361538e+01  4.000000e+01  1.050000e+01
     vertex  3.061538e+01  4.000000e+01  1.050000e+01
     vertex  3.061538e+01  4.000000e+01  6.000000e+00
   endloop
 endfacet
 facet normal  0.000000e+00 -1.000000e+00 -0.000000e+00
   outer loop
     vertex  3.361538e+01  4.000000e+01  1.050000e+01
     vertex  3.061538e+01  4.000000e+01  6.000000e+00
     vertex  3.361538e+01  4.000000e+01  6.000000e+00
   endloop
 endfacet
 facet normal  0.000000e+00 -1.000000e+00 -0.000000e+00
   outer loop
     vertex  4.076923e+01  4.000000e+01  4.500000e+00
     vertex  3.776923e+01  4.000000e+01  3.000000e+00
     vertex  4.076923e+01  4.000000e+01  3.000000e+00
   endloop
 endfacet
 facet normal -0.000000e+00 -1.000000e+00  0.000000e+00
   outer loop
     vertex  4.076923e+01  4.000000e+01  4.500000e+00
     vertex  3.776923e+01  4.000000e+01  4.500000e+00
     vertex  3.776923e+01  4.000000e+01  3.000000e+00
   endloop
 endfacet
 facet normal  0.000000e+00 -1.000000e+00 -0.000000e+00
   outer loop
     vertex  4.076923e+01  4.000000e+01  6.000000e+00
     vertex  3.776923e+01  4.000000e+01  4.500000e+00
     vertex  4.076923e+01  4.000000e+01  4.500000e+00
   endloop
 endfacet
 facet normal -0.000000e+00 -1.000000e+00  0.000000e+00
   outer loop
     vertex  4.076923e+01  4.000000e+01  6.000000e+00
     vertex  3.776923e+01  4.000000e+01  6.000000e+00
     vertex  3.776923e+01  4.000000e+01  4.500000e+00
   endloop
 endfacet
 facet normal  0.000000e+00 -1.000000e+00  0.000000e+00
   outer loop
     vertex  4.492308e+01  4.000000e+01  4.500000e+00
     vertex  4.076923e+01  4.000000e+01  6.000000e+00
     vertex  4.076923e+01  4.000000e+01  4.500000e+00
   endloop
 endfacet
 facet normal -0.000000e+00 -1.000000e+00 -0.000000e+00
   outer loop
     vertex  4.492308e+01  4.000000e+01  6.000000e+00
     vertex  4.076923e+01  4.000000e+01  6.000000e+00
     vertex  4.492308e+01  4.000000e+01  4.500000e+00
   endloop
 endfacet
 facet normal  0.000000e+00 -1.000000e+00  0.000000e+00
   outer loop
     vertex  4.792308e+01  4.000000e+01  3.000000e+00
     vertex  4.492308e+01  4.000000e+01  4.500000e+00
     vertex  4.492308e+01  4.000000e+01  3.000000e+00
   endloop
 endfacet
 facet normal  0.000000e+00 -1.000000e+00 -0.000000e+00
   outer loop
     vertex  4.076923e+01  4.000000e+01  1.050000e+01
     vertex  3.776923e+01  4.000000e+01  6.000000e+00
     vertex  4.076923e+01  4.000000e+01  6.000000e+00
   endloop
 endfacet
 facet normal -0.000000e+00 -1.000000e+00  0.000000e+00
   outer loop
     vertex  4.076923e+01  4.000000e+01  1.050000e+01
     vertex  3.776923e+01  4.000000e+01  1.050000e+01
     vertex  3.776923e+01  4.000000e+01  6.000000e+00
   endloop
 endfacet
 facet normal  0.000000e+00 -1.000000e+00  0.000000e+00
   outer loop
     vertex  4.792308e+01  4.000000e+01  4.500000e+00
     vertex  4.492308e+01  4.000000e+01  6.000000e+00
     vertex  4.492308e+01  4.000000e+01  4.500000e+00
   endloop
 endfacet
 facet normal -0.000000e+00 -1.000000e+00 -0.000000e+00
   outer loop
     vertex  4.792308e+01  4.000000e+01  4.500000e+00
     vertex  4.492308e+01  4.000000e+01  4.500000e+00
     vertex  4.792308e+01  4.000000e+01  3.000000e+00
   endloop
 endfacet
 facet normal -0.000000e+00 -1.000000e+00 -0.000000e+00
   outer loop
     vertex  4.792308e+01  4.000000e+01  6.000000e+00
     vertex  4.492308e+01  4.000000e+01  6.000000e+00
     vertex  4.792308e+01  4.000000e+01  4.500000e+00
   endloop
 endfacet
 facet normal -0.000000e+00 -1.000000e+00  0.000000e+00
   outer loop
     vertex  5.207692e+01  4.000000e+01  6.000000e+00
     vertex  4.792308e+01  4.000000e+01  6.000000e+00
     vertex  4.792308e+01  4.000000e+01  4.500000e+00
   endloop
 endfacet
 facet normal  0.000000e+00 -1.000000e+00 -0.000000e+00
   outer loop
     vertex  5.207692e+01  4.000000e+01  6.000000e+00
     vertex  4.792308e+01  4.000000e+01  4.500000e+00
     vertex  5.207692e+01  4.000000e+01  4.500000e+00
   endloop
 endfacet
 facet normal -0.000000e+00 -1.000000e+00  0.000000e+00
   outer loop
     vertex  4.792308e+01  4.000000e+01  1.050000e+01
     vertex  4.492308e+01  4.000000e+01  1.050000e+01
     vertex  4.492308e+01  4.000000e+01  6.000000e+00
   endloop
 endfacet
 facet normal  0.000000e+00 -1.000000e+00 -0.000000e+00
   outer loop
     vertex  4.792308e+01  4.000000e+01  1.050000e+01
     vertex  4.492308e+01  4.000000e+01  6.000000e+00
     vertex  4.792308e+01  4.000000e+01  6.000000e+00
   endloop
 endfacet
 facet normal  0.000000e+00 -1.000000e+00 -0.000000e+00
   outer loop
     vertex  5.507692e+01  4.000000e+01  4.500000e+00
     vertex  5.207692e+01  4.000000e+01  3.000000e+00
     vertex  5.507692e+01  4.000000e+01  3.000000e+00
   endloop
 endfacet
 facet normal -0.000000e+00 -1.000000e+00  0.000000e+00
   outer loop
     vertex  5.507692e+01  4.000000e+01  4.500000e+00
     vertex  5.207692e+01  4.000000e+01  4.500000e+00
     vertex  5.207692e+01  4.000000e+01  3.000000e+00
   endloop
 endfacet
 facet normal  0.000000e+00 -1.000000e+00 -0.000000e+00
   outer loop
     vertex  5.507692e+01  4.000000e+01  6.000000e+00
     vertex  5.207692e+01  4.000000e+01  4.500000e+00
     vertex  5.507692e+01  4.000000e+01  4.500000e+00
   endloop
 endfacet
 facet normal -0.000000e+00 -1.000000e+00  0.000000e+00
   outer loop
     vertex  5.507692e+01  4.000000e+01  6.000000e+00
     vertex  5.207692e+01  4.000000e+01  6.000000e+00
     vertex  5.207692e+01  4.000000e+01  4.500000e+00
   endloop
 endfacet
 facet normal  0.000000e+00 -1.000000e+00  0.000000e+00
   outer loop
     vertex  6.223077e+01  4.000000e+01  3.000000e+00
     vertex  5.923077e+01  4.000000e+01  4.500000e+00
     vertex  5.923077e+01  4.000000e+01  3.000000e+00
   endloop
 endfacet
 facet normal  0.000000e+00 -1.000000e+00 -0.000000e+00
   outer loop
     vertex  5.923077e+01  4.000000e+01  6.000000e+00
     vertex  5.507692e+01  4.000000e+01  4.500000e+00
     vertex  5.923077e+01  4.000000e+01  4.500000e+00
   endloop
 endfacet
 facet normal -0.000000e+00 -1.000000e+00  0.000000e+00
   outer loop
     vertex  5.923077e+01  4.000000e+01  6.000000e+00
     vertex  5.507692e+01  4.000000e+01  6.000000e+00
     vertex  5.507692e+01  4.000000e+01  4.500000e+00
   endloop
 endfacet
 facet normal  0.000000e+00 -1.000000e+00 -0.000000e+00
   outer loop
     vertex  5.507692e+01  4.000000e+01  1.050000e+01
     vertex  5.207692e+01  4.000000e+01  6.000000e+00
     vertex  5.507692e+01  4.000000e+01  6.000000e+00
   endloop
 endfacet
 facet normal -0.000000e+00 -1.000000e+00  0.000000e+00
   outer loop
     vertex  5.507692e+01  4.000000e+01  1.050000e+01
     vertex  5.207692e+01  4.000000e+01  1.050000e+01
     vertex  5.207692e+01  4.000000e+01  6.000000e+00
   endloop
 endfacet
 facet normal -0.000000e+00 -1.000000e+00 -0.000000e+00
   outer loop
     vertex  6.223077e+01  4.000000e+01  4.500000e+00
     vertex  5.923077e+01  4.000000e+01  4.500000e+00
     vertex  6.223077e+01  4.000000e+01  3.000000e+00
   endloop
 endfacet
 facet normal  0.000000e+00 -1.000000e+00  0.000000e+00
   outer loop
     vertex  6.223077e+01  4.000000e+01  4.500000e+00
     vertex  5.923077e+01  4.000000e+01  6.000000e+00
     vertex  5.923077e+01  4.000000e+01  4.500000e+00
   endloop
 endfacet
 facet normal -0.000000e+00 -1.000000e+00 -0.000000e+00
   outer loop
     vertex  6.223077e+01  4.000000e+01  6.000000e+00
     vertex  5.923077e+01  4.000000e+01  6.000000e+00
     vertex  6.223077e+01  4.000000e+01  4.500000e+00
   endloop
 endfacet
 facet normal  0.000000e+00 -1.000000e+00 -0.000000e+00
   outer loop
     vertex  6.638462e+01  4.000000e+01  6.000000e+00
     vertex  6.223077e+01  4.000000e+01  4.500000e+00
     vertex  6.638462e+01  4.000000e+01  4.500000e+00
   endloop
 endfacet
 facet normal -0.000000e+00 -1.000000e+00  0.000000e+00
   outer loop
     vertex  6.638462e+01  4.000000e+01  6.000000e+00
     vertex  6.223077e+01  4.000000e+01  6.000000e+00
     vertex  6.223077e+01  4.000000e+01  4.500000e+00
   endloop
 endfacet
 facet normal  0.000000e+00 -1.000000e+00 -0.000000e+00
   outer loop
     vertex  6.223077e+01  4.000000e+01  1.050000e+01
     vertex  5.923077e+01  4.000000e+01  6.000000e+00
     vertex  6.223077e+01  4.000000e+01  6.000000e+00
   endloop
 endfacet
 facet normal -0.000000e+00 -1.000000e+00  0.000000e+00
   outer loop
     vertex  6.223077e+01  4.000000e+01  1.050000e+01
     vertex  5.923077e+01  4.000000e+01  1.050000e+01
     vertex  5.923077e+01  4.000000e+01  6.000000e+00
   endloop
 endfacet
 facet normal  0.000000e+00 -1.000000e+00 -0.000000e+00
   outer loop
     vertex  6.938462e+01  4.000000e+01  4.500000e+00
     vertex  6.638462e+01  4.000000e+01  3.000000e+00
     vertex  6.938462e+01  4.000000e+01  3.000000e+00
   endloop
 endfacet
 facet normal -0.000000e+00 -1.000000e+00  0.000000e+00
   outer loop
     vertex  6.938462e+01  4.000000e+01  4.500000e+00
     vertex  6.638462e+01  4.000000e+01  4.500000e+00
     vertex  6.638462e+01  4.000000e+01  3.000000e+00
   endloop
 endfacet
 facet normal -0.000000e+00 -1.000000e+00  0.000000e+00
   outer loop
     vertex  6.938462e+01  4.000000e+01  6.000000e+00
     vertex  6.638462e+01  4.000000e+01  6.000000e+00
     vertex  6.638462e+01  4.000000e+01  4.500000e+00
   endloop
 endfacet
 facet normal  0.000000e+00 -1.000000e+00 -0.000000e+00
   outer loop
     vertex  6.938462e+01  4.000000e+01  6.000000e+00
     vertex  6.638462e+01  4.000000e+01  4.500000e+00
     vertex  6.938462e+01  4.000000e+01  4.500000e+00
   endloop
 endfacet
 facet normal  0.000000e+00 -1.000000e+00 -0.000000e+00
   outer loop
     vertex  7.353846e+01  4.000000e+01  6.000000e+00
     vertex  6.938462e+01  4.000000e+01  4.500000e+00
     vertex  7.353846e+01  4.000000e+01  4.500000e+00
   endloop
 endfacet
 facet normal -0.000000e+00 -1.000000e+00  0.000000e+00
   outer loop
     vertex  7.353846e+01  4.000000e+01  6.000000e+00
     vertex  6.938462e+01  4.000000e+01  6.000000e+00
     vertex  6.938462e+01  4.000000e+01  4.500000e+00
   endloop
 endfacet
 facet normal  0.000000e+00 -1.000000e+00 -0.000000e+00
   outer loop
     vertex  6.938462e+01  4.000000e+01  1.050000e+01
     vertex  6.638462e+01  4.000000e+01  6.000000e+00
     vertex  6.938462e+01  4.000000e+01  6.000000e+00
   endloop
 endfacet
 facet normal -0.000000e+00 -1.000000e+00  0.000000e+00
   outer loop
     vertex  6.938462e+01  4.000000e+01  1.050000e+01
     vertex  6.638462e+01  4.000000e+01  1.050000e+01
     vertex  6.638462e+01  4.000000e+01  6.000000e+00
   endloop
 endfacet
 facet normal  0.000000e+00 -1.000000e+00 -0.000000e+00
   outer loop
     vertex  7.653846e+01  4.000000e+01  4.500000e+00
     vertex  7.353846e+01  4.000000e+01  3.000000e+00
     vertex  7.653846e+01  4.000000e+01  3.000000e+00
   endloop
 endfacet
 facet normal -0.000000e+00 -1.000000e+00  0.000000e+00
   outer loop
     vertex  7.653846e+01  4.000000e+01  4.500000e+00
     vertex  7.353846e+01  4.000000e+01  4.500000e+00
     vertex  7.353846e+01  4.000000e+01  3.000000e+00
   endloop
 endfacet
 facet normal -0.000000e+00 -1.000000e+00  0.000000e+00
   outer loop
     vertex  7.653846e+01  4.000000e+01  6.000000e+00
     vertex  7.353846e+01  4.000000e+01  6.000000e+00
     vertex  7.353846e+01  4.000000e+01  4.500000e+00
   endloop
 endfacet
 facet normal  0.000000e+00 -1.000000e+00 -0.000000e+00
   outer loop
     vertex  7.653846e+01  4.000000e+01  6.000000e+00
     vertex  7.353846e+01  4.000000e+01  4.500000e+00
     vertex  7.653846e+01  4.000000e+01  4.500000e+00
   endloop
 endfacet
 facet normal  0.000000e+00 -1.000000e+00  0.000000e+00
   outer loop
     vertex  8.369231e+01  4.000000e+01  3.000000e+00
     vertex  8.069231e+01  4.000000e+01  4.500000e+00
     vertex  8.069231e+01  4.000000e+01  3.000000e+00
   endloop
 endfacet
 facet normal  0.000000e+00 -1.000000e+00 -0.000000e+00
   outer loop
     vertex  8.069231e+01  4.000000e+01  6.000000e+00
     vertex  7.653846e+01  4.000000e+01  4.500000e+00
     vertex  8.069231e+01  4.000000e+01  4.500000e+00
   endloop
 endfacet
 facet normal -0.000000e+00 -1.000000e+00  0.000000e+00
   outer loop
     vertex  8.069231e+01  4.000000e+01  6.000000e+00
     vertex  7.653846e+01  4.000000e+01  6.000000e+00
     vertex  7.653846e+01  4.000000e+01  4.500000e+00
   endloop
 endfacet
 facet normal  0.000000e+00 -1.000000e+00 -0.000000e+00
   outer loop
     vertex  7.653846e+01  4.000000e+01  1.050000e+01
     vertex  7.353846e+01  4.000000e+01  6.000000e+00
     vertex  7.653846e+01  4.000000e+01  6.000000e+00
   endloop
 endfacet
 facet normal -0.000000e+00 -1.000000e+00  0.000000e+00
   outer loop
     vertex  7.653846e+01  4.000000e+01  1.050000e+01
     vertex  7.353846e+01  4.000000e+01  1.050000e+01
     vertex  7.353846e+01  4.000000e+01  6.000000e+00
   endloop
 endfacet
 facet normal  0.000000e+00 -1.000000e+00  0.000000e+00
   outer loop
     vertex  8.369231e+01  4.000000e+01  4.500000e+00
     vertex  8.069231e+01  4.000000e+01  6.000000e+00
     vertex  8.069231e+01  4.000000e+01  4.500000e+00
   endloop
 endfacet
 facet normal -0.000000e+00 -1.000000e+00 -0.000000e+00
   outer loop
     vertex  8.369231e+01  4.000000e+01  4.500000e+00
     vertex  8.069231e+01  4.000000e+01  4.500000e+00
     vertex  8.369231e+01  4.000000e+01  3.000000e+00
   endloop
 endfacet
 facet normal -0.000000e+00 -1.000000e+00 -0.000000e+00
   outer loop
     vertex  8.369231e+01  4.000000e+01  6.000000e+00
     vertex  8.069231e+01  4.000000e+01  6.000000e+00
     vertex  8.369231e+01  4.000000e+01  4.500000e+00
   endloop
 endfacet
 facet normal  0.000000e+00 -1.000000e+00 -0.000000e+00
   outer loop
     vertex  8.784615e+01  4.000000e+01  6.000000e+00
     vertex  8.369231e+01  4.000000e+01  4.500000e+00
     vertex  8.784615e+01  4.000000e+01  4.500000e+00
   endloop
 endfacet
 facet normal -0.000000e+00 -1.000000e+00  0.000000e+00
   outer loop
     vertex  8.784615e+01  4.000000e+01  6.000000e+00
     vertex  8.369231e+01  4.000000e+01  6.000000e+00
     vertex  8.369231e+01  4.000000e+01  4.500000e+00
   endloop
 endfacet
 facet normal  0.000000e+00 -1.000000e+00 -0.000000e+00
   outer loop
     vertex  8.369231e+01  4.000000e+01  1.050000e+01
     vertex  8.069231e+01  4.000000e+01  6.000000e+00
     vertex  8.369231e+01  4.000000e+01  6.000000e+00
   endloop
 endfacet
 facet normal -0.000000e+00 -1.000000e+00  0.000000e+00
   outer loop
     vertex  8.369231e+01  4.000000e+01  1.050000e+01
     vertex  8.069231e+01  4.000000e+01  1.050000e+01
     vertex  8.069231e+01  4.000000e+01  6.000000e+00
   endloop
 endfacet
 facet normal  0.000000e+00 -1.000000e+00 -0.000000e+00
   outer loop
     vertex  9.084615e+01  4.000000e+01  4.500000e+00
     vertex  8.784615e+01  4.000000e+01  3.000000e+00
     vertex  9.084615e+01  4.000000e+01  3.000000e+00
   endloop
 endfacet
 facet normal -0.000000e+00 -1.000000e+00  0.000000e+00
   outer loop
     vertex  9.084615e+01  4.000000e+01  4.500000e+00
     vertex  8.784615e+01  4.000000e+01  4.500000e+00
     vertex  8.784615e+01  4.000000e+01  3.000000e+00
   endloop
 endfacet
 facet normal  0.000000e+00 -1.000000e+00 -0.000000e+00
   outer loop
     vertex  9.084615e+01  4.000000e+01  6.000000e+00
     vertex  8.784615e+01  4.000000e+01  4.500000e+00
     vertex  9.084615e+01  4.000000e+01  4.500000e+00
   endloop
 endfacet
 facet normal -0.000000e+00 -1.000000e+00  0.000000e+00
   outer loop
     vertex  9.084615e+01  4.000000e+01  6.000000e+00
     vertex  8.784615e+01  4.000000e+01  6.000000e+00
     vertex  8.784615e+01  4.000000e+01  4.500000e+00
   endloop
 endfacet
 facet normal  0.000000e+00 -1.000000e+00  0.000000e+00
   outer loop
     vertex  8.784615e+01  4.000000e+01  1.050000e+01
     vertex  8.784615e+01  4.000000e+01  6.000000e+00
     vertex  9.084615e+01  4.000000e+01  6.000000e+00
   endloop
 endfacet
 facet normal  0.000000e+00 -1.000000e+00  0.000000e+00
   outer loop
     vertex  9.800000e+01  4.000000e+01  3.000000e+00
     vertex  9.500000e+01  4.000000e+01  4.500000e+00
     vertex  9.500000e+01  4.000000e+01  3.000000e+00
   endloop
 endfacet
 facet normal  0.000000e+00 -1.000000e+00 -0.000000e+00
   outer loop
     vertex  9.500000e+01  4.000000e+01  6.000000e+00
     vertex  9.084615e+01  4.000000e+01  4.500000e+00
     vertex  9.500000e+01  4.000000e+01  4.500000e+00
   endloop
 endfacet
 facet normal -0.000000e+00 -1.000000e+00  0.000000e+00
   outer loop
     vertex  9.500000e+01  4.000000e+01  6.000000e+00
     vertex  9.084615e+01  4.000000e+01  6.000000e+00
     vertex  9.084615e+01  4.000000e+01  4.500000e+00
   endloop
 endfacet
 facet normal  0.000000e+00 -1.000000e+00  0.000000e+00
   outer loop
     vertex  9.500000e+01  4.000000e+01  6.000000e+00
     vertex  9.500000e+01  4.000000e+01  4.500000e+00
     vertex  9.800000e+01  4.000000e+01  3.000000e+00
   endloop
 endfacet
 facet normal -0.000000e+00 -1.000000e+00 -0.000000e+00
   outer loop
     vertex  9.084615e+01  4.000000e+01  1.050000e+01
     vertex  8.784615e+01  4.000000e+01  1.050000e+01
     vertex  9.084615e+01  4.000000e+01  6.000000e+00
   endloop
 endfacet
 facet normal  0.000000e+00 -1.000000e+00  0.000000e+00
   outer loop
     vertex  9.800000e+01  4.000000e+01  1.200000e+01
     vertex  8.369231e+01  4.000000e+01  1.050000e+01
     vertex  8.784615e+01  4.000000e+01  1.050000e+01
   endloop
 endfacet
 facet normal  0.000000e+00 -1.000000e+00  0.000000e+00
   outer loop
     vertex  9.800000e+01  4.000000e+01  1.200000e+01
     vertex  8.069231e+01  4.000000e+01  1.050000e+01
     vertex  8.369231e+01  4.000000e+01  1.050000e+01
   endloop
 endfacet
 facet normal  0.000000e+00 -1.000000e+00  0.000000e+00
   outer loop
     vertex  9.800000e+01  4.000000e+01  1.200000e+01
     vertex  9.500000e+01  4.000000e+01  1.050000e+01
     vertex  9.500000e+01  4.000000e+01  6.000000e+00
   endloop
 endfacet
 facet normal  0.000000e+00 -1.000000e+00  0.000000e+00
   outer loop
     vertex  9.800000e+01  4.000000e+01  1.200000e+01
     vertex  9.084615e+01  4.000000e+01  1.050000e+01
     vertex  9.500000e+01  4.000000e+01  1.050000e+01
   endloop
 endfacet
 facet normal  0.000000e+00 -1.000000e+00  0.000000e+00
   outer loop
     vertex  9.800000e+01  4.000000e+01  1.200000e+01
     vertex  8.784615e+01  4.000000e+01  1.050000e+01
     vertex  9.084615e+01  4.000000e+01  1.050000e+01
   endloop
 endfacet
 facet normal  0.000000e+00 -1.000000e+00 -0.000000e+00
   outer loop
     vertex  9.800000e+01  4.000000e+01  1.200000e+01
     vertex  9.500000e+01  4.000000e+01  6.000000e+00
     vertex  9.800000e+01  4.000000e+01  3.000000e+00
   endloop
 endfacet
 facet normal  0.000000e+00 -1.000000e+00  0.000000e+00
   outer loop
     vertex  2.000000e+00  4.000000e+01  1.200000e+01
     vertex  8.069231e+01  4.000000e+01  1.050000e+01
     vertex  9.800000e+01  4.000000e+01  1.200000e+01
   endloop
 endfacet
 facet normal  0.000000e+00 -1.000000e+00  0.000000e+00
   outer loop
     vertex  2.000000e+00  4.000000e+01  1.200000e+01
     vertex  7.653846e+01  4.000000e+01  1.050000e+01
     vertex  8.069231e+01  4.000000e+01  1.050000e+01
   endloop
 endfacet
 facet normal  0.000000e+00 -1.000000e+00  0.000000e+00
   outer loop
     vertex  2.000000e+00  4.000000e+01  1.200000e+01
     vertex  7.353846e+01  4.000000e+01  1.050000e+01
     vertex  7.653846e+01  4.000000e+01  1.050000e+01
   endloop
 endfacet
 facet normal  0.000000e+00 -1.000000e+00  0.000000e+00
   outer loop
     vertex  2.000000e+00  4.000000e+01  1.200000e+01
     vertex  6.938462e+01  4.000000e+01  1.050000e+01
     vertex  7.353846e+01  4.000000e+01  1.050000e+01
   endloop
 endfacet
 facet normal  0.000000e+00 -1.000000e+00  0.000000e+00
   outer loop
     vertex  2.000000e+00  4.000000e+01  1.200000e+01
     vertex  6.638462e+01  4.000000e+01  1.050000e+01
     vertex  6.938462e+01  4.000000e+01  1.050000e+01
   endloop
 endfacet
 facet normal  0.000000e+00 -1.000000e+00  0.000000e+00
   outer loop
     vertex  2.000000e+00  4.000000e+01  1.200000e+01
     vertex  6.223077e+01  4.000000e+01  1.050000e+01
     vertex  6.638462e+01  4.000000e+01  1.050000e+01
   endloop
 endfacet
 facet normal  0.000000e+00 -1.000000e+00  0.000000e+00
   outer loop
     vertex  2.000000e+00  4.000000e+01  1.200000e+01
     vertex  5.923077e+01  4.000000e+01  1.050000e+01
     vertex  6.223077e+01  4.000000e+01  1.050000e+01
   endloop
 endfacet
 facet normal  0.000000e+00 -1.000000e+00  0.000000e+00
   outer loop
     vertex  2.000000e+00  4.000000e+01  1.200000e+01
     vertex  5.507692e+01  4.000000e+01  1.050000e+01
     vertex  5.923077e+01  4.000000e+01  1.050000e+01
   endloop
 endfacet
 facet normal  0.000000e+00 -1.000000e+00  0.000000e+00
   outer loop
     vertex  2.000000e+00  4.000000e+01  1.200000e+01
     vertex  5.207692e+01  4.000000e+01  1.050000e+01
     vertex  5.507692e+01  4.000000e+01  1.050000e+01
   endloop
 endfacet
 facet normal  0.000000e+00 -1.000000e+00  0.000000e+00
   outer loop
     vertex  2.000000e+00  4.000000e+01  1.200000e+01
     vertex  4.792308e+01  4.000000e+01  1.050000e+01
     vertex  5.207692e+01  4.000000e+01  1.050000e+01
   endloop
 endfacet
 facet normal  0.000000e+00 -1.000000e+00  0.000000e+00
   outer loop
     vertex  2.000000e+00  4.000000e+01  1.200000e+01
     vertex  4.492308e+01  4.000000e+01  1.050000e+01
     vertex  4.792308e+01  4.000000e+01  1.050000e+01
   endloop
 endfacet
 facet normal  0.000000e+00 -1.000000e+00  0.000000e+00
   outer loop
     vertex  2.000000e+00  4.000000e+01  1.200000e+01
     vertex  4.076923e+01  4.000000e+01  1.050000e+01
     vertex  4.492308e+01  4.000000e+01  1.050000e+01
   endloop
 endfacet
 facet normal  0.000000e+00 -1.000000e+00  0.000000e+00
   outer loop
     vertex  2.000000e+00  4.000000e+01  1.200000e+01
     vertex  3.776923e+01  4.000000e+01  1.050000e+01
     vertex  4.076923e+01  4.000000e+01  1.050000e+01
   endloop
 endfacet
 facet normal  0.000000e+00 -1.000000e+00  0.000000e+00
   outer loop
     vertex  2.000000e+00  4.000000e+01  1.200000e+01
     vertex  3.361538e+01  4.000000e+01  1.050000e+01
     vertex  3.776923e+01  4.000000e+01  1.050000e+01
   endloop
 endfacet
 facet normal  0.000000e+00 -1.000000e+00  0.000000e+00
   outer loop
     vertex  2.000000e+00  4.000000e+01  1.200000e+01
     vertex  3.061538e+01  4.000000e+01  1.050000e+01
     vertex  3.361538e+01  4.000000e+01  1.050000e+01
   endloop
 endfacet
 facet normal  0.000000e+00 -1.000000e+00  0.000000e+00
   outer loop
     vertex  2.000000e+00  4.000000e+01  1.200000e+01
     vertex  2.646154e+01  4.000000e+01  1.050000e+01
     vertex  3.061538e+01  4.000000e+01  1.050000e+01
   endloop
 endfacet
 facet normal  0.000000e+00 -1.000000e+00  0.000000e+00
   outer loop
     vertex  2.000000e+00  4.000000e+01  1.200000e+01
     vertex  2.346154e+01  4.000000e+01  1.050000e+01
     vertex  2.646154e+01  4.000000e+01  1.050000e+01
   endloop
 endfacet
 facet normal  0.000000e+00 -1.000000e+00  0.000000e+00
   outer loop
     vertex  2.000000e+00  4.000000e+01  1.200000e+01
     vertex  1.930769e+01  4.000000e+01  1.050000e+01
     vertex  2.346154e+01  4.000000e+01  1.050000e+01
   endloop
 endfacet
 facet normal  0.000000e+00 -1.000000e+00  0.000000e+00
   outer loop
     vertex  2.000000e+00  4.000000e+01  1.200000e+01
     vertex  1.630769e+01  4.000000e+01  1.050000e+01
     vertex  1.930769e+01  4.000000e+01  1.050000e+01
   endloop
 endfacet
 facet normal -0.000000e+00  0.000000e+00 -1.000000e+00
   outer loop
     vertex  5.000000e+00  4.200000e+01  3.000000e+00
     vertex  2.000000e+00  4.000000e+01  3.000000e+00
     vertex  2.000000e+00  4.200000e+01  3.000000e+00
   endloop
 endfacet
 facet normal  0.000000e+00 -0.000000e+00 -1.000000e+00
   outer loop
     vertex  5.000000e+00  4.200000e+01  3.000000e+00
     vertex  5.000000e+00  4.000000e+01  3.000000e+00
     vertex  2.000000e+00  4.000000e+01  3.000000e+00
   endloop
 endfacet
 facet normal  1.000000e+00  0.000000e+00  0.000000e+00
   outer loop
     vertex  5.000000e+00  4.000000e+01  4.500000e+00
     vertex  5.000000e+00  4.000000e+01  3.000000e+00
     vertex  5.000000e+00  4.200000e+01  3.000000e+00
   endloop
 endfacet
 facet normal  1.000000e+00 -0.000000e+00  0.000000e+00
   outer loop
     vertex  5.000000e+00  4.000000e+01  4.500000e+00
     vertex  5.000000e+00  4.200000e+01  3.000000e+00
     vertex  5.000000e+00  4.200000e+01  4.500000e+00
   endloop
 endfacet
 facet normal -0.000000e+00  0.000000e+00 -1.000000e+00
   outer loop
     vertex  9.153846e+00  4.200000e+01  4.500000e+00
     vertex  5.000000e+00  4.000000e+01  4.500000e+00
     vertex  5.000000e+00  4.200000e+01  4.500000e+00
   endloop
 endfacet
 facet normal  0.000000e+00 -0.000000e+00 -1.000000e+00
   outer loop
     vertex  9.153846e+00  4.200000e+01  4.500000e+00
     vertex  9.153846e+00  4.000000e+01  4.500000e+00
     vertex  5.000000e+00  4.000000e+01  4.500000e+00
   endloop
 endfacet
 facet normal -1.000000e+00  0.000000e+00  0.000000e+00
   outer loop
     vertex  9.153846e+00  4.000000e+01  4.500000e+00
     vertex  9.153846e+00  4.200000e+01  3.000000e+00
     vertex  9.153846e+00  4.000000e+01  3.000000e+00
   endloop
 endfacet
 facet normal -1.000000e+00  0.000000e+00  0.000000e+00
   outer loop
     vertex  9.153846e+00  4.000000e+01  4.500000e+00
     vertex  9.153846e+00  4.200000e+01  4.500000e+00
     vertex  9.153846e+00  4.200000e+01  3.000000e+00
   endloop
 endfacet
 facet normal -0.000000e+00  0.000000e+00 -1.000000e+00
   outer loop
     vertex  1.215385e+01  4.200000e+01  3.000000e+00
     vertex  9.153846e+00  4.000000e+01  3.000000e+00
     vertex  9.153846e+00  4.200000e+01  3.000000e+00
   endloop
 endfacet
 facet normal  0.000000e+00 -0.000000e+00 -1.000000e+00
   outer loop
     vertex  1.215385e+01  4.200000e+01  3.000000e+00
     vertex  1.215385e+01  4.000000e+01  3.000000e+00
     vertex  9.153846e+00  4.000000e+01  3.000000e+00
   endloop
 endfacet
 facet normal  1.000000e+00  0.000000e+00  0.000000e+00
   outer loop
     vertex  1.215385e+01  4.000000e+01  4.500000e+00
     vertex  1.215385e+01  4.000000e+01  3.000000e+00
     vertex  1.215385e+01  4.200000e+01  3.000000e+00
   endloop
 endfacet
 facet normal  1.000000e+00 -0.000000e+00  0.000000e+00
   outer loop
     vertex  1.215385e+01  4.000000e+01  4.500000e+00
     vertex  1.215385e+01  4.200000e+01  3.000000e+00
     vertex  1.215385e+01  4.200000e+01  4.500000e+00
   endloop
 endfacet
 facet normal -0.000000e+00  0.000000e+00 -1.000000e+00
   outer loop
     vertex  1.630769e+01  4.200000e+01  4.500000e+00
     vertex  1.215385e+01  4.000000e+01  4.500000e+00
     vertex  1.215385e+01  4.200000e+01  4.500000e+00
   endloop
 endfacet
 facet normal  0.000000e+00 -0.000000e+00 -1.000000e+00
   outer loop
     vertex  1.630769e+01  4.200000e+01  4.500000e+00
     vertex  1.630769e+01  4.000000e+01  4.500000e+00
     vertex  1.215385e+01  4.000000e+01  4.500000e+00
   endloop
 endfacet
 facet normal -1.000000e+00  0.000000e+00  0.000000e+00
   outer loop
     vertex  1.630769e+01  4.000000e+01  4.500000e+00
     vertex  1.630769e+01  4.200000e+01  3.000000e+00
     vertex  1.630769e+01  4.000000e+01  3.000000e+00
   endloop
 endfacet
 facet normal -1.000000e+00  0.000000e+00  0.000000e+00
   outer loop
     vertex  1.630769e+01  4.000000e+01  4.500000e+00
     vertex  1.630769e+01  4.200000e+01  4.500000e+00
     vertex  1.630769e+01  4.200000e+01  3.000000e+00
   endloop
 endfacet
 facet normal -0.000000e+00  0.000000e+00 -1.000000e+00
   outer loop
     vertex  1.930769e+01  4.200000e+01  3.000000e+00
     vertex  1.630769e+01  4.000000e+01  3.000000e+00
     vertex  1.630769e+01  4.200000e+01  3.000000e+00
   endloop
 endfacet
 facet normal  0.000000e+00 -0.000000e+00 -1.000000e+00
   outer loop
     vertex  1.930769e+01  4.200000e+01  3.000000e+00
     vertex  1.930769e+01  4.000000e+01  3.000000e+00
     vertex  1.630769e+01  4.000000e+01  3.000000e+00
   endloop
 endfacet
 facet normal  1.000000e+00  0.000000e+00  0.000000e+00
   outer loop
     vertex  1.930769e+01  4.000000e+01  4.500000e+00
     vertex  1.930769e+01  4.000000e+01  3.000000e+00
     vertex  1.930769e+01  4.200000e+01  3.000000e+00
   endloop
 endfacet
 facet normal  1.000000e+00 -0.000000e+00  0.000000e+00
   outer loop
     vertex  1.930769e+01  4.000000e+01  4.500000e+00
     vertex  1.930769e+01  4.200000e+01  3.000000e+00
     vertex  1.930769e+01  4.200000e+01  4.500000e+00
   endloop
 endfacet
 facet normal -0.000000e+00  0.000000e+00 -1.000000e+00
   outer loop
     vertex  2.346154e+01  4.200000e+01  4.500000e+00
     vertex  1.930769e+01  4.000000e+01  4.500000e+00
     vertex  1.930769e+01  4.200000e+01  4.500000e+00
   endloop
 endfacet
 facet normal  0.000000e+00 -0.000000e+00 -1.000000e+00
   outer loop
     vertex  2.346154e+01  4.200000e+01  4.500000e+00
     vertex  2.346154e+01  4.000000e+01  4.500000e+00
     vertex  1.930769e+01  4.000000e+01  4.500000e+00
   endloop
 endfacet
 facet normal -1.000000e+00  0.000000e+00  0.000000e+00
   outer loop
     vertex  2.346154e+01  4.000000e+01  4.500000e+00
     vertex  2.346154e+01  4.200000e+01  3.000000e+00
     vertex  2.346154e+01  4.000000e+01  3.000000e+00
   endloop
 endfacet
 facet normal -1.000000e+00  0.000000e+00  0.000000e+00
   outer loop
     vertex  2.346154e+01  4.000000e+01  4.500000e+00
     vertex  2.346154e+01  4.200000e+01  4.500000e+00
     vertex  2.346154e+01  4.200000e+01  3.000000e+00
   endloop
 endfacet
 facet normal -0.000000e+00  0.000000e+00 -1.000000e+00
   outer loop
     vertex  2.646154e+01  4.200000e+01  3.000000e+00
     vertex  2.346154e+01  4.000000e+01  3.000000e+00
     vertex  2.346154e+01  4.200000e+01  3.000000e+00
   endloop
 endfacet
 facet normal  0.000000e+00 -0.000000e+00 -1.000000e+00
   outer loop
     vertex  2.646154e+01  4.200000e+01  3.000000e+00
     vertex  2.646154e+01  4.000000e+01  3.000000e+00
     vertex  2.346154e+01  4.000000e+01  3.000000e+00
   endloop
 endfacet
 facet normal  1.000000e+00  0.000000e+00  0.000000e+00
   outer loop
     vertex  2.646154e+01  4.000000e+01  4.500000e+00
     vertex  2.646154e+01  4.000000e+01  3.000000e+00
     vertex  2.646154e+01  4.200000e+01  3.000000e+00
   endloop
 endfacet
 facet normal  1.000000e+00 -0.000000e+00  0.000000e+00
   outer loop
     vertex  2.646154e+01  4.000000e+01  4.500000e+00
     vertex  2.646154e+01  4.200000e+01  3.000000e+00
     vertex  2.646154e+01  4.200000e+01  4.500000e+00
   endloop
 endfacet
 facet normal -0.000000e+00  0.000000e+00 -1.000000e+00
   outer loop
     vertex  3.061538e+01  4.200000e+01  4.500000e+00
     vertex  2.646154e+01  4.000000e+01  4.500000e+00
     vertex  2.646154e+01  4.200000e+01  4.500000e+00
   endloop
 endfacet
 facet normal  0.000000e+00 -0.000000e+00 -1.000000e+00
   outer loop
     vertex  3.061538e+01  4.200000e+01  4.500000e+00
     vertex  3.061538e+01  4.000000e+01  4.500000e+00
     vertex  2.646154e+01  4.000000e+01  4.500000e+00
   endloop
 endfacet
 facet normal -1.000000e+00  0.000000e+00  0.000000e+00
   outer loop
     vertex  3.061538e+01  4.000000e+01  4.500000e+00
     vertex  3.061538e+01  4.200000e+01  3.000000e+00
     vertex  3.061538e+01  4.000000e+01  3.000000e+00
   endloop
 endfacet
 facet normal -1.000000e+00  0.000000e+00  0.000000e+00
   outer loop
     vertex  3.061538e+01  4.000000e+01  4.500000e+00
     vertex  3.061538e+01  4.200000e+01  4.500000e+00
     vertex  3.061538e+01  4.200000e+01  3.000000e+00
   endloop
 endfacet
 facet normal -0.000000e+00  0.000000e+00 -1.000000e+00
   outer loop
     vertex  3.361538e+01  4.200000e+01  3.000000e+00
     vertex  3.061538e+01  4.000000e+01  3.000000e+00
     vertex  3.061538e+01  4.200000e+01  3.000000e+00
   endloop
 endfacet
 facet normal  0.000000e+00 -0.000000e+00 -1.000000e+00
   outer loop
     vertex  3.361538e+01  4.200000e+01  3.000000e+00
     vertex  3.361538e+01  4.000000e+01  3.000000e+00
     vertex  3.061538e+01  4.000000e+01  3.000000e+00
   endloop
 endfacet
 facet normal  1.000000e+00  0.000000e+00  0.000000e+00
   outer loop
     vertex  3.361538e+01  4.000000e+01  4.500000e+00
     vertex  3.361538e+01  4.000000e+01  3.000000e+00
     vertex  3.361538e+01  4.200000e+01  3.000000e+00
   endloop
 endfacet
 facet normal  1.000000e+00 -0.000000e+00  0.000000e+00
   outer loop
     vertex  3.361538e+01  4.000000e+01  4.500000e+00
     vertex  3.361538e+01  4.200000e+01  3.000000e+00
     vertex  3.361538e+01  4.200000e+01  4.500000e+00
   endloop
 endfacet
 facet normal -0.000000e+00  0.000000e+00 -1.000000e+00
   outer loop
     vertex  3.776923e+01  4.200000e+01  4.500000e+00
     vertex  3.361538e+01  4.000000e+01  4.500000e+00
     vertex  3.361538e+01  4.200000e+01  4.500000e+00
   endloop
 endfacet
 facet normal  0.000000e+00 -0.000000e+00 -1.000000e+00
   outer loop
     vertex  3.776923e+01  4.200000e+01  4.500000e+00
     vertex  3.776923e+01  4.000000e+01  4.500000e+00
     vertex  3.361538e+01  4.000000e+01  4.500000e+00
   endloop
 endfacet
 facet normal -1.000000e+00  0.000000e+00  0.000000e+00
   outer loop
     vertex  3.776923e+01  4.000000e+01  4.500000e+00
     vertex  3.776923e+01  4.200000e+01  3.000000e+00
     vertex  3.776923e+01  4.000000e+01  3.000000e+00
   endloop
 endfacet
 facet normal -1.000000e+00  0.000000e+00  0.000000e+00
   outer loop
     vertex  3.776923e+01  4.000000e+01  4.500000e+00
     vertex  3.776923e+01  4.200000e+01  4.500000e+00
     vertex  3.776923e+01  4.200000e+01  3.000000e+00
   endloop
 endfacet
 facet normal -0.000000e+00  0.000000e+00 -1.000000e+00
   outer loop
     vertex  4.076923e+01  4.200000e+01  3.000000e+00
     vertex  3.776923e+01  4.000000e+01  3.000000e+00
     vertex  3.776923e+01  4.200000e+01  3.000000e+00
   endloop
 endfacet
 facet normal  0.000000e+00 -0.000000e+00 -1.000000e+00
   outer loop
     vertex  4.076923e+01  4.200000e+01  3.000000e+00
     vertex  4.076923e+01  4.000000e+01  3.000000e+00
     vertex  3.776923e+01  4.000000e+01  3.000000e+00
   endloop
 endfacet
 facet normal  1.000000e+00  0.000000e+00  0.000000e+00
   outer loop
     vertex  4.076923e+01  4.000000e+01  4.500000e+00
     vertex  4.076923e+01  4.000000e+01  3.000000e+00
     vertex  4.076923e+01  4.200000e+01  3.000000e+00
   endloop
 endfacet
 facet normal  1.000000e+00 -0.000000e+00  0.000000e+00
   outer loop
     vertex  4.076923e+01  4.000000e+01  4.500000e+00
     vertex  4.076923e+01  4.200000e+01  3.000000e+00
     vertex  4.076923e+01  4.200000e+01  4.500000e+00
   endloop
 endfacet
 facet normal -0.000000e+00  0.000000e+00 -1.000000e+00
   outer loop
     vertex  4.492308e+01  4.200000e+01  4.500000e+00
     vertex  4.076923e+01  4.000000e+01  4.500000e+00
     vertex  4.076923e+01  4.200000e+01  4.500000e+00
   endloop
 endfacet
 facet normal  0.000000e+00 -0.000000e+00 -1.000000e+00
   outer loop
     vertex  4.492308e+01  4.200000e+01  4.500000e+00
     vertex  4.492308e+01  4.000000e+01  4.500000e+00
     vertex  4.076923e+01  4.000000e+01  4.500000e+00
   endloop
 endfacet
 facet normal -1.000000e+00  0.000000e+00  0.000000e+00
   outer loop
     vertex  4.492308e+01  4.000000e+01  4.500000e+00
     vertex  4.492308e+01  4.200000e+01  3.000000e+00
     vertex  4.492308e+01  4.000000e+01  3.000000e+00
   endloop
 endfacet
 facet normal -1.000000e+00  0.000000e+00  0.000000e+00
   outer loop
     vertex  4.492308e+01  4.000000e+01  4.500000e+00
     vertex  4.492308e+01  4.200000e+01  4.500000e+00
     vertex  4.492308e+01  4.200000e+01  3.000000e+00
   endloop
 endfacet
 facet normal -0.000000e+00  0.000000e+00 -1.000000e+00
   outer loop
     vertex  4.792308e+01  4.200000e+01  3.000000e+00
     vertex  4.492308e+01  4.000000e+01  3.000000e+00
     vertex  4.492308e+01  4.200000e+01  3.000000e+00
   endloop
 endfacet
 facet normal  0.000000e+00 -0.000000e+00 -1.000000e+00
   outer loop
     vertex  4.792308e+01  4.200000e+01  3.000000e+00
     vertex  4.792308e+01  4.000000e+01  3.000000e+00
     vertex  4.492308e+01  4.000000e+01  3.000000e+00
   endloop
 endfacet
 facet normal  1.000000e+00  0.000000e+00  0.000000e+00
   outer loop
     vertex  4.792308e+01  4.000000e+01  4.500000e+00
     vertex  4.792308e+01  4.000000e+01  3.000000e+00
     vertex  4.792308e+01  4.200000e+01  3.000000e+00
   endloop
 endfacet
 facet normal  1.000000e+00 -0.000000e+00  0.000000e+00
   outer loop
     vertex  4.792308e+01  4.000000e+01  4.500000e+00
     vertex  4.792308e+01  4.200000e+01  3.000000e+00
     vertex  4.792308e+01  4.200000e+01  4.500000e+00
   endloop
 endfacet
 facet normal -0.000000e+00  0.000000e+00 -1.000000e+00
   outer loop
     vertex  5.207692e+01  4.200000e+01  4.500000e+00
     vertex  4.792308e+01  4.000000e+01  4.500000e+00
     vertex  4.792308e+01  4.200000e+01  4.500000e+00
   endloop
 endfacet
 facet normal  0.000000e+00 -0.000000e+00 -1.000000e+00
   outer loop
     vertex  5.207692e+01  4.200000e+01  4.500000e+00
     vertex  5.207692e+01  4.000000e+01  4.500000e+00
     vertex  4.792308e+01  4.000000e+01  4.500000e+00
   endloop
 endfacet
 facet normal -1.000000e+00  0.000000e+00  0.000000e+00
   outer loop
     vertex  5.207692e+01  4.000000e+01  4.500000e+00
     vertex  5.207692e+01  4.200000e+01  3.000000e+00
     vertex  5.207692e+01  4.000000e+01  3.000000e+00
   endloop
 endfacet
 facet normal -1.000000e+00  0.000000e+00  0.000000e+00
   outer loop
     vertex  5.207692e+01  4.000000e+01  4.500000e+00
     vertex  5.207692e+01  4.200000e+01  4.500000e+00
     vertex  5.207692e+01  4.200000e+01  3.000000e+00
   endloop
 endfacet
 facet normal -0.000000e+00  0.000000e+00 -1.000000e+00
   outer loop
     vertex  5.507692e+01  4.200000e+01  3.000000e+00
     vertex  5.207692e+01  4.000000e+01  3.000000e+00
     vertex  5.207692e+01  4.200000e+01  3.000000e+00
   endloop
 endfacet
 facet normal  0.000000e+00 -0.000000e+00 -1.000000e+00
   outer loop
     vertex  5.507692e+01  4.200000e+01  3.000000e+00
     vertex  5.507692e+01  4.000000e+01  3.000000e+00
     vertex  5.207692e+01  4.000000e+01  3.000000e+00
   endloop
 endfacet
 facet normal  1.000000e+00  0.000000e+00  0.000000e+00
   outer loop
     vertex  5.507692e+01  4.000000e+01  4.500000e+00
     vertex  5.507692e+01  4.000000e+01  3.000000e+00
     vertex  5.507692e+01  4.200000e+01  3.000000e+00
   endloop
 endfacet
 facet normal  1.000000e+00 -0.000000e+00  0.000000e+00
   outer loop
     vertex  5.507692e+01  4.000000e+01  4.500000e+00
     vertex  5.507692e+01  4.200000e+01  3.000000e+00
     vertex  5.507692e+01  4.200000e+01  4.500000e+00
   endloop
 endfacet
 facet normal -0.000000e+00  0.000000e+00 -1.000000e+00
   outer loop
     vertex  5.923077e+01  4.200000e+01  4.500000e+00
     vertex  5.507692e+01  4.000000e+01  4.500000e+00
     vertex  5.507692e+01  4.200000e+01  4.500000e+00
   endloop
 endfacet
 facet normal  0.000000e+00 -0.000000e+00 -1.000000e+00
   outer loop
     vertex  5.923077e+01  4.200000e+01  4.500000e+00
     vertex  5.923077e+01  4.000000e+01  4.500000e+00
     vertex  5.507692e+01  4.000000e+01  4.500000e+00
   endloop
 endfacet
 facet normal -1.000000e+00  0.000000e+00  0.000000e+00
   outer loop
     vertex  5.923077e+01  4.000000e+01  4.500000e+00
     vertex  5.923077e+01  4.200000e+01  3.000000e+00
     vertex  5.923077e+01  4.000000e+01  3.000000e+00
   endloop
 endfacet
 facet normal -1.000000e+00  0.000000e+00  0.000000e+00
   outer loop
     vertex  5.923077e+01  4.000000e+01  4.500000e+00
     vertex  5.923077e+01  4.200000e+01  4.500000e+00
     vertex  5.923077e+01  4.200000e+01  3.000000e+00
   endloop
 endfacet
 facet normal -0.000000e+00  0.000000e+00 -1.000000e+00
   outer loop
     vertex  6.223077e+01  4.200000e+01  3.000000e+00
     vertex  5.923077e+01  4.000000e+01  3.000000e+00
     vertex  5.923077e+01  4.200000e+01  3.000000e+00
   endloop
 endfacet
 facet normal  0.000000e+00 -0.000000e+00 -1.000000e+00
   outer loop
     vertex  6.223077e+01  4.200000e+01  3.000000e+00
     vertex  6.223077e+01  4.000000e+01  3.000000e+00
     vertex  5.923077e+01  4.000000e+01  3.000000e+00
   endloop
 endfacet
 facet normal  1.000000e+00  0.000000e+00  0.000000e+00
   outer loop
     vertex  6.223077e+01  4.000000e+01  4.500000e+00
     vertex  6.223077e+01  4.000000e+01  3.000000e+00
     vertex  6.223077e+01  4.200000e+01  3.000000e+00
   endloop
 endfacet
 facet normal  1.000000e+00 -0.000000e+00  0.000000e+00
   outer loop
     vertex  6.223077e+01  4.000000e+01  4.500000e+00
     vertex  6.223077e+01  4.200000e+01  3.000000e+00
     vertex  6.223077e+01  4.200000e+01  4.500000e+00
   endloop
 endfacet
 facet normal -0.000000e+00  0.000000e+00 -1.000000e+00
   outer loop
     vertex  6.638462e+01  4.200000e+01  4.500000e+00
     vertex  6.223077e+01  4.000000e+01  4.500000e+00
     vertex  6.223077e+01  4.200000e+01  4.500000e+00
   endloop
 endfacet
 facet normal  0.000000e+00 -0.000000e+00 -1.000000e+00
   outer loop
     vertex  6.638462e+01  4.200000e+01  4.500000e+00
     vertex  6.638462e+01  4.000000e+01  4.500000e+00
     vertex  6.223077e+01  4.000000e+01  4.500000e+00
   endloop
 endfacet
 facet normal -1.000000e+00  0.000000e+00  0.000000e+00
   outer loop
     vertex  6.638462e+01  4.000000e+01  4.500000e+00
     vertex  6.638462e+01  4.200000e+01  3.000000e+00
     vertex  6.638462e+01  4.000000e+01  3.000000e+00
   endloop
 endfacet
 facet normal -1.000000e+00  0.000000e+00  0.000000e+00
   outer loop
     vertex  6.638462e+01  4.000000e+01  4.500000e+00
     vertex  6.638462e+01  4.200000e+01  4.500000e+00
     vertex  6.638462e+01  4.200000e+01  3.000000e+00
   endloop
 endfacet
 facet normal -0.000000e+00  0.000000e+00 -1.000000e+00
   outer loop
     vertex  6.938462e+01  4.200000e+01  3.000000e+00
     vertex  6.638462e+01  4.000000e+01  3.000000e+00
     vertex  6.638462e+01  4.200000e+01  3.000000e+00
   endloop
 endfacet
 facet normal  0.000000e+00 -0.000000e+00 -1.000000e+00
   outer loop
     vertex  6.938462e+01  4.200000e+01  3.000000e+00
     vertex  6.938462e+01  4.000000e+01  3.000000e+00
     vertex  6.638462e+01  4.000000e+01  3.000000e+00
   endloop
 endfacet
 facet normal  1.000000e+00  0.000000e+00  0.000000e+00
   outer loop
     vertex  6.938462e+01  4.000000e+01  4.500000e+00
     vertex  6.938462e+01  4.000000e+01  3.000000e+00
     vertex  6.938462e+01  4.200000e+01  3.000000e+00
   endloop
 endfacet
 facet normal  1.000000e+00 -0.000000e+00  0.000000e+00
   outer loop
     vertex  6.938462e+01  4.000000e+01  4.500000e+00
     vertex  6.938462e+01  4.200000e+01  3.000000e+00
     vertex  6.938462e+01  4.200000e+01  4.500000e+00
   endloop
 endfacet
 facet normal -0.000000e+00  0.000000e+00 -1.000000e+00
   outer loop
     vertex  7.353846e+01  4.200000e+01  4.500000e+00
     vertex  6.938462e+01  4.000000e+01  4.500000e+00
     vertex  6.938462e+01  4.200000e+01  4.500000e+00
   endloop
 endfacet
 facet normal  0.000000e+00 -0.000000e+00 -1.000000e+00
   outer loop
     vertex  7.353846e+01  4.200000e+01  4.500000e+00
     vertex  7.353846e+01  4.000000e+01  4.500000e+00
     vertex  6.938462e+01  4.000000e+01  4.500000e+00
   endloop
 endfacet
 facet normal -1.000000e+00  0.000000e+00  0.000000e+00
   outer loop
     vertex  7.353846e+01  4.000000e+01  4.500000e+00
     vertex  7.353846e+01  4.200000e+01  3.000000e+00
     vertex  7.353846e+01  4.000000e+01  3.000000e+00
   endloop
 endfacet
 facet normal -1.000000e+00  0.000000e+00  0.000000e+00
   outer loop
     vertex  7.353846e+01  4.000000e+01  4.500000e+00
     vertex  7.353846e+01  4.200000e+01  4.500000e+00
     vertex  7.353846e+01  4.200000e+01  3.000000e+00
   endloop
 endfacet
 facet normal -0.000000e+00  0.000000e+00 -1.000000e+00
   outer loop
     vertex  7.653846e+01  4.200000e+01  3.000000e+00
     vertex  7.353846e+01  4.000000e+01  3.000000e+00
     vertex  7.353846e+01  4.200000e+01  3.000000e+00
   endloop
 endfacet
 facet normal  0.000000e+00 -0.000000e+00 -1.000000e+00
   outer loop
     vertex  7.653846e+01  4.200000e+01  3.000000e+00
     vertex  7.653846e+01  4.000000e+01  3.000000e+00
     vertex  7.353846e+01  4.000000e+01  3.000000e+00
   endloop
 endfacet
 facet normal  1.000000e+00  0.000000e+00  0.000000e+00
   outer loop
     vertex  7.653846e+01  4.000000e+01  4.500000e+00
     vertex  7.653846e+01  4.000000e+01  3.000000e+00
     vertex  7.653846e+01  4.200000e+01  3.000000e+00
   endloop
 endfacet
 facet normal  1.000000e+00 -0.000000e+00  0.000000e+00
   outer loop
     vertex  7.653846e+01  4.000000e+01  4.500000e+00
     vertex  7.653846e+01  4.200000e+01  3.000000e+00
     vertex  7.653846e+01  4.200000e+01  4.500000e+00
   endloop
 endfacet
 facet normal -0.000000e+00  0.000000e+00 -1.000000e+00
   outer loop
     vertex  8.069231e+01  4.200000e+01  4.500000e+00
     vertex  7.653846e+01  4.000000e+01  4.500000e+00
     vertex  7.653846e+01  4.200000e+01  4.500000e+00
   endloop
 endfacet
 facet normal  0.000000e+00 -0.000000e+00 -1.000000e+00
   outer loop
     vertex  8.069231e+01  4.200000e+01  4.500000e+00
     vertex  8.069231e+01  4.000000e+01  4.500000e+00
     vertex  7.653846e+01  4.000000e+01  4.500000e+00
   endloop
 endfacet
 facet normal -1.000000e+00  0.000000e+00  0.000000e+00
   outer loop
     vertex  8.069231e+01  4.000000e+01  4.500000e+00
     vertex  8.069231e+01  4.200000e+01  3.000000e+00
     vertex  8.069231e+01  4.000000e+01  3.000000e+00
   endloop
 endfacet
 facet normal -1.000000e+00  0.000000e+00  0.000000e+00
   outer loop
     vertex  8.069231e+01  4.000000e+01  4.500000e+00
     vertex  8.069231e+01  4.200000e+01  4.500000e+00
     vertex  8.069231e+01  4.200000e+01  3.000000e+00
   endloop
 endfacet
 facet normal -0.000000e+00  0.000000e+00 -1.000000e+00
   outer loop
     vertex  8.369231e+01  4.200000e+01  3.000000e+00
     vertex  8.069231e+01  4.000000e+01  3.000000e+00
     vertex  8.069231e+01  4.200000e+01  3.000000e+00
   endloop
 endfacet
 facet normal  0.000000e+00 -0.000000e+00 -1.000000e+00
   outer loop
     vertex  8.369231e+01  4.200000e+01  3.000000e+00
     vertex  8.369231e+01  4.000000e+01  3.000000e+00
     vertex  8.069231e+01  4.000000e+01  3.000000e+00
   endloop
 endfacet
 facet normal  1.000000e+00  0.000000e+00  0.000000e+00
   outer loop
     vertex  8.369231e+01  4.000000e+01  4.500000e+00
     vertex  8.369231e+01  4.000000e+01  3.000000e+00
     vertex  8.369231e+01  4.200000e+01  3.000000e+00
   endloop
 endfacet
 facet normal  1.000000e+00 -0.000000e+00  0.000000e+00
   outer loop
     vertex  8.369231e+01  4.000000e+01  4.500000e+00
     vertex  8.369231e+01  4.200000e+01  3.000000e+00
     vertex  8.369231e+01  4.200000e+01  4.500000e+00
   endloop
 endfacet
 facet normal -0.000000e+00  0.000000e+00 -1.000000e+00
   outer loop
     vertex  8.784615e+01  4.200000e+01  4.500000e+00
     vertex  8.369231e+01  4.000000e+01  4.500000e+00
     vertex  8.369231e+01  4.200000e+01  4.500000e+00
   endloop
 endfacet
 facet normal  0.000000e+00 -0.000000e+00 -1.000000e+00
   outer loop
     vertex  8.784615e+01  4.200000e+01  4.500000e+00
     vertex  8.784615e+01  4.000000e+01  4.500000e+00
     vertex  8.369231e+01  4.000000e+01  4.500000e+00
   endloop
 endfacet
 facet normal -1.000000e+00  0.000000e+00  0.000000e+00
   outer loop
     vertex  8.784615e+01  4.000000e+01  4.500000e+00
     vertex  8.784615e+01  4.200000e+01  3.000000e+00
     vertex  8.784615e+01  4.000000e+01  3.000000e+00
   endloop
 endfacet
 facet normal -1.000000e+00  0.000000e+00  0.000000e+00
   outer loop
     vertex  8.784615e+01  4.000000e+01  4.500000e+00
     vertex  8.784615e+01  4.200000e+01  4.500000e+00
     vertex  8.784615e+01  4.200000e+01  3.000000e+00
   endloop
 endfacet
 facet normal -0.000000e+00  0.000000e+00 -1.000000e+00
   outer loop
     vertex  9.084615e+01  4.200000e+01  3.000000e+00
     vertex  8.784615e+01  4.000000e+01  3.000000e+00
     vertex  8.784615e+01  4.200000e+01  3.000000e+00
   endloop
 endfacet
 facet normal  0.000000e+00 -0.000000e+00 -1.000000e+00
   outer loop
     vertex  9.084615e+01  4.200000e+01  3.000000e+00
     vertex  9.084615e+01  4.000000e+01  3.000000e+00
     vertex  8.784615e+01  4.000000e+01  3.000000e+00
   endloop
 endfacet
 facet normal  1.000000e+00  0.000000e+00  0.000000e+00
   outer loop
     vertex  9.084615e+01  4.000000e+01  4.500000e+00
     vertex  9.084615e+01  4.000000e+01  3.000000e+00
     vertex  9.084615e+01  4.200000e+01  3.000000e+00
   endloop
 endfacet
 facet normal  1.000000e+00 -0.000000e+00  0.000000e+00
   outer loop
     vertex  9.084615e+01  4.000000e+01  4.500000e+00
     vertex  9.084615e+01  4.200000e+01  3.000000e+00
     vertex  9.084615e+01  4.200000e+01  4.500000e+00
   endloop
 endfacet
 facet normal -0.000000e+00  0.000000e+00 -1.000000e+00
   outer loop
     vertex  9.500000e+01  4.200000e+01  4.500000e+00
     vertex  9.084615e+01  4.000000e+01  4.500000e+00
     vertex  9.084615e+01  4.200000e+01  4.500000e+00
   endloop
 endfacet
 facet normal  0.000000e+00 -0.000000e+00 -1.000000e+00
   outer loop
     vertex  9.500000e+01  4.200000e+01  4.500000e+00
     vertex  9.500000e+01  4.000000e+01  4.500000e+00
     vertex  9.084615e+01  4.000000e+01  4.500000e+00
   endloop
 endfacet
 facet normal -1.000000e+00  0.000000e+00  0.000000e+00
   outer loop
     vertex  9.500000e+01  4.000000e+01  4.500000e+00
     vertex  9.500000e+01  4.200000e+01  3.000000e+00
     vertex  9.500000e+01  4.000000e+01  3.000000e+00
   endloop
 endfacet
 facet normal -1.000000e+00  0.000000e+00  0.000000e+00
   outer loop
     vertex  9.500000e+01  4.000000e+01  4.500000e+00
     vertex  9.500000e+01  4.200000e+01  4.500000e+00
     vertex  9.500000e+01  4.200000e+01  3.000000e+00
   endloop
 endfacet
 facet normal -0.000000e+00  0.000000e+00 -1.000000e+00
   outer loop
     vertex  9.800000e+01  4.200000e+01  3.000000e+00
     vertex  9.500000e+01  4.000000e+01  3.000000e+00
     vertex  9.500000e+01  4.200000e+01  3.000000e+00
   endloop
 endfacet
 facet normal  0.000000e+00 -0.000000e+00 -1.000000e+00
   outer loop
     vertex  9.800000e+01  4.200000e+01  3.000000e+00
     vertex  9.800000e+01  4.000000e+01  3.000000e+00
     vertex  9.500000e+01  4.000000e+01  3.000000e+00
   endloop
 endfacet
 facet normal  1.000000e+00  0.000000e+00  0.000000e+00
   outer loop
     vertex  5.000000e+00  4.000000e+01  1.050000e+01
     vertex  5.000000e+00  4.000000e+01  6.000000e+00
     vertex  5.000000e+00  4.200000e+01  6.000000e+00
   endloop
 endfacet
 facet normal  1.000000e+00 -0.000000e+00  0.000000e+00
   outer loop
     vertex  5.000000e+00  4.000000e+01  1.050000e+01
     vertex  5.000000e+00  4.200000e+01  6.000000e+00
     vertex  5.000000e+00  4.200000e+01  1.050000e+01
   endloop
 endfacet
 facet normal  0.000000e+00  0.000000e+00  1.000000e+00
   outer loop
     vertex  9.153846e+00  4.200000e+01  6.000000e+00
     vertex  5.000000e+00  4.200000e+01  6.000000e+00
     vertex  5.000000e+00  4.000000e+01  6.000000e+00
   endloop
 endfacet
 facet normal  0.000000e+00  0.000000e+00  1.000000e+00
   outer loop
     vertex  9.153846e+00  4.200000e+01  6.000000e+00
     vertex  5.000000e+00  4.000000e+01  6.000000e+00
     vertex  9.153846e+00  4.000000e+01  6.000000e+00
   endloop
 endfacet
 facet normal -0.000000e+00  0.000000e+00 -1.000000e+00
   outer loop
     vertex  9.153846e+00  4.200000e+01  1.050000e+01
     vertex  5.000000e+00  4.000000e+01  1.050000e+01
     vertex  5.000000e+00  4.200000e+01  1.050000e+01
   endloop
 endfacet
 facet normal  0.000000e+00 -0.000000e+00 -1.000000e+00
   outer loop
     vertex  9.153846e+00  4.200000e+01  1.050000e+01
     vertex  9.153846e+00  4.000000e+01  1.050000e+01
     vertex  5.000000e+00  4.000000e+01  1.050000e+01
   endloop
 endfacet
 facet normal -1.000000e+00  0.000000e+00  0.000000e+00
   outer loop
     vertex  9.153846e+00  4.000000e+01  1.050000e+01
     vertex  9.153846e+00  4.200000e+01  6.000000e+00
     vertex  9.153846e+00  4.000000e+01  6.000000e+00
   endloop
 endfacet
 facet normal -1.000000e+00  0.000000e+00  0.000000e+00
   outer loop
     vertex  9.153846e+00  4.000000e+01  1.050000e+01
     vertex  9.153846e+00  4.200000e+01  1.050000e+01
     vertex  9.153846e+00  4.200000e+01  6.000000e+00
   endloop
 endfacet
 facet normal  1.000000e+00  0.000000e+00  0.000000e+00
   outer loop
     vertex  1.215385e+01  4.000000e+01  1.050000e+01
     vertex  1.215385e+01  4.000000e+01  6.000000e+00
     vertex  1.215385e+01  4.200000e+01  6.000000e+00
   endloop
 endfacet
 facet normal  1.000000e+00 -0.000000e+00  0.000000e+00
   outer loop
     vertex  1.215385e+01  4.000000e+01  1.050000e+01
     vertex  1.215385e+01  4.200000e+01  6.000000e+00
     vertex  1.215385e+01  4.200000e+01  1.050000e+01
   endloop
 endfacet
 facet normal  0.000000e+00  0.000000e+00  1.000000e+00
   outer loop
     vertex  1.630769e+01  4.200000e+01  6.000000e+00
     vertex  1.215385e+01  4.200000e+01  6.000000e+00
     vertex  1.215385e+01  4.000000e+01  6.000000e+00
   endloop
 endfacet
 facet normal  0.000000e+00  0.000000e+00  1.000000e+00
   outer loop
     vertex  1.630769e+01  4.200000e+01  6.000000e+00
     vertex  1.215385e+01  4.000000e+01  6.000000e+00
     vertex  1.630769e+01  4.000000e+01  6.000000e+00
   endloop
 endfacet
 facet normal -0.000000e+00  0.000000e+00 -1.000000e+00
   outer loop
     vertex  1.630769e+01  4.200000e+01  1.050000e+01
     vertex  1.215385e+01  4.000000e+01  1.050000e+01
     vertex  1.215385e+01  4.200000e+01  1.050000e+01
   endloop
 endfacet
 facet normal  0.000000e+00 -0.000000e+00 -1.000000e+00
   outer loop
     vertex  1.630769e+01  4.200000e+01  1.050000e+01
     vertex  1.630769e+01  4.000000e+01  1.050000e+01
     vertex  1.215385e+01  4.000000e+01  1.050000e+01
   endloop
 endfacet
 facet normal -1.000000e+00  0.000000e+00  0.000000e+00
   outer loop
     vertex  1.630769e+01  4.000000e+01  1.050000e+01
     vertex  1.630769e+01  4.200000e+01  6.000000e+00
     vertex  1.630769e+01  4.000000e+01  6.000000e+00
   endloop
 endfacet
 facet normal -1.000000e+00  0.000000e+00  0.000000e+00
   outer loop
     vertex  1.630769e+01  4.000000e+01  1.050000e+01
     vertex  1.630769e+01  4.200000e+01  1.050000e+01
     vertex  1.630769e+01  4.200000e+01  6.000000e+00
   endloop
 endfacet
 facet normal  1.000000e+00  0.000000e+00  0.000000e+00
   outer loop
     vertex  1.930769e+01  4.000000e+01  1.050000e+01
     vertex  1.930769e+01  4.000000e+01  6.000000e+00
     vertex  1.930769e+01  4.200000e+01  6.000000e+00
   endloop
 endfacet
 facet normal  1.000000e+00 -0.000000e+00  0.000000e+00
   outer loop
     vertex  1.930769e+01  4.000000e+01  1.050000e+01
     vertex  1.930769e+01  4.200000e+01  6.000000e+00
     vertex  1.930769e+01  4.200000e+01  1.050000e+01
   endloop
 endfacet
 facet normal  0.000000e+00  0.000000e+00  1.000000e+00
   outer loop
     vertex  2.346154e+01  4.200000e+01  6.000000e+00
     vertex  1.930769e+01  4.200000e+01  6.000000e+00
     vertex  1.930769e+01  4.000000e+01  6.000000e+00
   endloop
 endfacet
 facet normal  0.000000e+00  0.000000e+00  1.000000e+00
   outer loop
     vertex  2.346154e+01  4.200000e+01  6.000000e+00
     vertex  1.930769e+01  4.000000e+01  6.000000e+00
     vertex  2.346154e+01  4.000000e+01  6.000000e+00
   endloop
 endfacet
 facet normal -0.000000e+00  0.000000e+00 -1.000000e+00
   outer loop
     vertex  2.346154e+01  4.200000e+01  1.050000e+01
     vertex  1.930769e+01  4.000000e+01  1.050000e+01
     vertex  1.930769e+01  4.200000e+01  1.050000e+01
   endloop
 endfacet
 facet normal  0.000000e+00 -0.000000e+00 -1.000000e+00
   outer loop
     vertex  2.346154e+01  4.200000e+01  1.050000e+01
     vertex  2.346154e+01  4.000000e+01  1.050000e+01
     vertex  1.930769e+01  4.000000e+01  1.050000e+01
   endloop
 endfacet
 facet normal -1.000000e+00  0.000000e+00  0.000000e+00
   outer loop
     vertex  2.346154e+01  4.000000e+01  1.050000e+01
     vertex  2.346154e+01  4.200000e+01  6.000000e+00
     vertex  2.346154e+01  4.000000e+01  6.000000e+00
   endloop
 endfacet
 facet normal -1.000000e+00  0.000000e+00  0.000000e+00
   outer loop
     vertex  2.346154e+01  4.000000e+01  1.050000e+01
     vertex  2.346154e+01  4.200000e+01  1.050000e+01
     vertex  2.346154e+01  4.200000e+01  6.000000e+00
   endloop
 endfacet
 facet normal  1.000000e+00  0.000000e+00  0.000000e+00
   outer loop
     vertex  2.646154e+01  4.000000e+01  1.050000e+01
     vertex  2.646154e+01  4.000000e+01  6.000000e+00
     vertex  2.646154e+01  4.200000e+01  6.000000e+00
   endloop
 endfacet
 facet normal  1.000000e+00 -0.000000e+00  0.000000e+00
   outer loop
     vertex  2.646154e+01  4.000000e+01  1.050000e+01
     vertex  2.646154e+01  4.200000e+01  6.000000e+00
     vertex  2.646154e+01  4.200000e+01  1.050000e+01
   endloop
 endfacet
 facet normal  0.000000e+00  0.000000e+00  1.000000e+00
   outer loop
     vertex  3.061538e+01  4.200000e+01  6.000000e+00
     vertex  2.646154e+01  4.200000e+01  6.000000e+00
     vertex  2.646154e+01  4.000000e+01  6.000000e+00
   endloop
 endfacet
 facet normal  0.000000e+00  0.000000e+00  1.000000e+00
   outer loop
     vertex  3.061538e+01  4.200000e+01  6.000000e+00
     vertex  2.646154e+01  4.000000e+01  6.000000e+00
     vertex  3.061538e+01  4.000000e+01  6.000000e+00
   endloop
 endfacet
 facet normal -0.000000e+00  0.000000e+00 -1.000000e+00
   outer loop
     vertex  3.061538e+01  4.200000e+01  1.050000e+01
     vertex  2.646154e+01  4.000000e+01  1.050000e+01
     vertex  2.646154e+01  4.200000e+01  1.050000e+01
   endloop
 endfacet
 facet normal  0.000000e+00 -0.000000e+00 -1.000000e+00
   outer loop
     vertex  3.061538e+01  4.200000e+01  1.050000e+01
     vertex  3.061538e+01  4.000000e+01  1.050000e+01
     vertex  2.646154e+01  4.000000e+01  1.050000e+01
   endloop
 endfacet
 facet normal -1.000000e+00  0.000000e+00  0.000000e+00
   outer loop
     vertex  3.061538e+01  4.000000e+01  1.050000e+01
     vertex  3.061538e+01  4.200000e+01  6.000000e+00
     vertex  3.061538e+01  4.000000e+01  6.000000e+00
   endloop
 endfacet
 facet normal -1.000000e+00  0.000000e+00  0.000000e+00
   outer loop
     vertex  3.061538e+01  4.000000e+01  1.050000e+01
     vertex  3.061538e+01  4.200000e+01  1.050000e+01
     vertex  3.061538e+01  4.200000e+01  6.000000e+00
   endloop
 endfacet
 facet normal  1.000000e+00  0.000000e+00  0.000000e+00
   outer loop
     vertex  3.361538e+01  4.000000e+01  1.050000e+01
     vertex  3.361538e+01  4.000000e+01  6.000000e+00
     vertex  3.361538e+01  4.200000e+01  6.000000e+00
   endloop
 endfacet
 facet normal  1.000000e+00 -0.000000e+00  0.000000e+00
   outer loop
     vertex  3.361538e+01  4.000000e+01  1.050000e+01
     vertex  3.361538e+01  4.200000e+01  6.000000e+00
     vertex  3.361538e+01  4.200000e+01  1.050000e+01
   endloop
 endfacet
 facet normal  0.000000e+00  0.000000e+00  1.000000e+00
   outer loop
     vertex  3.776923e+01  4.200000e+01  6.000000e+00
     vertex  3.361538e+01  4.200000e+01  6.000000e+00
     vertex  3.361538e+01  4.000000e+01  6.000000e+00
   endloop
 endfacet
 facet normal  0.000000e+00  0.000000e+00  1.000000e+00
   outer loop
     vertex  3.776923e+01  4.200000e+01  6.000000e+00
     vertex  3.361538e+01  4.000000e+01  6.000000e+00
     vertex  3.776923e+01  4.000000e+01  6.000000e+00
   endloop
 endfacet
 facet normal -0.000000e+00  0.000000e+00 -1.000000e+00
   outer loop
     vertex  3.776923e+01  4.200000e+01  1.050000e+01
     vertex  3.361538e+01  4.000000e+01  1.050000e+01
     vertex  3.361538e+01  4.200000e+01  1.050000e+01
   endloop
 endfacet
 facet normal  0.000000e+00 -0.000000e+00 -1.000000e+00
   outer loop
     vertex  3.776923e+01  4.200000e+01  1.050000e+01
     vertex  3.776923e+01  4.000000e+01  1.050000e+01
     vertex  3.361538e+01  4.000000e+01  1.050000e+01
   endloop
 endfacet
 facet normal -1.000000e+00  0.000000e+00  0.000000e+00
   outer loop
     vertex  3.776923e+01  4.000000e+01  1.050000e+01
     vertex  3.776923e+01  4.200000e+01  6.000000e+00
     vertex  3.776923e+01  4.000000e+01  6.000000e+00
   endloop
 endfacet
 facet normal -1.000000e+00  0.000000e+00  0.000000e+00
   outer loop
     vertex  3.776923e+01  4.000000e+01  1.050000e+01
     vertex  3.776923e+01  4.200000e+01  1.050000e+01
     vertex  3.776923e+01  4.200000e+01  6.000000e+00
   endloop
 endfacet
 facet normal  1.000000e+00  0.000000e+00  0.000000e+00
   outer loop
     vertex  4.076923e+01  4.000000e+01  1.050000e+01
     vertex  4.076923e+01  4.000000e+01  6.000000e+00
     vertex  4.076923e+01  4.200000e+01  6.000000e+00
   endloop
 endfacet
 facet normal  1.000000e+00 -0.000000e+00  0.000000e+00
   outer loop
     vertex  4.076923e+01  4.000000e+01  1.050000e+01
     vertex  4.076923e+01  4.200000e+01  6.000000e+00
     vertex  4.076923e+01  4.200000e+01  1.050000e+01
   endloop
 endfacet
 facet normal  0.000000e+00  0.000000e+00  1.000000e+00
   outer loop
     vertex  4.492308e+01  4.200000e+01  6.000000e+00
     vertex  4.076923e+01  4.200000e+01  6.000000e+00
     vertex  4.076923e+01  4.000000e+01  6.000000e+00
   endloop
 endfacet
 facet normal  0.000000e+00  0.000000e+00  1.000000e+00
   outer loop
     vertex  4.492308e+01  4.200000e+01  6.000000e+00
     vertex  4.076923e+01  4.000000e+01  6.000000e+00
     vertex  4.492308e+01  4.000000e+01  6.000000e+00
   endloop
 endfacet
 facet normal -0.000000e+00  0.000000e+00 -1.000000e+00
   outer loop
     vertex  4.492308e+01  4.200000e+01  1.050000e+01
     vertex  4.076923e+01  4.000000e+01  1.050000e+01
     vertex  4.076923e+01  4.200000e+01  1.050000e+01
   endloop
 endfacet
 facet normal  0.000000e+00 -0.000000e+00 -1.000000e+00
   outer loop
     vertex  4.492308e+01  4.200000e+01  1.050000e+01
     vertex  4.492308e+01  4.000000e+01  1.050000e+01
     vertex  4.076923e+01  4.000000e+01  1.050000e+01
   endloop
 endfacet
 facet normal -1.000000e+00  0.000000e+00  0.000000e+00
   outer loop
     vertex  4.492308e+01  4.000000e+01  1.050000e+01
     vertex  4.492308e+01  4.200000e+01  6.000000e+00
     vertex  4.492308e+01  4.000000e+01  6.000000e+00
   endloop
 endfacet
 facet normal -1.000000e+00  0.000000e+00  0.000000e+00
   outer loop
     vertex  4.492308e+01  4.000000e+01  1.050000e+01
     vertex  4.492308e+01  4.200000e+01  1.050000e+01
     vertex  4.492308e+01  4.200000e+01  6.000000e+00
   endloop
 endfacet
 facet normal  1.000000e+00  0.000000e+00  0.000000e+00
   outer loop
     vertex  4.792308e+01  4.000000e+01  1.050000e+01
     vertex  4.792308e+01  4.000000e+01  6.000000e+00
     vertex  4.792308e+01  4.200000e+01  6.000000e+00
   endloop
 endfacet
 facet normal  1.000000e+00 -0.000000e+00  0.000000e+00
   outer loop
     vertex  4.792308e+01  4.000000e+01  1.050000e+01
     vertex  4.792308e+01  4.200000e+01  6.000000e+00
     vertex  4.792308e+01  4.200000e+01  1.050000e+01
   endloop
 endfacet
 facet normal  0.000000e+00  0.000000e+00  1.000000e+00
   outer loop
     vertex  5.207692e+01  4.200000e+01  6.000000e+00
     vertex  4.792308e+01  4.200000e+01  6.000000e+00
     vertex  4.792308e+01  4.000000e+01  6.000000e+00
   endloop
 endfacet
 facet normal  0.000000e+00  0.000000e+00  1.000000e+00
   outer loop
     vertex  5.207692e+01  4.200000e+01  6.000000e+00
     vertex  4.792308e+01  4.000000e+01  6.000000e+00
     vertex  5.207692e+01  4.000000e+01  6.000000e+00
   endloop
 endfacet
 facet normal -0.000000e+00  0.000000e+00 -1.000000e+00
   outer loop
     vertex  5.207692e+01  4.200000e+01  1.050000e+01
     vertex  4.792308e+01  4.000000e+01  1.050000e+01
     vertex  4.792308e+01  4.200000e+01  1.050000e+01
   endloop
 endfacet
 facet normal  0.000000e+00 -0.000000e+00 -1.000000e+00
   outer loop
     vertex  5.207692e+01  4.200000e+01  1.050000e+01
     vertex  5.207692e+01  4.000000e+01  1.050000e+01
     vertex  4.792308e+01  4.000000e+01  1.050000e+01
   endloop
 endfacet
 facet normal -1.000000e+00  0.000000e+00  0.000000e+00
   outer loop
     vertex  5.207692e+01  4.000000e+01  1.050000e+01
     vertex  5.207692e+01  4.200000e+01  6.000000e+00
     vertex  5.207692e+01  4.000000e+01  6.000000e+00
   endloop
 endfacet
 facet normal -1.000000e+00  0.000000e+00  0.000000e+00
   outer loop
     vertex  5.207692e+01  4.000000e+01  1.050000e+01
     vertex  5.207692e+01  4.200000e+01  1.050000e+01
     vertex  5.207692e+01  4.200000e+01  6.000000e+00
   endloop
 endfacet
 facet normal  1.000000e+00  0.000000e+00  0.000000e+00
   outer loop
     vertex  5.507692e+01  4.000000e+01  1.050000e+01
     vertex  5.507692e+01  4.000000e+01  6.000000e+00
     vertex  5.507692e+01  4.200000e+01  6.000000e+00
   endloop
 endfacet
 facet normal  1.000000e+00 -0.000000e+00  0.000000e+00
   outer loop
     vertex  5.507692e+01  4.000000e+01  1.050000e+01
     vertex  5.507692e+01  4.200000e+01  6.000000e+00
     vertex  5.507692e+01  4.200000e+01  1.050000e+01
   endloop
 endfacet
 facet normal  0.000000e+00  0.000000e+00  1.000000e+00
   outer loop
     vertex  5.923077e+01  4.200000e+01  6.000000e+00
     vertex  5.507692e+01  4.200000e+01  6.000000e+00
     vertex  5.507692e+01  4.000000e+01  6.000000e+00
   endloop
 endfacet
 facet normal  0.000000e+00  0.000000e+00  1.000000e+00
   outer loop
     vertex  5.923077e+01  4.200000e+01  6.000000e+00
     vertex  5.507692e+01  4.000000e+01  6.000000e+00
     vertex  5.923077e+01  4.000000e+01  6.000000e+00
   endloop
 endfacet
 facet normal -0.000000e+00  0.000000e+00 -1.000000e+00
   outer loop
     vertex  5.923077e+01  4.200000e+01  1.050000e+01
     vertex  5.507692e+01  4.000000e+01  1.050000e+01
     vertex  5.507692e+01  4.200000e+01  1.050000e+01
   endloop
 endfacet
 facet normal  0.000000e+00 -0.000000e+00 -1.000000e+00
   outer loop
     vertex  5.923077e+01  4.200000e+01  1.050000e+01
     vertex  5.923077e+01  4.000000e+01  1.050000e+01
     vertex  5.507692e+01  4.000000e+01  1.050000e+01
   endloop
 endfacet
 facet normal -1.000000e+00  0.000000e+00  0.000000e+00
   outer loop
     vertex  5.923077e+01  4.000000e+01  1.050000e+01
     vertex  5.923077e+01  4.200000e+01  6.000000e+00
     vertex  5.923077e+01  4.000000e+01  6.000000e+00
   endloop
 endfacet
 facet normal -1.000000e+00  0.000000e+00  0.000000e+00
   outer loop
     vertex  5.923077e+01  4.000000e+01  1.050000e+01
     vertex  5.923077e+01  4.200000e+01  1.050000e+01
     vertex  5.923077e+01  4.200000e+01  6.000000e+00
   endloop
 endfacet
 facet normal  1.000000e+00  0.000000e+00  0.000000e+00
   outer loop
     vertex  6.223077e+01  4.000000e+01  1.050000e+01
     vertex  6.223077e+01  4.000000e+01  6.000000e+00
     vertex  6.223077e+01  4.200000e+01  6.000000e+00
   endloop
 endfacet
 facet normal  1.000000e+00 -0.000000e+00  0.000000e+00
   outer loop
     vertex  6.223077e+01  4.000000e+01  1.050000e+01
     vertex  6.223077e+01  4.200000e+01  6.000000e+00
     vertex  6.223077e+01  4.200000e+01  1.050000e+01
   endloop
 endfacet
 facet normal  0.000000e+00  0.000000e+00  1.000000e+00
   outer loop
     vertex  6.638462e+01  4.200000e+01  6.000000e+00
     vertex  6.223077e+01  4.200000e+01  6.000000e+00
     vertex  6.223077e+01  4.000000e+01  6.000000e+00
   endloop
 endfacet
 facet normal  0.000000e+00  0.000000e+00  1.000000e+00
   outer loop
     vertex  6.638462e+01  4.200000e+01  6.000000e+00
     vertex  6.223077e+01  4.000000e+01  6.000000e+00
     vertex  6.638462e+01  4.000000e+01  6.000000e+00
   endloop
 endfacet
 facet normal -0.000000e+00  0.000000e+00 -1.000000e+00
   outer loop
     vertex  6.638462e+01  4.200000e+01  1.050000e+01
     vertex  6.223077e+01  4.000000e+01  1.050000e+01
     vertex  6.223077e+01  4.200000e+01  1.050000e+01
   endloop
 endfacet
 facet normal  0.000000e+00 -0.000000e+00 -1.000000e+00
   outer loop
     vertex  6.638462e+01  4.200000e+01  1.050000e+01
     vertex  6.638462e+01  4.000000e+01  1.050000e+01
     vertex  6.223077e+01  4.000000e+01  1.050000e+01
   endloop
 endfacet
 facet normal -1.000000e+00  0.000000e+00  0.000000e+00
   outer loop
     vertex  6.638462e+01  4.000000e+01  1.050000e+01
     vertex  6.638462e+01  4.200000e+01  6.000000e+00
     vertex  6.638462e+01  4.000000e+01  6.000000e+00
   endloop
 endfacet
 facet normal -1.000000e+00  0.000000e+00  0.000000e+00
   outer loop
     vertex  6.638462e+01  4.000000e+01  1.050000e+01
     vertex  6.638462e+01  4.200000e+01  1.050000e+01
     vertex  6.638462e+01  4.200000e+01  6.000000e+00
   endloop
 endfacet
 facet normal  1.000000e+00  0.000000e+00  0.000000e+00
   outer loop
     vertex  6.938462e+01  4.000000e+01  1.050000e+01
     vertex  6.938462e+01  4.000000e+01  6.000000e+00
     vertex  6.938462e+01  4.200000e+01  6.000000e+00
   endloop
 endfacet
 facet normal  1.000000e+00 -0.000000e+00  0.000000e+00
   outer loop
     vertex  6.938462e+01  4.000000e+01  1.050000e+01
     vertex  6.938462e+01  4.200000e+01  6.000000e+00
     vertex  6.938462e+01  4.200000e+01  1.050000e+01
   endloop
 endfacet
 facet normal  0.000000e+00  0.000000e+00  1.000000e+00
   outer loop
     vertex  7.353846e+01  4.200000e+01  6.000000e+00
     vertex  6.938462e+01  4.200000e+01  6.000000e+00
     vertex  6.938462e+01  4.000000e+01  6.000000e+00
   endloop
 endfacet
 facet normal  0.000000e+00  0.000000e+00  1.000000e+00
   outer loop
     vertex  7.353846e+01  4.200000e+01  6.000000e+00
     vertex  6.938462e+01  4.000000e+01  6.000000e+00
     vertex  7.353846e+01  4.000000e+01  6.000000e+00
   endloop
 endfacet
 facet normal -0.000000e+00  0.000000e+00 -1.000000e+00
   outer loop
     vertex  7.353846e+01  4.200000e+01  1.050000e+01
     vertex  6.938462e+01  4.000000e+01  1.050000e+01
     vertex  6.938462e+01  4.200000e+01  1.050000e+01
   endloop
 endfacet
 facet normal  0.000000e+00 -0.000000e+00 -1.000000e+00
   outer loop
     vertex  7.353846e+01  4.200000e+01  1.050000e+01
     vertex  7.353846e+01  4.000000e+01  1.050000e+01
     vertex  6.938462e+01  4.000000e+01  1.050000e+01
   endloop
 endfacet
 facet normal -1.000000e+00  0.000000e+00  0.000000e+00
   outer loop
     vertex  7.353846e+01  4.000000e+01  1.050000e+01
     vertex  7.353846e+01  4.200000e+01  6.000000e+00
     vertex  7.353846e+01  4.000000e+01  6.000000e+00
   endloop
 endfacet
 facet normal -1.000000e+00  0.000000e+00  0.000000e+00
   outer loop
     vertex  7.353846e+01  4.000000e+01  1.050000e+01
     vertex  7.353846e+01  4.200000e+01  1.050000e+01
     vertex  7.353846e+01  4.200000e+01  6.000000e+00
   endloop
 endfacet
 facet normal  1.000000e+00  0.000000e+00  0.000000e+00
   outer loop
     vertex  7.653846e+01  4.000000e+01  1.050000e+01
     vertex  7.653846e+01  4.000000e+01  6.000000e+00
     vertex  7.653846e+01  4.200000e+01  6.000000e+00
   endloop
 endfacet
 facet normal  1.000000e+00 -0.000000e+00  0.000000e+00
   outer loop
     vertex  7.653846e+01  4.000000e+01  1.050000e+01
     vertex  7.653846e+01  4.200000e+01  6.000000e+00
     vertex  7.653846e+01  4.200000e+01  1.050000e+01
   endloop
 endfacet
 facet normal  0.000000e+00  0.000000e+00  1.000000e+00
   outer loop
     vertex  8.069231e+01  4.200000e+01  6.000000e+00
     vertex  7.653846e+01  4.200000e+01  6.000000e+00
     vertex  7.653846e+01  4.000000e+01  6.000000e+00
   endloop
 endfacet
 facet normal  0.000000e+00  0.000000e+00  1.000000e+00
   outer loop
     vertex  8.069231e+01  4.200000e+01  6.000000e+00
     vertex  7.653846e+01  4.000000e+01  6.000000e+00
     vertex  8.069231e+01  4.000000e+01  6.000000e+00
   endloop
 endfacet
 facet normal -0.000000e+00  0.000000e+00 -1.000000e+00
   outer loop
     vertex  8.069231e+01  4.200000e+01  1.050000e+01
     vertex  7.653846e+01  4.000000e+01  1.050000e+01
     vertex  7.653846e+01  4.200000e+01  1.050000e+01
   endloop
 endfacet
 facet normal  0.000000e+00 -0.000000e+00 -1.000000e+00
   outer loop
     vertex  8.069231e+01  4.200000e+01  1.050000e+01
     vertex  8.069231e+01  4.000000e+01  1.050000e+01
     vertex  7.653846e+01  4.000000e+01  1.050000e+01
   endloop
 endfacet
 facet normal -1.000000e+00  0.000000e+00  0.000000e+00
   outer loop
     vertex  8.069231e+01  4.000000e+01  1.050000e+01
     vertex  8.069231e+01  4.200000e+01  6.000000e+00
     vertex  8.069231e+01  4.000000e+01  6.000000e+00
   endloop
 endfacet
 facet normal -1.000000e+00  0.000000e+00  0.000000e+00
   outer loop
     vertex  8.069231e+01  4.000000e+01  1.050000e+01
     vertex  8.069231e+01  4.200000e+01  1.050000e+01
     vertex  8.069231e+01  4.200000e+01  6.000000e+00
   endloop
 endfacet
 facet normal  1.000000e+00  0.000000e+00  0.000000e+00
   outer loop
     vertex  8.369231e+01  4.000000e+01  1.050000e+01
     vertex  8.369231e+01  4.000000e+01  6.000000e+00
     vertex  8.369231e+01  4.200000e+01  6.000000e+00
   endloop
 endfacet
 facet normal  1.000000e+00 -0.000000e+00  0.000000e+00
   outer loop
     vertex  8.369231e+01  4.000000e+01  1.050000e+01
     vertex  8.369231e+01  4.200000e+01  6.000000e+00
     vertex  8.369231e+01  4.200000e+01  1.050000e+01
   endloop
 endfacet
 facet normal  0.000000e+00  0.000000e+00  1.000000e+00
   outer loop
     vertex  8.784615e+01  4.200000e+01  6.000000e+00
     vertex  8.369231e+01  4.200000e+01  6.000000e+00
     vertex  8.369231e+01  4.000000e+01  6.000000e+00
   endloop
 endfacet
 facet normal  0.000000e+00  0.000000e+00  1.000000e+00
   outer loop
     vertex  8.784615e+01  4.200000e+01  6.000000e+00
     vertex  8.369231e+01  4.000000e+01  6.000000e+00
     vertex  8.784615e+01  4.000000e+01  6.000000e+00
   endloop
 endfacet
 facet normal -0.000000e+00  0.000000e+00 -1.000000e+00
   outer loop
     vertex  8.784615e+01  4.200000e+01  1.050000e+01
     vertex  8.369231e+01  4.000000e+01  1.050000e+01
     vertex  8.369231e+01  4.200000e+01  1.050000e+01
   endloop
 endfacet
 facet normal  0.000000e+00 -0.000000e+00 -1.000000e+00
   outer loop
     vertex  8.784615e+01  4.200000e+01  1.050000e+01
     vertex  8.784615e+01  4.000000e+01  1.050000e+01
     vertex  8.369231e+01  4.000000e+01  1.050000e+01
   endloop
 endfacet
 facet normal -1.000000e+00  0.000000e+00  0.000000e+00
   outer loop
     vertex  8.784615e+01  4.000000e+01  1.050000e+01
     vertex  8.784615e+01  4.200000e+01  6.000000e+00
     vertex  8.784615e+01  4.000000e+01  6.000000e+00
   endloop
 endfacet
 facet normal -1.000000e+00  0.000000e+00  0.000000e+00
   outer loop
     vertex  8.784615e+01  4.000000e+01  1.050000e+01
     vertex  8.784615e+01  4.200000e+01  1.050000e+01
     vertex  8.784615e+01  4.200000e+01  6.000000e+00
   endloop
 endfacet
 facet normal  1.000000e+00  0.000000e+00  0.000000e+00
   outer loop
     vertex  9.084615e+01  4.000000e+01  1.050000e+01
     vertex  9.084615e+01  4.000000e+01  6.000000e+00
     vertex  9.084615e+01  4.200000e+01  6.000000e+00
   endloop
 endfacet
 facet normal  1.000000e+00 -0.000000e+00  0.000000e+00
   outer loop
     vertex  9.084615e+01  4.000000e+01  1.050000e+01
     vertex  9.084615e+01  4.200000e+01  6.000000e+00
     vertex  9.084615e+01  4.200000e+01  1.050000e+01
   endloop
 endfacet
 facet normal  0.000000e+00  0.000000e+00  1.000000e+00
   outer loop
     vertex  9.500000e+01  4.200000e+01  6.000000e+00
     vertex  9.084615e+01  4.200000e+01  6.000000e+00
     vertex  9.084615e+01  4.000000e+01  6.000000e+00
   endloop
 endfacet
 facet normal  0.000000e+00  0.000000e+00  1.000000e+00
   outer loop
     vertex  9.500000e+01  4.200000e+01  6.000000e+00
     vertex  9.084615e+01  4.000000e+01  6.000000e+00
     vertex  9.500000e+01  4.000000e+01  6.000000e+00
   endloop
 endfacet
 facet normal -0.000000e+00  0.000000e+00 -1.000000e+00
   outer loop
     vertex  9.500000e+01  4.200000e+01  1.050000e+01
     vertex  9.084615e+01  4.000000e+01  1.050000e+01
     vertex  9.084615e+01  4.200000e+01  1.050000e+01
   endloop
 endfacet
 facet normal  0.000000e+00 -0.000000e+00 -1.000000e+00
   outer loop
     vertex  9.500000e+01  4.200000e+01  1.050000e+01
     vertex  9.500000e+01  4.000000e+01  1.050000e+01
     vertex  9.084615e+01  4.000000e+01  1.050000e+01
   endloop
 endfacet
 facet normal -1.000000e+00  0.000000e+00  0.000000e+00
   outer loop
     vertex  9.500000e+01  4.000000e+01  1.050000e+01
     vertex  9.500000e+01  4.200000e+01  6.000000e+00
     vertex  9.500000e+01  4.000000e+01  6.000000e+00
   endloop
 endfacet
 facet normal -1.000000e+00  0.000000e+00  0.000000e+00
   outer loop
     vertex  9.500000e+01  4.000000e+01  1.050000e+01
     vertex  9.500000e+01  4.200000e+01  1.050000e+01
     vertex  9.500000e+01  4.200000e+01  6.000000e+00
   endloop
 endfacet
 facet normal  1.000000e+00  0.000000e+00  0.000000e+00
   outer loop
     vertex -1.000000e+00  3.500000e+01  8.000000e-01
     vertex -1.000000e+00  3.500000e+01 -2.300000e+00
     vertex -1.000000e+00  4.200000e+01 -2.300000e+00
   endloop
 endfacet
 facet normal  1.000000e+00 -0.000000e+00  0.000000e+00
   outer loop
     vertex -1.000000e+00  3.500000e+01  8.000000e-01
     vertex -1.000000e+00  4.200000e+01 -2.300000e+00
     vertex -1.000000e+00  4.200000e+01  8.000000e-01
   endloop
 endfacet
 facet normal -0.000000e+00  0.000000e+00 -1.000000e+00
   outer loop
     vertex  5.000000e+00  3.400000e+01  3.000000e+00
     vertex  2.000000e+00  3.200000e+01  3.000000e+00
     vertex  2.000000e+00  3.400000e+01  3.000000e+00
   endloop
 endfacet
 facet normal  0.000000e+00 -0.000000e+00 -1.000000e+00
   outer loop
     vertex  5.000000e+00  3.400000e+01  3.000000e+00
     vertex  5.000000e+00  3.200000e+01  3.000000e+00
     vertex  2.000000e+00  3.200000e+01  3.000000e+00
   endloop
 endfacet
 facet normal -0.000000e+00  0.000000e+00 -1.000000e+00
   outer loop
     vertex  5.000000e+00  2.600000e+01  3.000000e+00
     vertex  2.000000e+00  2.400000e+01  3.000000e+00
     vertex  2.000000e+00  2.600000e+01  3.000000e+00
   endloop
 endfacet
 facet normal  0.000000e+00 -0.000000e+00 -1.000000e+00
   outer loop
     vertex  5.000000e+00  2.600000e+01  3.000000e+00
     vertex  5.000000e+00  2.400000e+01  3.000000e+00
     vertex  2.000000e+00  2.400000e+01  3.000000e+00
   endloop
 endfacet
 facet normal -0.000000e+00  0.000000e+00 -1.000000e+00
   outer loop
     vertex  5.000000e+00  1.800000e+01  3.000000e+00
     vertex  2.000000e+00  1.600000e+01  3.000000e+00
     vertex  2.000000e+00  1.800000e+01  3.000000e+00
   endloop
 endfacet
 facet normal  0.000000e+00 -0.000000e+00 -1.000000e+00
   outer loop
     vertex  5.000000e+00  1.800000e+01  3.000000e+00
     vertex  5.000000e+00  1.600000e+01  3.000000e+00
     vertex  2.000000e+00  1.600000e+01  3.000000e+00
   endloop
 endfacet
 facet normal -0.000000e+00  0.000000e+00 -1.000000e+00
   outer loop
     vertex  5.000000e+00  1.000000e+01  3.000000e+00
     vertex  2.000000e+00  8.000000e+00  3.000000e+00
     vertex  2.000000e+00  1.000000e+01  3.000000e+00
   endloop
 endfacet
 facet normal  0.000000e+00 -0.000000e+00 -1.000000e+00
   outer loop
     vertex  5.000000e+00  1.000000e+01  3.000000e+00
     vertex  5.000000e+00  8.000000e+00  3.000000e+00
     vertex  2.000000e+00  8.000000e+00  3.000000e+00
   endloop
 endfacet
 facet normal -0.000000e+00  0.000000e+00 -1.000000e+00
   outer loop
     vertex  5.707692e+01  2.000000e+00  3.000000e+00
     vertex  5.007692e+01  1.300000e+00  3.000000e+00
     vertex  5.007692e+01  2.000000e+00  3.000000e+00
   endloop
 endfacet
 facet normal  0.000000e+00 -0.000000e+00 -1.000000e+00
   outer loop
     vertex  5.707692e+01  2.000000e+00  3.000000e+00
     vertex  5.707692e+01  1.300000e+00  3.000000e+00
     vertex  5.007692e+01  1.300000e+00  3.000000e+00
   endloop
 endfacet
 facet normal  0.000000e+00 -0.000000e+00 -1.000000e+00
   outer loop
     vertex  9.800000e+01  1.000000e+01  3.000000e+00
     vertex  9.800000e+01  8.000000e+00  3.000000e+00
     vertex  9.500000e+01  8.000000e+00  3.000000e+00
   endloop
 endfacet
 facet normal -0.000000e+00  0.000000e+00 -1.000000e+00
   outer loop
     vertex  9.800000e+01  1.000000e+01  3.000000e+00
     vertex  9.500000e+01  8.000000e+00  3.000000e+00
     vertex  9.500000e+01  1.000000e+01  3.000000e+00
   endloop
 endfacet
 facet normal  0.000000e+00 -0.000000e+00 -1.000000e+00
   outer loop
     vertex  9.800000e+01  1.800000e+01  3.000000e+00
     vertex  9.800000e+01  1.600000e+01  3.000000e+00
     vertex  9.500000e+01  1.600000e+01  3.000000e+00
   endloop
 endfacet
 facet normal -0.000000e+00  0.000000e+00 -1.000000e+00
   outer loop
     vertex  9.800000e+01  1.800000e+01  3.000000e+00
     vertex  9.500000e+01  1.600000e+01  3.000000e+00
     vertex  9.500000e+01  1.800000e+01  3.000000e+00
   endloop
 endfacet
 facet normal  0.000000e+00 -0.000000e+00 -1.000000e+00
   outer loop
     vertex  9.800000e+01  2.600000e+01  3.000000e+00
     vertex  9.800000e+01  2.400000e+01  3.000000e+00
     vertex  9.500000e+01  2.400000e+01  3.000000e+00
   endloop
 endfacet
 facet normal -0.000000e+00  0.000000e+00 -1.000000e+00
   outer loop
     vertex  9.800000e+01  2.600000e+01  3.000000e+00
     vertex  9.500000e+01  2.400000e+01  3.000000e+00
     vertex  9.500000e+01  2.600000e+01  3.000000e+00
   endloop
 endfacet
 facet normal  0.000000e+00 -0.000000e+00 -1.000000e+00
   outer loop
     vertex  9.800000e+01  3.400000e+01  3.000000e+00
     vertex  9.800000e+01  3.200000e+01  3.000000e+00
     vertex  9.500000e+01  3.200000e+01  3.000000e+00
   endloop
 endfacet
 facet normal -0.000000e+00  0.000000e+00 -1.000000e+00
   outer loop
     vertex  9.800000e+01  3.400000e+01  3.000000e+00
     vertex  9.500000e+01  3.200000e+01  3.000000e+00
     vertex  9.500000e+01  3.400000e+01  3.000000e+00
   endloop
 endfacet
 facet normal -0.000000e+00  0.000000e+00 -1.000000e+00
   outer loop
     vertex  1.010000e+02  7.000000e+00  8.000000e-01
     vertex  1.000000e+02  0.000000e+00  8.000000e-01
     vertex  1.000000e+02  7.000000e+00  8.000000e-01
   endloop
 endfacet
 facet normal  0.000000e+00 -0.000000e+00 -1.000000e+00
   outer loop
     vertex  1.010000e+02  7.000000e+00  8.000000e-01
     vertex  1.010000e+02  0.000000e+00  8.000000e-01
     vertex  1.000000e+02  0.000000e+00  8.000000e-01
   endloop
 endfacet
 facet normal -0.000000e+00  0.000000e+00 -1.000000e+00
   outer loop
     vertex  1.010000e+02  4.200000e+01  8.000000e-01
     vertex  1.000000e+02  3.500000e+01  8.000000e-01
     vertex  1.000000e+02  4.200000e+01  8.000000e-01
   endloop
 endfacet
 facet normal  0.000000e+00 -0.000000e+00 -1.000000e+00
   outer loop
     vertex  1.010000e+02  4.200000e+01  8.000000e-01
     vertex  1.010000e+02  3.500000e+01  8.000000e-01
     vertex  1.000000e+02  3.500000e+01  8.000000e-01
   endloop
 endfacet
 facet normal  0.000000e+00  0.000000e+00  1.000000e+00
   outer loop
     vertex  1.500000e+00  7.000000e+00 -2.300000e+00
     vertex -1.000000e+00  7.000000e+00 -2.300000e+00
     vertex -1.000000e+00  0.000000e+00 -2.300000e+00
   endloop
 endfacet
 facet normal  0.000000e+00  0.000000e+00  1.000000e+00
   outer loop
     vertex  1.500000e+00  7.000000e+00 -2.300000e+00
     vertex -1.000000e+00  0.000000e+00 -2.300000e+00
     vertex  1.500000e+00  0.000000e+00 -2.300000e+00
   endloop
 endfacet
 facet normal  1.000000e+00  0.000000e+00  0.000000e+00
   outer loop
     vertex  5.000000e+00  8.000000e+00  4.500000e+00
     vertex  5.000000e+00  8.000000e+00  3.000000e+00
     vertex  5.000000e+00  1.000000e+01  3.000000e+00
   endloop
 endfacet
 facet normal  1.000000e+00 -0.000000e+00  0.000000e+00
   outer loop
     vertex  5.000000e+00  8.000000e+00  4.500000e+00
     vertex  5.000000e+00  1.000000e+01  3.000000e+00
     vertex  5.000000e+00  1.000000e+01  4.500000e+00
   endloop
 endfacet
 facet normal -0.000000e+00  0.000000e+00 -1.000000e+00
   outer loop
     vertex  9.153846e+00  1.000000e+01  4.500000e+00
     vertex  5.000000e+00  8.000000e+00  4.500000e+00
     vertex  5.000000e+00  1.000000e+01  4.500000e+00
   endloop
 endfacet
 facet normal  0.000000e+00 -0.000000e+00 -1.000000e+00
   outer loop
     vertex  9.153846e+00  1.000000e+01  4.500000e+00
     vertex  9.153846e+00  8.000000e+00  4.500000e+00
     vertex  5.000000e+00  8.000000e+00  4.500000e+00
   endloop
 endfacet
 facet normal -1.000000e+00  0.000000e+00  0.000000e+00
   outer loop
     vertex  9.153846e+00  8.000000e+00  4.500000e+00
     vertex  9.153846e+00  1.000000e+01  3.000000e+00
     vertex  9.153846e+00  8.000000e+00  3.000000e+00
   endloop
 endfacet
 facet normal -1.000000e+00  0.000000e+00  0.000000e+00
   outer loop
     vertex  9.153846e+00  8.000000e+00  4.500000e+00
     vertex  9.153846e+00  1.000000e+01  4.500000e+00
     vertex  9.153846e+00  1.000000e+01  3.000000e+00
   endloop
 endfacet
 facet normal -0.000000e+00  0.000000e+00 -1.000000e+00
   outer loop
     vertex  1.215385e+01  1.000000e+01  3.000000e+00
     vertex  9.153846e+00  8.000000e+00  3.000000e+00
     vertex  9.153846e+00  1.000000e+01  3.000000e+00
   endloop
 endfacet
 facet normal  0.000000e+00 -0.000000e+00 -1.000000e+00
   outer loop
     vertex  1.215385e+01  1.000000e+01  3.000000e+00
     vertex  1.215385e+01  8.000000e+00  3.000000e+00
     vertex  9.153846e+00  8.000000e+00  3.000000e+00
   endloop
 endfacet
 facet normal  1.000000e+00  0.000000e+00  0.000000e+00
   outer loop
     vertex  1.215385e+01  8.000000e+00  4.500000e+00
     vertex  1.215385e+01  8.000000e+00  3.000000e+00
     vertex  1.215385e+01  1.000000e+01  3.000000e+00
   endloop
 endfacet
 facet normal  1.000000e+00 -0.000000e+00  0.000000e+00
   outer loop
     vertex  1.215385e+01  8.000000e+00  4.500000e+00
     vertex  1.215385e+01  1.000000e+01  3.000000e+00
     vertex  1.215385e+01  1.000000e+01  4.500000e+00
   endloop
 endfacet
 facet normal -0.000000e+00  0.000000e+00 -1.000000e+00
   outer loop
     vertex  1.630769e+01  1.000000e+01  4.500000e+00
     vertex  1.215385e+01  8.000000e+00  4.500000e+00
     vertex  1.215385e+01  1.000000e+01  4.500000e+00
   endloop
 endfacet
 facet normal  0.000000e+00 -0.000000e+00 -1.000000e+00
   outer loop
     vertex  1.630769e+01  1.000000e+01  4.500000e+00
     vertex  1.630769e+01  8.000000e+00  4.500000e+00
     vertex  1.215385e+01  8.000000e+00  4.500000e+00
   endloop
 endfacet
 facet normal -1.000000e+00  0.000000e+00  0.000000e+00
   outer loop
     vertex  1.630769e+01  8.000000e+00  4.500000e+00
     vertex  1.630769e+01  1.000000e+01  3.000000e+00
     vertex  1.630769e+01  8.000000e+00  3.000000e+00
   endloop
 endfacet
 facet normal -1.000000e+00  0.000000e+00  0.000000e+00
   outer loop
     vertex  1.630769e+01  8.000000e+00  4.500000e+00
     vertex  1.630769e+01  1.000000e+01  4.500000e+00
     vertex  1.630769e+01  1.000000e+01  3.000000e+00
   endloop
 endfacet
 facet normal -0.000000e+00  0.000000e+00 -1.000000e+00
   outer loop
     vertex  1.930769e+01  1.000000e+01  3.000000e+00
     vertex  1.630769e+01  8.000000e+00  3.000000e+00
     vertex  1.630769e+01  1.000000e+01  3.000000e+00
   endloop
 endfacet
 facet normal  0.000000e+00 -0.000000e+00 -1.000000e+00
   outer loop
     vertex  1.930769e+01  1.000000e+01  3.000000e+00
     vertex  1.930769e+01  8.000000e+00  3.000000e+00
     vertex  1.630769e+01  8.000000e+00  3.000000e+00
   endloop
 endfacet
 facet normal  1.000000e+00  0.000000e+00  0.000000e+00
   outer loop
     vertex  1.930769e+01  8.000000e+00  4.500000e+00
     vertex  1.930769e+01  8.000000e+00  3.000000e+00
     vertex  1.930769e+01  1.000000e+01  3.000000e+00
   endloop
 endfacet
 facet normal  1.000000e+00 -0.000000e+00  0.000000e+00
   outer loop
     vertex  1.930769e+01  8.000000e+00  4.500000e+00
     vertex  1.930769e+01  1.000000e+01  3.000000e+00
     vertex  1.930769e+01  1.000000e+01  4.500000e+00
   endloop
 endfacet
 facet normal -0.000000e+00  0.000000e+00 -1.000000e+00
   outer loop
     vertex  2.346154e+01  1.000000e+01  4.500000e+00
     vertex  1.930769e+01  8.000000e+00  4.500000e+00
     vertex  1.930769e+01  1.000000e+01  4.500000e+00
   endloop
 endfacet
 facet normal  0.000000e+00 -0.000000e+00 -1.000000e+00
   outer loop
     vertex  2.346154e+01  1.000000e+01  4.500000e+00
     vertex  2.346154e+01  8.000000e+00  4.500000e+00
     vertex  1.930769e+01  8.000000e+00  4.500000e+00
   endloop
 endfacet
 facet normal -1.000000e+00  0.000000e+00  0.000000e+00
   outer loop
     vertex  2.346154e+01  8.000000e+00  4.500000e+00
     vertex  2.346154e+01  1.000000e+01  3.000000e+00
     vertex  2.346154e+01  8.000000e+00  3.000000e+00
   endloop
 endfacet
 facet normal -1.000000e+00  0.000000e+00  0.000000e+00
   outer loop
     vertex  2.346154e+01  8.000000e+00  4.500000e+00
     vertex  2.346154e+01  1.000000e+01  4.500000e+00
     vertex  2.346154e+01  1.000000e+01  3.000000e+00
   endloop
 endfacet
 facet normal -0.000000e+00  0.000000e+00 -1.000000e+00
   outer loop
     vertex  2.646154e+01  1.000000e+01  3.000000e+00
     vertex  2.346154e+01  8.000000e+00  3.000000e+00
     vertex  2.346154e+01  1.000000e+01  3.000000e+00
   endloop
 endfacet
 facet normal  0.000000e+00 -0.000000e+00 -1.000000e+00
   outer loop
     vertex  2.646154e+01  1.000000e+01  3.000000e+00
     vertex  2.646154e+01  8.000000e+00  3.000000e+00
     vertex  2.346154e+01  8.000000e+00  3.000000e+00
   endloop
 endfacet
 facet normal  1.000000e+00  0.000000e+00  0.000000e+00
   outer loop
     vertex  2.646154e+01  8.000000e+00  4.500000e+00
     vertex  2.646154e+01  8.000000e+00  3.000000e+00
     vertex  2.646154e+01  1.000000e+01  3.000000e+00
   endloop
 endfacet
 facet normal  1.000000e+00 -0.000000e+00  0.000000e+00
   outer loop
     vertex  2.646154e+01  8.000000e+00  4.500000e+00
     vertex  2.646154e+01  1.000000e+01  3.000000e+00
     vertex  2.646154e+01  1.000000e+01  4.500000e+00
   endloop
 endfacet
 facet normal -0.000000e+00  0.000000e+00 -1.000000e+00
   outer loop
     vertex  3.061538e+01  1.000000e+01  4.500000e+00
     vertex  2.646154e+01  8.000000e+00  4.500000e+00
     vertex  2.646154e+01  1.000000e+01  4.500000e+00
   endloop
 endfacet
 facet normal  0.000000e+00 -0.000000e+00 -1.000000e+00
   outer loop
     vertex  3.061538e+01  1.000000e+01  4.500000e+00
     vertex  3.061538e+01  8.000000e+00  4.500000e+00
     vertex  2.646154e+01  8.000000e+00  4.500000e+00
   endloop
 endfacet
 facet normal -1.000000e+00  0.000000e+00  0.000000e+00
   outer loop
     vertex  3.061538e+01  8.000000e+00  4.500000e+00
     vertex  3.061538e+01  1.000000e+01  3.000000e+00
     vertex  3.061538e+01  8.000000e+00  3.000000e+00
   endloop
 endfacet
 facet normal -1.000000e+00  0.000000e+00  0.000000e+00
   outer loop
     vertex  3.061538e+01  8.000000e+00  4.500000e+00
     vertex  3.061538e+01  1.000000e+01  4.500000e+00
     vertex  3.061538e+01  1.000000e+01  3.000000e+00
   endloop
 endfacet
 facet normal -0.000000e+00  0.000000e+00 -1.000000e+00
   outer loop
     vertex  3.361538e+01  1.000000e+01  3.000000e+00
     vertex  3.061538e+01  8.000000e+00  3.000000e+00
     vertex  3.061538e+01  1.000000e+01  3.000000e+00
   endloop
 endfacet
 facet normal  0.000000e+00 -0.000000e+00 -1.000000e+00
   outer loop
     vertex  3.361538e+01  1.000000e+01  3.000000e+00
     vertex  3.361538e+01  8.000000e+00  3.000000e+00
     vertex  3.061538e+01  8.000000e+00  3.000000e+00
   endloop
 endfacet
 facet normal  1.000000e+00  0.000000e+00  0.000000e+00
   outer loop
     vertex  3.361538e+01  8.000000e+00  4.500000e+00
     vertex  3.361538e+01  8.000000e+00  3.000000e+00
     vertex  3.361538e+01  1.000000e+01  3.000000e+00
   endloop
 endfacet
 facet normal  1.000000e+00 -0.000000e+00  0.000000e+00
   outer loop
     vertex  3.361538e+01  8.000000e+00  4.500000e+00
     vertex  3.361538e+01  1.000000e+01  3.000000e+00
     vertex  3.361538e+01  1.000000e+01  4.500000e+00
   endloop
 endfacet
 facet normal -0.000000e+00  0.000000e+00 -1.000000e+00
   outer loop
     vertex  3.776923e+01  1.000000e+01  4.500000e+00
     vertex  3.361538e+01  8.000000e+00  4.500000e+00
     vertex  3.361538e+01  1.000000e+01  4.500000e+00
   endloop
 endfacet
 facet normal  0.000000e+00 -0.000000e+00 -1.000000e+00
   outer loop
     vertex  3.776923e+01  1.000000e+01  4.500000e+00
     vertex  3.776923e+01  8.000000e+00  4.500000e+00
     vertex  3.361538e+01  8.000000e+00  4.500000e+00
   endloop
 endfacet
 facet normal -1.000000e+00  0.000000e+00  0.000000e+00
   outer loop
     vertex  3.776923e+01  8.000000e+00  4.500000e+00
     vertex  3.776923e+01  1.000000e+01  3.000000e+00
     vertex  3.776923e+01  8.000000e+00  3.000000e+00
   endloop
 endfacet
 facet normal -1.000000e+00  0.000000e+00  0.000000e+00
   outer loop
     vertex  3.776923e+01  8.000000e+00  4.500000e+00
     vertex  3.776923e+01  1.000000e+01  4.500000e+00
     vertex  3.776923e+01  1.000000e+01  3.000000e+00
   endloop
 endfacet
 facet normal -0.000000e+00  0.000000e+00 -1.000000e+00
   outer loop
     vertex  4.076923e+01  1.000000e+01  3.000000e+00
     vertex  3.776923e+01  8.000000e+00  3.000000e+00
     vertex  3.776923e+01  1.000000e+01  3.000000e+00
   endloop
 endfacet
 facet normal  0.000000e+00 -0.000000e+00 -1.000000e+00
   outer loop
     vertex  4.076923e+01  1.000000e+01  3.000000e+00
     vertex  4.076923e+01  8.000000e+00  3.000000e+00
     vertex  3.776923e+01  8.000000e+00  3.000000e+00
   endloop
 endfacet
 facet normal  1.000000e+00  0.000000e+00  0.000000e+00
   outer loop
     vertex  4.076923e+01  8.000000e+00  4.500000e+00
     vertex  4.076923e+01  8.000000e+00  3.000000e+00
     vertex  4.076923e+01  1.000000e+01  3.000000e+00
   endloop
 endfacet
 facet normal  1.000000e+00 -0.000000e+00  0.000000e+00
   outer loop
     vertex  4.076923e+01  8.000000e+00  4.500000e+00
     vertex  4.076923e+01  1.000000e+01  3.000000e+00
     vertex  4.076923e+01  1.000000e+01  4.500000e+00
   endloop
 endfacet
 facet normal -0.000000e+00  0.000000e+00 -1.000000e+00
   outer loop
     vertex  4.492308e+01  1.000000e+01  4.500000e+00
     vertex  4.076923e+01  8.000000e+00  4.500000e+00
     vertex  4.076923e+01  1.000000e+01  4.500000e+00
   endloop
 endfacet
 facet normal  0.000000e+00 -0.000000e+00 -1.000000e+00
   outer loop
     vertex  4.492308e+01  1.000000e+01  4.500000e+00
     vertex  4.492308e+01  8.000000e+00  4.500000e+00
     vertex  4.076923e+01  8.000000e+00  4.500000e+00
   endloop
 endfacet
 facet normal -1.000000e+00  0.000000e+00  0.000000e+00
   outer loop
     vertex  4.492308e+01  8.000000e+00  4.500000e+00
     vertex  4.492308e+01  1.000000e+01  3.000000e+00
     vertex  4.492308e+01  8.000000e+00  3.000000e+00
   endloop
 endfacet
 facet normal -1.000000e+00  0.000000e+00  0.000000e+00
   outer loop
     vertex  4.492308e+01  8.000000e+00  4.500000e+00
     vertex  4.492308e+01  1.000000e+01  4.500000e+00
     vertex  4.492308e+01  1.000000e+01  3.000000e+00
   endloop
 endfacet
 facet normal -0.000000e+00  0.000000e+00 -1.000000e+00
   outer loop
     vertex  4.792308e+01  1.000000e+01  3.000000e+00
     vertex  4.492308e+01  8.000000e+00  3.000000e+00
     vertex  4.492308e+01  1.000000e+01  3.000000e+00
   endloop
 endfacet
 facet normal  0.000000e+00 -0.000000e+00 -1.000000e+00
   outer loop
     vertex  4.792308e+01  1.000000e+01  3.000000e+00
     vertex  4.792308e+01  8.000000e+00  3.000000e+00
     vertex  4.492308e+01  8.000000e+00  3.000000e+00
   endloop
 endfacet
 facet normal  1.000000e+00  0.000000e+00  0.000000e+00
   outer loop
     vertex  4.792308e+01  8.000000e+00  4.500000e+00
     vertex  4.792308e+01  8.000000e+00  3.000000e+00
     vertex  4.792308e+01  1.000000e+01  3.000000e+00
   endloop
 endfacet
 facet normal  1.000000e+00 -0.000000e+00  0.000000e+00
   outer loop
     vertex  4.792308e+01  8.000000e+00  4.500000e+00
     vertex  4.792308e+01  1.000000e+01  3.000000e+00
     vertex  4.792308e+01  1.000000e+01  4.500000e+00
   endloop
 endfacet
 facet normal -0.000000e+00  0.000000e+00 -1.000000e+00
   outer loop
     vertex  5.207692e+01  1.000000e+01  4.500000e+00
     vertex  4.792308e+01  8.000000e+00  4.500000e+00
     vertex  4.792308e+01  1.000000e+01  4.500000e+00
   endloop
 endfacet
 facet normal  0.000000e+00 -0.000000e+00 -1.000000e+00
   outer loop
     vertex  5.207692e+01  1.000000e+01  4.500000e+00
     vertex  5.207692e+01  8.000000e+00  4.500000e+00
     vertex  4.792308e+01  8.000000e+00  4.500000e+00
   endloop
 endfacet
 facet normal -1.000000e+00  0.000000e+00  0.000000e+00
   outer loop
     vertex  5.207692e+01  8.000000e+00  4.500000e+00
     vertex  5.207692e+01  1.000000e+01  3.000000e+00
     vertex  5.207692e+01  8.000000e+00  3.000000e+00
   endloop
 endfacet
 facet normal -1.000000e+00  0.000000e+00  0.000000e+00
   outer loop
     vertex  5.207692e+01  8.000000e+00  4.500000e+00
     vertex  5.207692e+01  1.000000e+01  4.500000e+00
     vertex  5.207692e+01  1.000000e+01  3.000000e+00
   endloop
 endfacet
 facet normal -0.000000e+00  0.000000e+00 -1.000000e+00
   outer loop
     vertex  5.507692e+01  1.000000e+01  3.000000e+00
     vertex  5.207692e+01  8.000000e+00  3.000000e+00
     vertex  5.207692e+01  1.000000e+01  3.000000e+00
   endloop
 endfacet
 facet normal  0.000000e+00 -0.000000e+00 -1.000000e+00
   outer loop
     vertex  5.507692e+01  1.000000e+01  3.000000e+00
     vertex  5.507692e+01  8.000000e+00  3.000000e+00
     vertex  5.207692e+01  8.000000e+00  3.000000e+00
   endloop
 endfacet
 facet normal  1.000000e+00  0.000000e+00  0.000000e+00
   outer loop
     vertex  5.507692e+01  8.000000e+00  4.500000e+00
     vertex  5.507692e+01  8.000000e+00  3.000000e+00
     vertex  5.507692e+01  1.000000e+01  3.000000e+00
   endloop
 endfacet
 facet normal  1.000000e+00 -0.000000e+00  0.000000e+00
   outer loop
     vertex  5.507692e+01  8.000000e+00  4.500000e+00
     vertex  5.507692e+01  1.000000e+01  3.000000e+00
     vertex  5.507692e+01  1.000000e+01  4.500000e+00
   endloop
 endfacet
 facet normal -0.000000e+00  0.000000e+00 -1.000000e+00
   outer loop
     vertex  5.923077e+01  1.000000e+01  4.500000e+00
     vertex  5.507692e+01  8.000000e+00  4.500000e+00
     vertex  5.507692e+01  1.000000e+01  4.500000e+00
   endloop
 endfacet
 facet normal  0.000000e+00 -0.000000e+00 -1.000000e+00
   outer loop
     vertex  5.923077e+01  1.000000e+01  4.500000e+00
     vertex  5.923077e+01  8.000000e+00  4.500000e+00
     vertex  5.507692e+01  8.000000e+00  4.500000e+00
   endloop
 endfacet
 facet normal -1.000000e+00  0.000000e+00  0.000000e+00
   outer loop
     vertex  5.923077e+01  8.000000e+00  4.500000e+00
     vertex  5.923077e+01  1.000000e+01  3.000000e+00
     vertex  5.923077e+01  8.000000e+00  3.000000e+00
   endloop
 endfacet
 facet normal -1.000000e+00  0.000000e+00  0.000000e+00
   outer loop
     vertex  5.923077e+01  8.000000e+00  4.500000e+00
     vertex  5.923077e+01  1.000000e+01  4.500000e+00
     vertex  5.923077e+01  1.000000e+01  3.000000e+00
   endloop
 endfacet
 facet normal -0.000000e+00  0.000000e+00 -1.000000e+00
   outer loop
     vertex  6.223077e+01  1.000000e+01  3.000000e+00
     vertex  5.923077e+01  8.000000e+00  3.000000e+00
     vertex  5.923077e+01  1.000000e+01  3.000000e+00
   endloop
 endfacet
 facet normal  0.000000e+00 -0.000000e+00 -1.000000e+00
   outer loop
     vertex  6.223077e+01  1.000000e+01  3.000000e+00
     vertex  6.223077e+01  8.000000e+00  3.000000e+00
     vertex  5.923077e+01  8.000000e+00  3.000000e+00
   endloop
 endfacet
 facet normal  1.000000e+00  0.000000e+00  0.000000e+00
   outer loop
     vertex  6.223077e+01  8.000000e+00  4.500000e+00
     vertex  6.223077e+01  8.000000e+00  3.000000e+00
     vertex  6.223077e+01  1.000000e+01  3.000000e+00
   endloop
 endfacet
 facet normal  1.000000e+00 -0.000000e+00  0.000000e+00
   outer loop
     vertex  6.223077e+01  8.000000e+00  4.500000e+00
     vertex  6.223077e+01  1.000000e+01  3.000000e+00
     vertex  6.223077e+01  1.000000e+01  4.500000e+00
   endloop
 endfacet
 facet normal -0.000000e+00  0.000000e+00 -1.000000e+00
   outer loop
     vertex  6.638462e+01  1.000000e+01  4.500000e+00
     vertex  6.223077e+01  8.000000e+00  4.500000e+00
     vertex  6.223077e+01  1.000000e+01  4.500000e+00
   endloop
 endfacet
 facet normal  0.000000e+00 -0.000000e+00 -1.000000e+00
   outer loop
     vertex  6.638462e+01  1.000000e+01  4.500000e+00
     vertex  6.638462e+01  8.000000e+00  4.500000e+00
     vertex  6.223077e+01  8.000000e+00  4.500000e+00
   endloop
 endfacet
 facet normal -1.000000e+00  0.000000e+00  0.000000e+00
   outer loop
     vertex  6.638462e+01  8.000000e+00  4.500000e+00
     vertex  6.638462e+01  1.000000e+01  3.000000e+00
     vertex  6.638462e+01  8.000000e+00  3.000000e+00
   endloop
 endfacet
 facet normal -1.000000e+00  0.000000e+00  0.000000e+00
   outer loop
     vertex  6.638462e+01  8.000000e+00  4.500000e+00
     vertex  6.638462e+01  1.000000e+01  4.500000e+00
     vertex  6.638462e+01  1.000000e+01  3.000000e+00
   endloop
 endfacet
 facet normal -0.000000e+00  0.000000e+00 -1.000000e+00
   outer loop
     vertex  6.938462e+01  1.000000e+01  3.000000e+00
     vertex  6.638462e+01  8.000000e+00  3.000000e+00
     vertex  6.638462e+01  1.000000e+01  3.000000e+00
   endloop
 endfacet
 facet normal  0.000000e+00 -0.000000e+00 -1.000000e+00
   outer loop
     vertex  6.938462e+01  1.000000e+01  3.000000e+00
     vertex  6.938462e+01  8.000000e+00  3.000000e+00
     vertex  6.638462e+01  8.000000e+00  3.000000e+00
   endloop
 endfacet
 facet normal  1.000000e+00  0.000000e+00  0.000000e+00
   outer loop
     vertex  6.938462e+01  8.000000e+00  4.500000e+00
     vertex  6.938462e+01  8.000000e+00  3.000000e+00
     vertex  6.938462e+01  1.000000e+01  3.000000e+00
   endloop
 endfacet
 facet normal  1.000000e+00 -0.000000e+00  0.000000e+00
   outer loop
     vertex  6.938462e+01  8.000000e+00  4.500000e+00
     vertex  6.938462e+01  1.000000e+01  3.000000e+00
     vertex  6.938462e+01  1.000000e+01  4.500000e+00
   endloop
 endfacet
 facet normal -0.000000e+00  0.000000e+00 -1.000000e+00
   outer loop
     vertex  7.353846e+01  1.000000e+01  4.500000e+00
     vertex  6.938462e+01  8.000000e+00  4.500000e+00
     vertex  6.938462e+01  1.000000e+01  4.500000e+00
   endloop
 endfacet
 facet normal  0.000000e+00 -0.000000e+00 -1.000000e+00
   outer loop
     vertex  7.353846e+01  1.000000e+01  4.500000e+00
     vertex  7.353846e+01  8.000000e+00  4.500000e+00
     vertex  6.938462e+01  8.000000e+00  4.500000e+00
   endloop
 endfacet
 facet normal -1.000000e+00  0.000000e+00  0.000000e+00
   outer loop
     vertex  7.353846e+01  8.000000e+00  4.500000e+00
     vertex  7.353846e+01  1.000000e+01  3.000000e+00
     vertex  7.353846e+01  8.000000e+00  3.000000e+00
   endloop
 endfacet
 facet normal -1.000000e+00  0.000000e+00  0.000000e+00
   outer loop
     vertex  7.353846e+01  8.000000e+00  4.500000e+00
     vertex  7.353846e+01  1.000000e+01  4.500000e+00
     vertex  7.353846e+01  1.000000e+01  3.000000e+00
   endloop
 endfacet
 facet normal -0.000000e+00  0.000000e+00 -1.000000e+00
   outer loop
     vertex  7.653846e+01  1.000000e+01  3.000000e+00
     vertex  7.353846e+01  8.000000e+00  3.000000e+00
     vertex  7.353846e+01  1.000000e+01  3.000000e+00
   endloop
 endfacet
 facet normal  0.000000e+00 -0.000000e+00 -1.000000e+00
   outer loop
     vertex  7.653846e+01  1.000000e+01  3.000000e+00
     vertex  7.653846e+01  8.000000e+00  3.000000e+00
     vertex  7.353846e+01  8.000000e+00  3.000000e+00
   endloop
 endfacet
 facet normal  1.000000e+00  0.000000e+00  0.000000e+00
   outer loop
     vertex  7.653846e+01  8.000000e+00  4.500000e+00
     vertex  7.653846e+01  8.000000e+00  3.000000e+00
     vertex  7.653846e+01  1.000000e+01  3.000000e+00
   endloop
 endfacet
 facet normal  1.000000e+00 -0.000000e+00  0.000000e+00
   outer loop
     vertex  7.653846e+01  8.000000e+00  4.500000e+00
     vertex  7.653846e+01  1.000000e+01  3.000000e+00
     vertex  7.653846e+01  1.000000e+01  4.500000e+00
   endloop
 endfacet
 facet normal -0.000000e+00  0.000000e+00 -1.000000e+00
   outer loop
     vertex  8.069231e+01  1.000000e+01  4.500000e+00
     vertex  7.653846e+01  8.000000e+00  4.500000e+00
     vertex  7.653846e+01  1.000000e+01  4.500000e+00
   endloop
 endfacet
 facet normal  0.000000e+00 -0.000000e+00 -1.000000e+00
   outer loop
     vertex  8.069231e+01  1.000000e+01  4.500000e+00
     vertex  8.069231e+01  8.000000e+00  4.500000e+00
     vertex  7.653846e+01  8.000000e+00  4.500000e+00
   endloop
 endfacet
 facet normal -1.000000e+00  0.000000e+00  0.000000e+00
   outer loop
     vertex  8.069231e+01  8.000000e+00  4.500000e+00
     vertex  8.069231e+01  1.000000e+01  3.000000e+00
     vertex  8.069231e+01  8.000000e+00  3.000000e+00
   endloop
 endfacet
 facet normal -1.000000e+00  0.000000e+00  0.000000e+00
   outer loop
     vertex  8.069231e+01  8.000000e+00  4.500000e+00
     vertex  8.069231e+01  1.000000e+01  4.500000e+00
     vertex  8.069231e+01  1.000000e+01  3.000000e+00
   endloop
 endfacet
 facet normal -0.000000e+00  0.000000e+00 -1.000000e+00
   outer loop
     vertex  8.369231e+01  1.000000e+01  3.000000e+00
     vertex  8.069231e+01  8.000000e+00  3.000000e+00
     vertex  8.069231e+01  1.000000e+01  3.000000e+00
   endloop
 endfacet
 facet normal  0.000000e+00 -0.000000e+00 -1.000000e+00
   outer loop
     vertex  8.369231e+01  1.000000e+01  3.000000e+00
     vertex  8.369231e+01  8.000000e+00  3.000000e+00
     vertex  8.069231e+01  8.000000e+00  3.000000e+00
   endloop
 endfacet
 facet normal  1.000000e+00  0.000000e+00  0.000000e+00
   outer loop
     vertex  8.369231e+01  8.000000e+00  4.500000e+00
     vertex  8.369231e+01  8.000000e+00  3.000000e+00
     vertex  8.369231e+01  1.000000e+01  3.000000e+00
   endloop
 endfacet
 facet normal  1.000000e+00 -0.000000e+00  0.000000e+00
   outer loop
     vertex  8.369231e+01  8.000000e+00  4.500000e+00
     vertex  8.369231e+01  1.000000e+01  3.000000e+00
     vertex  8.369231e+01  1.000000e+01  4.500000e+00
   endloop
 endfacet
 facet normal -0.000000e+00  0.000000e+00 -1.000000e+00
   outer loop
     vertex  8.784615e+01  1.000000e+01  4.500000e+00
     vertex  8.369231e+01  8.000000e+00  4.500000e+00
     vertex  8.369231e+01  1.000000e+01  4.500000e+00
   endloop
 endfacet
 facet normal  0.000000e+00 -0.000000e+00 -1.000000e+00
   outer loop
     vertex  8.784615e+01  1.000000e+01  4.500000e+00
     vertex  8.784615e+01  8.000000e+00  4.500000e+00
     vertex  8.369231e+01  8.000000e+00  4.500000e+00
   endloop
 endfacet
 facet normal -1.000000e+00  0.000000e+00  0.000000e+00
   outer loop
     vertex  8.784615e+01  8.000000e+00  4.500000e+00
     vertex  8.784615e+01  1.000000e+01  3.000000e+00
     vertex  8.784615e+01  8.000000e+00  3.000000e+00
   endloop
 endfacet
 facet normal -1.000000e+00  0.000000e+00  0.000000e+00
   outer loop
     vertex  8.784615e+01  8.000000e+00  4.500000e+00
     vertex  8.784615e+01  1.000000e+01  4.500000e+00
     vertex  8.784615e+01  1.000000e+01  3.000000e+00
   endloop
 endfacet
 facet normal -0.000000e+00  0.000000e+00 -1.000000e+00
   outer loop
     vertex  9.084615e+01  1.000000e+01  3.000000e+00
     vertex  8.784615e+01  8.000000e+00  3.000000e+00
     vertex  8.784615e+01  1.000000e+01  3.000000e+00
   endloop
 endfacet
 facet normal  0.000000e+00 -0.000000e+00 -1.000000e+00
   outer loop
     vertex  9.084615e+01  1.000000e+01  3.000000e+00
     vertex  9.084615e+01  8.000000e+00  3.000000e+00
     vertex  8.784615e+01  8.000000e+00  3.000000e+00
   endloop
 endfacet
 facet normal  1.000000e+00  0.000000e+00  0.000000e+00
   outer loop
     vertex  9.084615e+01  8.000000e+00  4.500000e+00
     vertex  9.084615e+01  8.000000e+00  3.000000e+00
     vertex  9.084615e+01  1.000000e+01  3.000000e+00
   endloop
 endfacet
 facet normal  1.000000e+00 -0.000000e+00  0.000000e+00
   outer loop
     vertex  9.084615e+01  8.000000e+00  4.500000e+00
     vertex  9.084615e+01  1.000000e+01  3.000000e+00
     vertex  9.084615e+01  1.000000e+01  4.500000e+00
   endloop
 endfacet
 facet normal -0.000000e+00  0.000000e+00 -1.000000e+00
   outer loop
     vertex  9.500000e+01  1.000000e+01  4.500000e+00
     vertex  9.084615e+01  8.000000e+00  4.500000e+00
     vertex  9.084615e+01  1.000000e+01  4.500000e+00
   endloop
 endfacet
 facet normal  0.000000e+00 -0.000000e+00 -1.000000e+00
   outer loop
     vertex  9.500000e+01  1.000000e+01  4.500000e+00
     vertex  9.500000e+01  8.000000e+00  4.500000e+00
     vertex  9.084615e+01  8.000000e+00  4.500000e+00
   endloop
 endfacet
 facet normal -1.000000e+00  0.000000e+00  0.000000e+00
   outer loop
     vertex  9.500000e+01  8.000000e+00  4.500000e+00
     vertex  9.500000e+01  1.000000e+01  3.000000e+00
     vertex  9.500000e+01  8.000000e+00  3.000000e+00
   endloop
 endfacet
 facet normal -1.000000e+00  0.000000e+00  0.000000e+00
   outer loop
     vertex  9.500000e+01  8.000000e+00  4.500000e+00
     vertex  9.500000e+01  1.000000e+01  4.500000e+00
     vertex  9.500000e+01  1.000000e+01  3.000000e+00
   endloop
 endfacet
 facet normal  1.000000e+00  0.000000e+00  0.000000e+00
   outer loop
     vertex  5.000000e+00  8.000000e+00  1.050000e+01
     vertex  5.000000e+00  8.000000e+00  6.000000e+00
     vertex  5.000000e+00  1.000000e+01  6.000000e+00
   endloop
 endfacet
 facet normal  1.000000e+00 -0.000000e+00  0.000000e+00
   outer loop
     vertex  5.000000e+00  8.000000e+00  1.050000e+01
     vertex  5.000000e+00  1.000000e+01  6.000000e+00
     vertex  5.000000e+00  1.000000e+01  1.050000e+01
   endloop
 endfacet
 facet normal  0.000000e+00  0.000000e+00  1.000000e+00
   outer loop
     vertex  9.153846e+00  1.000000e+01  6.000000e+00
     vertex  5.000000e+00  1.000000e+01  6.000000e+00
     vertex  5.000000e+00  8.000000e+00  6.000000e+00
   endloop
 endfacet
 facet normal  0.000000e+00  0.000000e+00  1.000000e+00
   outer loop
     vertex  9.153846e+00  1.000000e+01  6.000000e+00
     vertex  5.000000e+00  8.000000e+00  6.000000e+00
     vertex  9.153846e+00  8.000000e+00  6.000000e+00
   endloop
 endfacet
 facet normal -0.000000e+00  0.000000e+00 -1.000000e+00
   outer loop
     vertex  9.153846e+00  1.000000e+01  1.050000e+01
     vertex  5.000000e+00  8.000000e+00  1.050000e+01
     vertex  5.000000e+00  1.000000e+01  1.050000e+01
   endloop
 endfacet
 facet normal  0.000000e+00 -0.000000e+00 -1.000000e+00
   outer loop
     vertex  9.153846e+00  1.000000e+01  1.050000e+01
     vertex  9.153846e+00  8.000000e+00  1.050000e+01
     vertex  5.000000e+00  8.000000e+00  1.050000e+01
   endloop
 endfacet
 facet normal -1.000000e+00  0.000000e+00  0.000000e+00
   outer loop
     vertex  9.153846e+00  8.000000e+00  1.050000e+01
     vertex  9.153846e+00  1.000000e+01  6.000000e+00
     vertex  9.153846e+00  8.000000e+00  6.000000e+00
   endloop
 endfacet
 facet normal -1.000000e+00  0.000000e+00  0.000000e+00
   outer loop
     vertex  9.153846e+00  8.000000e+00  1.050000e+01
     vertex  9.153846e+00  1.000000e+01  1.050000e+01
     vertex  9.153846e+00  1.000000e+01  6.000000e+00
   endloop
 endfacet
 facet normal  1.000000e+00  0.000000e+00  0.000000e+00
   outer loop
     vertex  1.215385e+01  8.000000e+00  1.050000e+01
     vertex  1.215385e+01  8.000000e+00  6.000000e+00
     vertex  1.215385e+01  1.000000e+01  6.000000e+00
   endloop
 endfacet
 facet normal  1.000000e+00 -0.000000e+00  0.000000e+00
   outer loop
     vertex  1.215385e+01  8.000000e+00  1.050000e+01
     vertex  1.215385e+01  1.000000e+01  6.000000e+00
     vertex  1.215385e+01  1.000000e+01  1.050000e+01
   endloop
 endfacet
 facet normal  0.000000e+00  0.000000e+00  1.000000e+00
   outer loop
     vertex  1.630769e+01  1.000000e+01  6.000000e+00
     vertex  1.215385e+01  1.000000e+01  6.000000e+00
     vertex  1.215385e+01  8.000000e+00  6.000000e+00
   endloop
 endfacet
 facet normal  0.000000e+00  0.000000e+00  1.000000e+00
   outer loop
     vertex  1.630769e+01  1.000000e+01  6.000000e+00
     vertex  1.215385e+01  8.000000e+00  6.000000e+00
     vertex  1.630769e+01  8.000000e+00  6.000000e+00
   endloop
 endfacet
 facet normal -0.000000e+00  0.000000e+00 -1.000000e+00
   outer loop
     vertex  1.630769e+01  1.000000e+01  1.050000e+01
     vertex  1.215385e+01  8.000000e+00  1.050000e+01
     vertex  1.215385e+01  1.000000e+01  1.050000e+01
   endloop
 endfacet
 facet normal  0.000000e+00 -0.000000e+00 -1.000000e+00
   outer loop
     vertex  1.630769e+01  1.000000e+01  1.050000e+01
     vertex  1.630769e+01  8.000000e+00  1.050000e+01
     vertex  1.215385e+01  8.000000e+00  1.050000e+01
   endloop
 endfacet
 facet normal -1.000000e+00  0.000000e+00  0.000000e+00
   outer loop
     vertex  1.630769e+01  8.000000e+00  1.050000e+01
     vertex  1.630769e+01  1.000000e+01  6.000000e+00
     vertex  1.630769e+01  8.000000e+00  6.000000e+00
   endloop
 endfacet
 facet normal -1.000000e+00  0.000000e+00  0.000000e+00
   outer loop
     vertex  1.630769e+01  8.000000e+00  1.050000e+01
     vertex  1.630769e+01  1.000000e+01  1.050000e+01
     vertex  1.630769e+01  1.000000e+01  6.000000e+00
   endloop
 endfacet
 facet normal  1.000000e+00  0.000000e+00  0.000000e+00
   outer loop
     vertex  1.930769e+01  8.000000e+00  1.050000e+01
     vertex  1.930769e+01  8.000000e+00  6.000000e+00
     vertex  1.930769e+01  1.000000e+01  6.000000e+00
   endloop
 endfacet
 facet normal  1.000000e+00 -0.000000e+00  0.000000e+00
   outer loop
     vertex  1.930769e+01  8.000000e+00  1.050000e+01
     vertex  1.930769e+01  1.000000e+01  6.000000e+00
     vertex  1.930769e+01  1.000000e+01  1.050000e+01
   endloop
 endfacet
 facet normal  0.000000e+00  0.000000e+00  1.000000e+00
   outer loop
     vertex  2.346154e+01  1.000000e+01  6.000000e+00
     vertex  1.930769e+01  1.000000e+01  6.000000e+00
     vertex  1.930769e+01  8.000000e+00  6.000000e+00
   endloop
 endfacet
 facet normal  0.000000e+00  0.000000e+00  1.000000e+00
   outer loop
     vertex  2.346154e+01  1.000000e+01  6.000000e+00
     vertex  1.930769e+01  8.000000e+00  6.000000e+00
     vertex  2.346154e+01  8.000000e+00  6.000000e+00
   endloop
 endfacet
 facet normal -0.000000e+00  0.000000e+00 -1.000000e+00
   outer loop
     vertex  2.346154e+01  1.000000e+01  1.050000e+01
     vertex  1.930769e+01  8.000000e+00  1.050000e+01
     vertex  1.930769e+01  1.000000e+01  1.050000e+01
   endloop
 endfacet
 facet normal  0.000000e+00 -0.000000e+00 -1.000000e+00
   outer loop
     vertex  2.346154e+01  1.000000e+01  1.050000e+01
     vertex  2.346154e+01  8.000000e+00  1.050000e+01
     vertex  1.930769e+01  8.000000e+00  1.050000e+01
   endloop
 endfacet
 facet normal -1.000000e+00  0.000000e+00  0.000000e+00
   outer loop
     vertex  2.346154e+01  8.000000e+00  1.050000e+01
     vertex  2.346154e+01  1.000000e+01  6.000000e+00
     vertex  2.346154e+01  8.000000e+00  6.000000e+00
   endloop
 endfacet
 facet normal -1.000000e+00  0.000000e+00  0.000000e+00
   outer loop
     vertex  2.346154e+01  8.000000e+00  1.050000e+01
     vertex  2.346154e+01  1.000000e+01  1.050000e+01
     vertex  2.346154e+01  1.000000e+01  6.000000e+00
   endloop
 endfacet
 facet normal  1.000000e+00  0.000000e+00  0.000000e+00
   outer loop
     vertex  2.646154e+01  8.000000e+00  1.050000e+01
     vertex  2.646154e+01  8.000000e+00  6.000000e+00
     vertex  2.646154e+01  1.000000e+01  6.000000e+00
   endloop
 endfacet
 facet normal  1.000000e+00 -0.000000e+00  0.000000e+00
   outer loop
     vertex  2.646154e+01  8.000000e+00  1.050000e+01
     vertex  2.646154e+01  1.000000e+01  6.000000e+00
     vertex  2.646154e+01  1.000000e+01  1.050000e+01
   endloop
 endfacet
 facet normal  0.000000e+00  0.000000e+00  1.000000e+00
   outer loop
     vertex  3.061538e+01  1.000000e+01  6.000000e+00
     vertex  2.646154e+01  1.000000e+01  6.000000e+00
     vertex  2.646154e+01  8.000000e+00  6.000000e+00
   endloop
 endfacet
 facet normal  0.000000e+00  0.000000e+00  1.000000e+00
   outer loop
     vertex  3.061538e+01  1.000000e+01  6.000000e+00
     vertex  2.646154e+01  8.000000e+00  6.000000e+00
     vertex  3.061538e+01  8.000000e+00  6.000000e+00
   endloop
 endfacet
 facet normal -0.000000e+00  0.000000e+00 -1.000000e+00
   outer loop
     vertex  3.061538e+01  1.000000e+01  1.050000e+01
     vertex  2.646154e+01  8.000000e+00  1.050000e+01
     vertex  2.646154e+01  1.000000e+01  1.050000e+01
   endloop
 endfacet
 facet normal  0.000000e+00 -0.000000e+00 -1.000000e+00
   outer loop
     vertex  3.061538e+01  1.000000e+01  1.050000e+01
     vertex  3.061538e+01  8.000000e+00  1.050000e+01
     vertex  2.646154e+01  8.000000e+00  1.050000e+01
   endloop
 endfacet
 facet normal -1.000000e+00  0.000000e+00  0.000000e+00
   outer loop
     vertex  3.061538e+01  8.000000e+00  1.050000e+01
     vertex  3.061538e+01  1.000000e+01  6.000000e+00
     vertex  3.061538e+01  8.000000e+00  6.000000e+00
   endloop
 endfacet
 facet normal -1.000000e+00  0.000000e+00  0.000000e+00
   outer loop
     vertex  3.061538e+01  8.000000e+00  1.050000e+01
     vertex  3.061538e+01  1.000000e+01  1.050000e+01
     vertex  3.061538e+01  1.000000e+01  6.000000e+00
   endloop
 endfacet
 facet normal  1.000000e+00  0.000000e+00  0.000000e+00
   outer loop
     vertex  3.361538e+01  8.000000e+00  1.050000e+01
     vertex  3.361538e+01  8.000000e+00  6.000000e+00
     vertex  3.361538e+01  1.000000e+01  6.000000e+00
   endloop
 endfacet
 facet normal  1.000000e+00 -0.000000e+00  0.000000e+00
   outer loop
     vertex  3.361538e+01  8.000000e+00  1.050000e+01
     vertex  3.361538e+01  1.000000e+01  6.000000e+00
     vertex  3.361538e+01  1.000000e+01  1.050000e+01
   endloop
 endfacet
 facet normal  0.000000e+00  0.000000e+00  1.000000e+00
   outer loop
     vertex  3.776923e+01  1.000000e+01  6.000000e+00
     vertex  3.361538e+01  1.000000e+01  6.000000e+00
     vertex  3.361538e+01  8.000000e+00  6.000000e+00
   endloop
 endfacet
 facet normal  0.000000e+00  0.000000e+00  1.000000e+00
   outer loop
     vertex  3.776923e+01  1.000000e+01  6.000000e+00
     vertex  3.361538e+01  8.000000e+00  6.000000e+00
     vertex  3.776923e+01  8.000000e+00  6.000000e+00
   endloop
 endfacet
 facet normal -0.000000e+00  0.000000e+00 -1.000000e+00
   outer loop
     vertex  3.776923e+01  1.000000e+01  1.050000e+01
     vertex  3.361538e+01  8.000000e+00  1.050000e+01
     vertex  3.361538e+01  1.000000e+01  1.050000e+01
   endloop
 endfacet
 facet normal  0.000000e+00 -0.000000e+00 -1.000000e+00
   outer loop
     vertex  3.776923e+01  1.000000e+01  1.050000e+01
     vertex  3.776923e+01  8.000000e+00  1.050000e+01
     vertex  3.361538e+01  8.000000e+00  1.050000e+01
   endloop
 endfacet
 facet normal -1.000000e+00  0.000000e+00  0.000000e+00
   outer loop
     vertex  3.776923e+01  8.000000e+00  1.050000e+01
     vertex  3.776923e+01  1.000000e+01  6.000000e+00
     vertex  3.776923e+01  8.000000e+00  6.000000e+00
   endloop
 endfacet
 facet normal -1.000000e+00  0.000000e+00  0.000000e+00
   outer loop
     vertex  3.776923e+01  8.000000e+00  1.050000e+01
     vertex  3.776923e+01  1.000000e+01  1.050000e+01
     vertex  3.776923e+01  1.000000e+01  6.000000e+00
   endloop
 endfacet
 facet normal  1.000000e+00  0.000000e+00  0.000000e+00
   outer loop
     vertex  4.076923e+01  8.000000e+00  1.050000e+01
     vertex  4.076923e+01  8.000000e+00  6.000000e+00
     vertex  4.076923e+01  1.000000e+01  6.000000e+00
   endloop
 endfacet
 facet normal  1.000000e+00 -0.000000e+00  0.000000e+00
   outer loop
     vertex  4.076923e+01  8.000000e+00  1.050000e+01
     vertex  4.076923e+01  1.000000e+01  6.000000e+00
     vertex  4.076923e+01  1.000000e+01  1.050000e+01
   endloop
 endfacet
 facet normal  0.000000e+00  0.000000e+00  1.000000e+00
   outer loop
     vertex  4.492308e+01  1.000000e+01  6.000000e+00
     vertex  4.076923e+01  1.000000e+01  6.000000e+00
     vertex  4.076923e+01  8.000000e+00  6.000000e+00
   endloop
 endfacet
 facet normal  0.000000e+00  0.000000e+00  1.000000e+00
   outer loop
     vertex  4.492308e+01  1.000000e+01  6.000000e+00
     vertex  4.076923e+01  8.000000e+00  6.000000e+00
     vertex  4.492308e+01  8.000000e+00  6.000000e+00
   endloop
 endfacet
 facet normal -0.000000e+00  0.000000e+00 -1.000000e+00
   outer loop
     vertex  4.492308e+01  1.000000e+01  1.050000e+01
     vertex  4.076923e+01  8.000000e+00  1.050000e+01
     vertex  4.076923e+01  1.000000e+01  1.050000e+01
   endloop
 endfacet
 facet normal  0.000000e+00 -0.000000e+00 -1.000000e+00
   outer loop
     vertex  4.492308e+01  1.000000e+01  1.050000e+01
     vertex  4.492308e+01  8.000000e+00  1.050000e+01
     vertex  4.076923e+01  8.000000e+00  1.050000e+01
   endloop
 endfacet
 facet normal -1.000000e+00  0.000000e+00  0.000000e+00
   outer loop
     vertex  4.492308e+01  8.000000e+00  1.050000e+01
     vertex  4.492308e+01  1.000000e+01  6.000000e+00
     vertex  4.492308e+01  8.000000e+00  6.000000e+00
   endloop
 endfacet
 facet normal -1.000000e+00  0.000000e+00  0.000000e+00
   outer loop
     vertex  4.492308e+01  8.000000e+00  1.050000e+01
     vertex  4.492308e+01  1.000000e+01  1.050000e+01
     vertex  4.492308e+01  1.000000e+01  6.000000e+00
   endloop
 endfacet
 facet normal  1.000000e+00  0.000000e+00  0.000000e+00
   outer loop
     vertex  4.792308e+01  8.000000e+00  1.050000e+01
     vertex  4.792308e+01  8.000000e+00  6.000000e+00
     vertex  4.792308e+01  1.000000e+01  6.000000e+00
   endloop
 endfacet
 facet normal  1.000000e+00 -0.000000e+00  0.000000e+00
   outer loop
     vertex  4.792308e+01  8.000000e+00  1.050000e+01
     vertex  4.792308e+01  1.000000e+01  6.000000e+00
     vertex  4.792308e+01  1.000000e+01  1.050000e+01
   endloop
 endfacet
 facet normal  0.000000e+00  0.000000e+00  1.000000e+00
   outer loop
     vertex  5.207692e+01  1.000000e+01  6.000000e+00
     vertex  4.792308e+01  1.000000e+01  6.000000e+00
     vertex  4.792308e+01  8.000000e+00  6.000000e+00
   endloop
 endfacet
 facet normal  0.000000e+00  0.000000e+00  1.000000e+00
   outer loop
     vertex  5.207692e+01  1.000000e+01  6.000000e+00
     vertex  4.792308e+01  8.000000e+00  6.000000e+00
     vertex  5.207692e+01  8.000000e+00  6.000000e+00
   endloop
 endfacet
 facet normal -0.000000e+00  0.000000e+00 -1.000000e+00
   outer loop
     vertex  5.207692e+01  1.000000e+01  1.050000e+01
     vertex  4.792308e+01  8.000000e+00  1.050000e+01
     vertex  4.792308e+01  1.000000e+01  1.050000e+01
   endloop
 endfacet
 facet normal  0.000000e+00 -0.000000e+00 -1.000000e+00
   outer loop
     vertex  5.207692e+01  1.000000e+01  1.050000e+01
     vertex  5.207692e+01  8.000000e+00  1.050000e+01
     vertex  4.792308e+01  8.000000e+00  1.050000e+01
   endloop
 endfacet
 facet normal -1.000000e+00  0.000000e+00  0.000000e+00
   outer loop
     vertex  5.207692e+01  8.000000e+00  1.050000e+01
     vertex  5.207692e+01  1.000000e+01  6.000000e+00
     vertex  5.207692e+01  8.000000e+00  6.000000e+00
   endloop
 endfacet
 facet normal -1.000000e+00  0.000000e+00  0.000000e+00
   outer loop
     vertex  5.207692e+01  8.000000e+00  1.050000e+01
     vertex  5.207692e+01  1.000000e+01  1.050000e+01
     vertex  5.207692e+01  1.000000e+01  6.000000e+00
   endloop
 endfacet
 facet normal  1.000000e+00  0.000000e+00  0.000000e+00
   outer loop
     vertex  5.507692e+01  8.000000e+00  1.050000e+01
     vertex  5.507692e+01  8.000000e+00  6.000000e+00
     vertex  5.507692e+01  1.000000e+01  6.000000e+00
   endloop
 endfacet
 facet normal  1.000000e+00 -0.000000e+00  0.000000e+00
   outer loop
     vertex  5.507692e+01  8.000000e+00  1.050000e+01
     vertex  5.507692e+01  1.000000e+01  6.000000e+00
     vertex  5.507692e+01  1.000000e+01  1.050000e+01
   endloop
 endfacet
 facet normal  0.000000e+00  0.000000e+00  1.000000e+00
   outer loop
     vertex  5.923077e+01  1.000000e+01  6.000000e+00
     vertex  5.507692e+01  1.000000e+01  6.000000e+00
     vertex  5.507692e+01  8.000000e+00  6.000000e+00
   endloop
 endfacet
 facet normal  0.000000e+00  0.000000e+00  1.000000e+00
   outer loop
     vertex  5.923077e+01  1.000000e+01  6.000000e+00
     vertex  5.507692e+01  8.000000e+00  6.000000e+00
     vertex  5.923077e+01  8.000000e+00  6.000000e+00
   endloop
 endfacet
 facet normal -0.000000e+00  0.000000e+00 -1.000000e+00
   outer loop
     vertex  5.923077e+01  1.000000e+01  1.050000e+01
     vertex  5.507692e+01  8.000000e+00  1.050000e+01
     vertex  5.507692e+01  1.000000e+01  1.050000e+01
   endloop
 endfacet
 facet normal  0.000000e+00 -0.000000e+00 -1.000000e+00
   outer loop
     vertex  5.923077e+01  1.000000e+01  1.050000e+01
     vertex  5.923077e+01  8.000000e+00  1.050000e+01
     vertex  5.507692e+01  8.000000e+00  1.050000e+01
   endloop
 endfacet
 facet normal -1.000000e+00  0.000000e+00  0.000000e+00
   outer loop
     vertex  5.923077e+01  8.000000e+00  1.050000e+01
     vertex  5.923077e+01  1.000000e+01  6.000000e+00
     vertex  5.923077e+01  8.000000e+00  6.000000e+00
   endloop
 endfacet
 facet normal -1.000000e+00  0.000000e+00  0.000000e+00
   outer loop
     vertex  5.923077e+01  8.000000e+00  1.050000e+01
     vertex  5.923077e+01  1.000000e+01  1.050000e+01
     vertex  5.923077e+01  1.000000e+01  6.000000e+00
   endloop
 endfacet
 facet normal  1.000000e+00  0.000000e+00  0.000000e+00
   outer loop
     vertex  6.223077e+01  8.000000e+00  1.050000e+01
     vertex  6.223077e+01  8.000000e+00  6.000000e+00
     vertex  6.223077e+01  1.000000e+01  6.000000e+00
   endloop
 endfacet
 facet normal  1.000000e+00 -0.000000e+00  0.000000e+00
   outer loop
     vertex  6.223077e+01  8.000000e+00  1.050000e+01
     vertex  6.223077e+01  1.000000e+01  6.000000e+00
     vertex  6.223077e+01  1.000000e+01  1.050000e+01
   endloop
 endfacet
 facet normal  0.000000e+00  0.000000e+00  1.000000e+00
   outer loop
     vertex  6.638462e+01  1.000000e+01  6.000000e+00
     vertex  6.223077e+01  1.000000e+01  6.000000e+00
     vertex  6.223077e+01  8.000000e+00  6.000000e+00
   endloop
 endfacet
 facet normal  0.000000e+00  0.000000e+00  1.000000e+00
   outer loop
     vertex  6.638462e+01  1.000000e+01  6.000000e+00
     vertex  6.223077e+01  8.000000e+00  6.000000e+00
     vertex  6.638462e+01  8.000000e+00  6.000000e+00
   endloop
 endfacet
 facet normal -0.000000e+00  0.000000e+00 -1.000000e+00
   outer loop
     vertex  6.638462e+01  1.000000e+01  1.050000e+01
     vertex  6.223077e+01  8.000000e+00  1.050000e+01
     vertex  6.223077e+01  1.000000e+01  1.050000e+01
   endloop
 endfacet
 facet normal  0.000000e+00 -0.000000e+00 -1.000000e+00
   outer loop
     vertex  6.638462e+01  1.000000e+01  1.050000e+01
     vertex  6.638462e+01  8.000000e+00  1.050000e+01
     vertex  6.223077e+01  8.000000e+00  1.050000e+01
   endloop
 endfacet
 facet normal -1.000000e+00  0.000000e+00  0.000000e+00
   outer loop
     vertex  6.638462e+01  8.000000e+00  1.050000e+01
     vertex  6.638462e+01  1.000000e+01  6.000000e+00
     vertex  6.638462e+01  8.000000e+00  6.000000e+00
   endloop
 endfacet
 facet normal -1.000000e+00  0.000000e+00  0.000000e+00
   outer loop
     vertex  6.638462e+01  8.000000e+00  1.050000e+01
     vertex  6.638462e+01  1.000000e+01  1.050000e+01
     vertex  6.638462e+01  1.000000e+01  6.000000e+00
   endloop
 endfacet
 facet normal  1.000000e+00  0.000000e+00  0.000000e+00
   outer loop
     vertex  6.938462e+01  8.000000e+00  1.050000e+01
     vertex  6.938462e+01  8.000000e+00  6.000000e+00
     vertex  6.938462e+01  1.000000e+01  6.000000e+00
   endloop
 endfacet
 facet normal  1.000000e+00 -0.000000e+00  0.000000e+00
   outer loop
     vertex  6.938462e+01  8.000000e+00  1.050000e+01
     vertex  6.938462e+01  1.000000e+01  6.000000e+00
     vertex  6.938462e+01  1.000000e+01  1.050000e+01
   endloop
 endfacet
 facet normal  0.000000e+00  0.000000e+00  1.000000e+00
   outer loop
     vertex  7.353846e+01  1.000000e+01  6.000000e+00
     vertex  6.938462e+01  1.000000e+01  6.000000e+00
     vertex  6.938462e+01  8.000000e+00  6.000000e+00
   endloop
 endfacet
 facet normal  0.000000e+00  0.000000e+00  1.000000e+00
   outer loop
     vertex  7.353846e+01  1.000000e+01  6.000000e+00
     vertex  6.938462e+01  8.000000e+00  6.000000e+00
     vertex  7.353846e+01  8.000000e+00  6.000000e+00
   endloop
 endfacet
 facet normal -0.000000e+00  0.000000e+00 -1.000000e+00
   outer loop
     vertex  7.353846e+01  1.000000e+01  1.050000e+01
     vertex  6.938462e+01  8.000000e+00  1.050000e+01
     vertex  6.938462e+01  1.000000e+01  1.050000e+01
   endloop
 endfacet
 facet normal  0.000000e+00 -0.000000e+00 -1.000000e+00
   outer loop
     vertex  7.353846e+01  1.000000e+01  1.050000e+01
     vertex  7.353846e+01  8.000000e+00  1.050000e+01
     vertex  6.938462e+01  8.000000e+00  1.050000e+01
   endloop
 endfacet
 facet normal -1.000000e+00  0.000000e+00  0.000000e+00
   outer loop
     vertex  7.353846e+01  8.000000e+00  1.050000e+01
     vertex  7.353846e+01  1.000000e+01  6.000000e+00
     vertex  7.353846e+01  8.000000e+00  6.000000e+00
   endloop
 endfacet
 facet normal -1.000000e+00  0.000000e+00  0.000000e+00
   outer loop
     vertex  7.353846e+01  8.000000e+00  1.050000e+01
     vertex  7.353846e+01  1.000000e+01  1.050000e+01
     vertex  7.353846e+01  1.000000e+01  6.000000e+00
   endloop
 endfacet
 facet normal  1.000000e+00  0.000000e+00  0.000000e+00
   outer loop
     vertex  7.653846e+01  8.000000e+00  1.050000e+01
     vertex  7.653846e+01  8.000000e+00  6.000000e+00
     vertex  7.653846e+01  1.000000e+01  6.000000e+00
   endloop
 endfacet
 facet normal  1.000000e+00 -0.000000e+00  0.000000e+00
   outer loop
     vertex  7.653846e+01  8.000000e+00  1.050000e+01
     vertex  7.653846e+01  1.000000e+01  6.000000e+00
     vertex  7.653846e+01  1.000000e+01  1.050000e+01
   endloop
 endfacet
 facet normal  0.000000e+00  0.000000e+00  1.000000e+00
   outer loop
     vertex  8.069231e+01  1.000000e+01  6.000000e+00
     vertex  7.653846e+01  1.000000e+01  6.000000e+00
     vertex  7.653846e+01  8.000000e+00  6.000000e+00
   endloop
 endfacet
 facet normal  0.000000e+00  0.000000e+00  1.000000e+00
   outer loop
     vertex  8.069231e+01  1.000000e+01  6.000000e+00
     vertex  7.653846e+01  8.000000e+00  6.000000e+00
     vertex  8.069231e+01  8.000000e+00  6.000000e+00
   endloop
 endfacet
 facet normal -0.000000e+00  0.000000e+00 -1.000000e+00
   outer loop
     vertex  8.069231e+01  1.000000e+01  1.050000e+01
     vertex  7.653846e+01  8.000000e+00  1.050000e+01
     vertex  7.653846e+01  1.000000e+01  1.050000e+01
   endloop
 endfacet
 facet normal  0.000000e+00 -0.000000e+00 -1.000000e+00
   outer loop
     vertex  8.069231e+01  1.000000e+01  1.050000e+01
     vertex  8.069231e+01  8.000000e+00  1.050000e+01
     vertex  7.653846e+01  8.000000e+00  1.050000e+01
   endloop
 endfacet
 facet normal -1.000000e+00  0.000000e+00  0.000000e+00
   outer loop
     vertex  8.069231e+01  8.000000e+00  1.050000e+01
     vertex  8.069231e+01  1.000000e+01  6.000000e+00
     vertex  8.069231e+01  8.000000e+00  6.000000e+00
   endloop
 endfacet
 facet normal -1.000000e+00  0.000000e+00  0.000000e+00
   outer loop
     vertex  8.069231e+01  8.000000e+00  1.050000e+01
     vertex  8.069231e+01  1.000000e+01  1.050000e+01
     vertex  8.069231e+01  1.000000e+01  6.000000e+00
   endloop
 endfacet
 facet normal  1.000000e+00  0.000000e+00  0.000000e+00
   outer loop
     vertex  8.369231e+01  8.000000e+00  1.050000e+01
     vertex  8.369231e+01  8.000000e+00  6.000000e+00
     vertex  8.369231e+01  1.000000e+01  6.000000e+00
   endloop
 endfacet
 facet normal  1.000000e+00 -0.000000e+00  0.000000e+00
   outer loop
     vertex  8.369231e+01  8.000000e+00  1.050000e+01
     vertex  8.369231e+01  1.000000e+01  6.000000e+00
     vertex  8.369231e+01  1.000000e+01  1.050000e+01
   endloop
 endfacet
 facet normal  0.000000e+00  0.000000e+00  1.000000e+00
   outer loop
     vertex  8.784615e+01  1.000000e+01  6.000000e+00
     vertex  8.369231e+01  1.000000e+01  6.000000e+00
     vertex  8.369231e+01  8.000000e+00  6.000000e+00
   endloop
 endfacet
 facet normal  0.000000e+00  0.000000e+00  1.000000e+00
   outer loop
     vertex  8.784615e+01  1.000000e+01  6.000000e+00
     vertex  8.369231e+01  8.000000e+00  6.000000e+00
     vertex  8.784615e+01  8.000000e+00  6.000000e+00
   endloop
 endfacet
 facet normal -0.000000e+00  0.000000e+00 -1.000000e+00
   outer loop
     vertex  8.784615e+01  1.000000e+01  1.050000e+01
     vertex  8.369231e+01  8.000000e+00  1.050000e+01
     vertex  8.369231e+01  1.000000e+01  1.050000e+01
   endloop
 endfacet
 facet normal  0.000000e+00 -0.000000e+00 -1.000000e+00
   outer loop
     vertex  8.784615e+01  1.000000e+01  1.050000e+01
     vertex  8.784615e+01  8.000000e+00  1.050000e+01
     vertex  8.369231e+01  8.000000e+00  1.050000e+01
   endloop
 endfacet
 facet normal -1.000000e+00  0.000000e+00  0.000000e+00
   outer loop
     vertex  8.784615e+01  8.000000e+00  1.050000e+01
     vertex  8.784615e+01  1.000000e+01  6.000000e+00
     vertex  8.784615e+01  8.000000e+00  6.000000e+00
   endloop
 endfacet
 facet normal -1.000000e+00  0.000000e+00  0.000000e+00
   outer loop
     vertex  8.784615e+01  8.000000e+00  1.050000e+01
     vertex  8.784615e+01  1.000000e+01  1.050000e+01
     vertex  8.784615e+01  1.000000e+01  6.000000e+00
   endloop
 endfacet
 facet normal  1.000000e+00  0.000000e+00  0.000000e+00
   outer loop
     vertex  9.084615e+01  8.000000e+00  1.050000e+01
     vertex  9.084615e+01  8.000000e+00  6.000000e+00
     vertex  9.084615e+01  1.000000e+01  6.000000e+00
   endloop
 endfacet
 facet normal  1.000000e+00 -0.000000e+00  0.000000e+00
   outer loop
     vertex  9.084615e+01  8.000000e+00  1.050000e+01
     vertex  9.084615e+01  1.000000e+01  6.000000e+00
     vertex  9.084615e+01  1.000000e+01  1.050000e+01
   endloop
 endfacet
 facet normal  0.000000e+00  0.000000e+00  1.000000e+00
   outer loop
     vertex  9.500000e+01  1.000000e+01  6.000000e+00
     vertex  9.084615e+01  1.000000e+01  6.000000e+00
     vertex  9.084615e+01  8.000000e+00  6.000000e+00
   endloop
 endfacet
 facet normal  0.000000e+00  0.000000e+00  1.000000e+00
   outer loop
     vertex  9.500000e+01  1.000000e+01  6.000000e+00
     vertex  9.084615e+01  8.000000e+00  6.000000e+00
     vertex  9.500000e+01  8.000000e+00  6.000000e+00
   endloop
 endfacet
 facet normal -0.000000e+00  0.000000e+00 -1.000000e+00
   outer loop
     vertex  9.500000e+01  1.000000e+01  1.050000e+01
     vertex  9.084615e+01  8.000000e+00  1.050000e+01
     vertex  9.084615e+01  1.000000e+01  1.050000e+01
   endloop
 endfacet
 facet normal  0.000000e+00 -0.000000e+00 -1.000000e+00
   outer loop
     vertex  9.500000e+01  1.000000e+01  1.050000e+01
     vertex  9.500000e+01  8.000000e+00  1.050000e+01
     vertex  9.084615e+01  8.000000e+00  1.050000e+01
   endloop
 endfacet
 facet normal -1.000000e+00  0.000000e+00  0.000000e+00
   outer loop
     vertex  9.500000e+01  8.000000e+00  1.050000e+01
     vertex  9.500000e+01  1.000000e+01  6.000000e+00
     vertex  9.500000e+01  8.000000e+00  6.000000e+00
   endloop
 endfacet
 facet normal -1.000000e+00  0.000000e+00  0.000000e+00
   outer loop
     vertex  9.500000e+01  8.000000e+00  1.050000e+01
     vertex  9.500000e+01  1.000000e+01  1.050000e+01
     vertex  9.500000e+01  1.000000e+01  6.000000e+00
   endloop
 endfacet
 facet normal  1.000000e+00  0.000000e+00  0.000000e+00
   outer loop
     vertex  5.000000e+00  1.600000e+01  4.500000e+00
     vertex  5.000000e+00  1.600000e+01  3.000000e+00
     vertex  5.000000e+00  1.800000e+01  3.000000e+00
   endloop
 endfacet
 facet normal  1.000000e+00 -0.000000e+00  0.000000e+00
   outer loop
     vertex  5.000000e+00  1.600000e+01  4.500000e+00
     vertex  5.000000e+00  1.800000e+01  3.000000e+00
     vertex  5.000000e+00  1.800000e+01  4.500000e+00
   endloop
 endfacet
 facet normal -0.000000e+00  0.000000e+00 -1.000000e+00
   outer loop
     vertex  9.153846e+00  1.800000e+01  4.500000e+00
     vertex  5.000000e+00  1.600000e+01  4.500000e+00
     vertex  5.000000e+00  1.800000e+01  4.500000e+00
   endloop
 endfacet
 facet normal  0.000000e+00 -0.000000e+00 -1.000000e+00
   outer loop
     vertex  9.153846e+00  1.800000e+01  4.500000e+00
     vertex  9.153846e+00  1.600000e+01  4.500000e+00
     vertex  5.000000e+00  1.600000e+01  4.500000e+00
   endloop
 endfacet
 facet normal -1.000000e+00  0.000000e+00  0.000000e+00
   outer loop
     vertex  9.153846e+00  1.600000e+01  4.500000e+00
     vertex  9.153846e+00  1.800000e+01  3.000000e+00
     vertex  9.153846e+00  1.600000e+01  3.000000e+00
   endloop
 endfacet
 facet normal -1.000000e+00  0.000000e+00  0.000000e+00
   outer loop
     vertex  9.153846e+00  1.600000e+01  4.500000e+00
     vertex  9.153846e+00  1.800000e+01  4.500000e+00
     vertex  9.153846e+00  1.800000e+01  3.000000e+00
   endloop
 endfacet
 facet normal -0.000000e+00  0.000000e+00 -1.000000e+00
   outer loop
     vertex  1.215385e+01  1.800000e+01  3.000000e+00
     vertex  9.153846e+00  1.600000e+01  3.000000e+00
     vertex  9.153846e+00  1.800000e+01  3.000000e+00
   endloop
 endfacet
 facet normal  0.000000e+00 -0.000000e+00 -1.000000e+00
   outer loop
     vertex  1.215385e+01  1.800000e+01  3.000000e+00
     vertex  1.215385e+01  1.600000e+01  3.000000e+00
     vertex  9.153846e+00  1.600000e+01  3.000000e+00
   endloop
 endfacet
 facet normal  1.000000e+00  0.000000e+00  0.000000e+00
   outer loop
     vertex  1.215385e+01  1.600000e+01  4.500000e+00
     vertex  1.215385e+01  1.600000e+01  3.000000e+00
     vertex  1.215385e+01  1.800000e+01  3.000000e+00
   endloop
 endfacet
 facet normal  1.000000e+00 -0.000000e+00  0.000000e+00
   outer loop
     vertex  1.215385e+01  1.600000e+01  4.500000e+00
     vertex  1.215385e+01  1.800000e+01  3.000000e+00
     vertex  1.215385e+01  1.800000e+01  4.500000e+00
   endloop
 endfacet
 facet normal -0.000000e+00  0.000000e+00 -1.000000e+00
   outer loop
     vertex  1.630769e+01  1.800000e+01  4.500000e+00
     vertex  1.215385e+01  1.600000e+01  4.500000e+00
     vertex  1.215385e+01  1.800000e+01  4.500000e+00
   endloop
 endfacet
 facet normal  0.000000e+00 -0.000000e+00 -1.000000e+00
   outer loop
     vertex  1.630769e+01  1.800000e+01  4.500000e+00
     vertex  1.630769e+01  1.600000e+01  4.500000e+00
     vertex  1.215385e+01  1.600000e+01  4.500000e+00
   endloop
 endfacet
 facet normal -1.000000e+00  0.000000e+00  0.000000e+00
   outer loop
     vertex  1.630769e+01  1.600000e+01  4.500000e+00
     vertex  1.630769e+01  1.800000e+01  3.000000e+00
     vertex  1.630769e+01  1.600000e+01  3.000000e+00
   endloop
 endfacet
 facet normal -1.000000e+00  0.000000e+00  0.000000e+00
   outer loop
     vertex  1.630769e+01  1.600000e+01  4.500000e+00
     vertex  1.630769e+01  1.800000e+01  4.500000e+00
     vertex  1.630769e+01  1.800000e+01  3.000000e+00
   endloop
 endfacet
 facet normal -0.000000e+00  0.000000e+00 -1.000000e+00
   outer loop
     vertex  1.930769e+01  1.800000e+01  3.000000e+00
     vertex  1.630769e+01  1.600000e+01  3.000000e+00
     vertex  1.630769e+01  1.800000e+01  3.000000e+00
   endloop
 endfacet
 facet normal  0.000000e+00 -0.000000e+00 -1.000000e+00
   outer loop
     vertex  1.930769e+01  1.800000e+01  3.000000e+00
     vertex  1.930769e+01  1.600000e+01  3.000000e+00
     vertex  1.630769e+01  1.600000e+01  3.000000e+00
   endloop
 endfacet
 facet normal  1.000000e+00  0.000000e+00  0.000000e+00
   outer loop
     vertex  1.930769e+01  1.600000e+01  4.500000e+00
     vertex  1.930769e+01  1.600000e+01  3.000000e+00
     vertex  1.930769e+01  1.800000e+01  3.000000e+00
   endloop
 endfacet
 facet normal  1.000000e+00 -0.000000e+00  0.000000e+00
   outer loop
     vertex  1.930769e+01  1.600000e+01  4.500000e+00
     vertex  1.930769e+01  1.800000e+01  3.000000e+00
     vertex  1.930769e+01  1.800000e+01  4.500000e+00
   endloop
 endfacet
 facet normal -0.000000e+00  0.000000e+00 -1.000000e+00
   outer loop
     vertex  2.346154e+01  1.800000e+01  4.500000e+00
     vertex  1.930769e+01  1.600000e+01  4.500000e+00
     vertex  1.930769e+01  1.800000e+01  4.500000e+00
   endloop
 endfacet
 facet normal  0.000000e+00 -0.000000e+00 -1.000000e+00
   outer loop
     vertex  2.346154e+01  1.800000e+01  4.500000e+00
     vertex  2.346154e+01  1.600000e+01  4.500000e+00
     vertex  1.930769e+01  1.600000e+01  4.500000e+00
   endloop
 endfacet
 facet normal -1.000000e+00  0.000000e+00  0.000000e+00
   outer loop
     vertex  2.346154e+01  1.600000e+01  4.500000e+00
     vertex  2.346154e+01  1.800000e+01  3.000000e+00
     vertex  2.346154e+01  1.600000e+01  3.000000e+00
   endloop
 endfacet
 facet normal -1.000000e+00  0.000000e+00  0.000000e+00
   outer loop
     vertex  2.346154e+01  1.600000e+01  4.500000e+00
     vertex  2.346154e+01  1.800000e+01  4.500000e+00
     vertex  2.346154e+01  1.800000e+01  3.000000e+00
   endloop
 endfacet
 facet normal -0.000000e+00  0.000000e+00 -1.000000e+00
   outer loop
     vertex  2.646154e+01  1.800000e+01  3.000000e+00
     vertex  2.346154e+01  1.600000e+01  3.000000e+00
     vertex  2.346154e+01  1.800000e+01  3.000000e+00
   endloop
 endfacet
 facet normal  0.000000e+00 -0.000000e+00 -1.000000e+00
   outer loop
     vertex  2.646154e+01  1.800000e+01  3.000000e+00
     vertex  2.646154e+01  1.600000e+01  3.000000e+00
     vertex  2.346154e+01  1.600000e+01  3.000000e+00
   endloop
 endfacet
 facet normal  1.000000e+00  0.000000e+00  0.000000e+00
   outer loop
     vertex  2.646154e+01  1.600000e+01  4.500000e+00
     vertex  2.646154e+01  1.600000e+01  3.000000e+00
     vertex  2.646154e+01  1.800000e+01  3.000000e+00
   endloop
 endfacet
 facet normal  1.000000e+00 -0.000000e+00  0.000000e+00
   outer loop
     vertex  2.646154e+01  1.600000e+01  4.500000e+00
     vertex  2.646154e+01  1.800000e+01  3.000000e+00
     vertex  2.646154e+01  1.800000e+01  4.500000e+00
   endloop
 endfacet
 facet normal -0.000000e+00  0.000000e+00 -1.000000e+00
   outer loop
     vertex  3.061538e+01  1.800000e+01  4.500000e+00
     vertex  2.646154e+01  1.600000e+01  4.500000e+00
     vertex  2.646154e+01  1.800000e+01  4.500000e+00
   endloop
 endfacet
 facet normal  0.000000e+00 -0.000000e+00 -1.000000e+00
   outer loop
     vertex  3.061538e+01  1.800000e+01  4.500000e+00
     vertex  3.061538e+01  1.600000e+01  4.500000e+00
     vertex  2.646154e+01  1.600000e+01  4.500000e+00
   endloop
 endfacet
 facet normal -1.000000e+00  0.000000e+00  0.000000e+00
   outer loop
     vertex  3.061538e+01  1.600000e+01  4.500000e+00
     vertex  3.061538e+01  1.800000e+01  3.000000e+00
     vertex  3.061538e+01  1.600000e+01  3.000000e+00
   endloop
 endfacet
 facet normal -1.000000e+00  0.000000e+00  0.000000e+00
   outer loop
     vertex  3.061538e+01  1.600000e+01  4.500000e+00
     vertex  3.061538e+01  1.800000e+01  4.500000e+00
     vertex  3.061538e+01  1.800000e+01  3.000000e+00
   endloop
 endfacet
 facet normal -0.000000e+00  0.000000e+00 -1.000000e+00
   outer loop
     vertex  3.361538e+01  1.800000e+01  3.000000e+00
     vertex  3.061538e+01  1.600000e+01  3.000000e+00
     vertex  3.061538e+01  1.800000e+01  3.000000e+00
   endloop
 endfacet
 facet normal  0.000000e+00 -0.000000e+00 -1.000000e+00
   outer loop
     vertex  3.361538e+01  1.800000e+01  3.000000e+00
     vertex  3.361538e+01  1.600000e+01  3.000000e+00
     vertex  3.061538e+01  1.600000e+01  3.000000e+00
   endloop
 endfacet
 facet normal  1.000000e+00  0.000000e+00  0.000000e+00
   outer loop
     vertex  3.361538e+01  1.600000e+01  4.500000e+00
     vertex  3.361538e+01  1.600000e+01  3.000000e+00
     vertex  3.361538e+01  1.800000e+01  3.000000e+00
   endloop
 endfacet
 facet normal  1.000000e+00 -0.000000e+00  0.000000e+00
   outer loop
     vertex  3.361538e+01  1.600000e+01  4.500000e+00
     vertex  3.361538e+01  1.800000e+01  3.000000e+00
     vertex  3.361538e+01  1.800000e+01  4.500000e+00
   endloop
 endfacet
 facet normal -0.000000e+00  0.000000e+00 -1.000000e+00
   outer loop
     vertex  3.776923e+01  1.800000e+01  4.500000e+00
     vertex  3.361538e+01  1.600000e+01  4.500000e+00
     vertex  3.361538e+01  1.800000e+01  4.500000e+00
   endloop
 endfacet
 facet normal  0.000000e+00 -0.000000e+00 -1.000000e+00
   outer loop
     vertex  3.776923e+01  1.800000e+01  4.500000e+00
     vertex  3.776923e+01  1.600000e+01  4.500000e+00
     vertex  3.361538e+01  1.600000e+01  4.500000e+00
   endloop
 endfacet
 facet normal -1.000000e+00  0.000000e+00  0.000000e+00
   outer loop
     vertex  3.776923e+01  1.600000e+01  4.500000e+00
     vertex  3.776923e+01  1.800000e+01  3.000000e+00
     vertex  3.776923e+01  1.600000e+01  3.000000e+00
   endloop
 endfacet
 facet normal -1.000000e+00  0.000000e+00  0.000000e+00
   outer loop
     vertex  3.776923e+01  1.600000e+01  4.500000e+00
     vertex  3.776923e+01  1.800000e+01  4.500000e+00
     vertex  3.776923e+01  1.800000e+01  3.000000e+00
   endloop
 endfacet
 facet normal -0.000000e+00  0.000000e+00 -1.000000e+00
   outer loop
     vertex  4.076923e+01  1.800000e+01  3.000000e+00
     vertex  3.776923e+01  1.600000e+01  3.000000e+00
     vertex  3.776923e+01  1.800000e+01  3.000000e+00
   endloop
 endfacet
 facet normal  0.000000e+00 -0.000000e+00 -1.000000e+00
   outer loop
     vertex  4.076923e+01  1.800000e+01  3.000000e+00
     vertex  4.076923e+01  1.600000e+01  3.000000e+00
     vertex  3.776923e+01  1.600000e+01  3.000000e+00
   endloop
 endfacet
 facet normal  1.000000e+00  0.000000e+00  0.000000e+00
   outer loop
     vertex  4.076923e+01  1.600000e+01  4.500000e+00
     vertex  4.076923e+01  1.600000e+01  3.000000e+00
     vertex  4.076923e+01  1.800000e+01  3.000000e+00
   endloop
 endfacet
 facet normal  1.000000e+00 -0.000000e+00  0.000000e+00
   outer loop
     vertex  4.076923e+01  1.600000e+01  4.500000e+00
     vertex  4.076923e+01  1.800000e+01  3.000000e+00
     vertex  4.076923e+01  1.800000e+01  4.500000e+00
   endloop
 endfacet
 facet normal -0.000000e+00  0.000000e+00 -1.000000e+00
   outer loop
     vertex  4.492308e+01  1.800000e+01  4.500000e+00
     vertex  4.076923e+01  1.600000e+01  4.500000e+00
     vertex  4.076923e+01  1.800000e+01  4.500000e+00
   endloop
 endfacet
 facet normal  0.000000e+00 -0.000000e+00 -1.000000e+00
   outer loop
     vertex  4.492308e+01  1.800000e+01  4.500000e+00
     vertex  4.492308e+01  1.600000e+01  4.500000e+00
     vertex  4.076923e+01  1.600000e+01  4.500000e+00
   endloop
 endfacet
 facet normal -1.000000e+00  0.000000e+00  0.000000e+00
   outer loop
     vertex  4.492308e+01  1.600000e+01  4.500000e+00
     vertex  4.492308e+01  1.800000e+01  3.000000e+00
     vertex  4.492308e+01  1.600000e+01  3.000000e+00
   endloop
 endfacet
 facet normal -1.000000e+00  0.000000e+00  0.000000e+00
   outer loop
     vertex  4.492308e+01  1.600000e+01  4.500000e+00
     vertex  4.492308e+01  1.800000e+01  4.500000e+00
     vertex  4.492308e+01  1.800000e+01  3.000000e+00
   endloop
 endfacet
 facet normal -0.000000e+00  0.000000e+00 -1.000000e+00
   outer loop
     vertex  4.792308e+01  1.800000e+01  3.000000e+00
     vertex  4.492308e+01  1.600000e+01  3.000000e+00
     vertex  4.492308e+01  1.800000e+01  3.000000e+00
   endloop
 endfacet
 facet normal  0.000000e+00 -0.000000e+00 -1.000000e+00
   outer loop
     vertex  4.792308e+01  1.800000e+01  3.000000e+00
     vertex  4.792308e+01  1.600000e+01  3.000000e+00
     vertex  4.492308e+01  1.600000e+01  3.000000e+00
   endloop
 endfacet
 facet normal  1.000000e+00  0.000000e+00  0.000000e+00
   outer loop
     vertex  4.792308e+01  1.600000e+01  4.500000e+00
     vertex  4.792308e+01  1.600000e+01  3.000000e+00
     vertex  4.792308e+01  1.800000e+01  3.000000e+00
   endloop
 endfacet
 facet normal  1.000000e+00 -0.000000e+00  0.000000e+00
   outer loop
     vertex  4.792308e+01  1.600000e+01  4.500000e+00
     vertex  4.792308e+01  1.800000e+01  3.000000e+00
     vertex  4.792308e+01  1.800000e+01  4.500000e+00
   endloop
 endfacet
 facet normal -0.000000e+00  0.000000e+00 -1.000000e+00
   outer loop
     vertex  5.207692e+01  1.800000e+01  4.500000e+00
     vertex  4.792308e+01  1.600000e+01  4.500000e+00
     vertex  4.792308e+01  1.800000e+01  4.500000e+00
   endloop
 endfacet
 facet normal  0.000000e+00 -0.000000e+00 -1.000000e+00
   outer loop
     vertex  5.207692e+01  1.800000e+01  4.500000e+00
     vertex  5.207692e+01  1.600000e+01  4.500000e+00
     vertex  4.792308e+01  1.600000e+01  4.500000e+00
   endloop
 endfacet
 facet normal -1.000000e+00  0.000000e+00  0.000000e+00
   outer loop
     vertex  5.207692e+01  1.600000e+01  4.500000e+00
     vertex  5.207692e+01  1.800000e+01  3.000000e+00
     vertex  5.207692e+01  1.600000e+01  3.000000e+00
   endloop
 endfacet
 facet normal -1.000000e+00  0.000000e+00  0.000000e+00
   outer loop
     vertex  5.207692e+01  1.600000e+01  4.500000e+00
     vertex  5.207692e+01  1.800000e+01  4.500000e+00
     vertex  5.207692e+01  1.800000e+01  3.000000e+00
   endloop
 endfacet
 facet normal -0.000000e+00  0.000000e+00 -1.000000e+00
   outer loop
     vertex  5.507692e+01  1.800000e+01  3.000000e+00
     vertex  5.207692e+01  1.600000e+01  3.000000e+00
     vertex  5.207692e+01  1.800000e+01  3.000000e+00
   endloop
 endfacet
 facet normal  0.000000e+00 -0.000000e+00 -1.000000e+00
   outer loop
     vertex  5.507692e+01  1.800000e+01  3.000000e+00
     vertex  5.507692e+01  1.600000e+01  3.000000e+00
     vertex  5.207692e+01  1.600000e+01  3.000000e+00
   endloop
 endfacet
 facet normal  1.000000e+00  0.000000e+00  0.000000e+00
   outer loop
     vertex  5.507692e+01  1.600000e+01  4.500000e+00
     vertex  5.507692e+01  1.600000e+01  3.000000e+00
     vertex  5.507692e+01  1.800000e+01  3.000000e+00
   endloop
 endfacet
 facet normal  1.000000e+00 -0.000000e+00  0.000000e+00
   outer loop
     vertex  5.507692e+01  1.600000e+01  4.500000e+00
     vertex  5.507692e+01  1.800000e+01  3.000000e+00
     vertex  5.507692e+01  1.800000e+01  4.500000e+00
   endloop
 endfacet
 facet normal -0.000000e+00  0.000000e+00 -1.000000e+00
   outer loop
     vertex  5.923077e+01  1.800000e+01  4.500000e+00
     vertex  5.507692e+01  1.600000e+01  4.500000e+00
     vertex  5.507692e+01  1.800000e+01  4.500000e+00
   endloop
 endfacet
 facet normal  0.000000e+00 -0.000000e+00 -1.000000e+00
   outer loop
     vertex  5.923077e+01  1.800000e+01  4.500000e+00
     vertex  5.923077e+01  1.600000e+01  4.500000e+00
     vertex  5.507692e+01  1.600000e+01  4.500000e+00
   endloop
 endfacet
 facet normal -1.000000e+00  0.000000e+00  0.000000e+00
   outer loop
     vertex  5.923077e+01  1.600000e+01  4.500000e+00
     vertex  5.923077e+01  1.800000e+01  3.000000e+00
     vertex  5.923077e+01  1.600000e+01  3.000000e+00
   endloop
 endfacet
 facet normal -1.000000e+00  0.000000e+00  0.000000e+00
   outer loop
     vertex  5.923077e+01  1.600000e+01  4.500000e+00
     vertex  5.923077e+01  1.800000e+01  4.500000e+00
     vertex  5.923077e+01  1.800000e+01  3.000000e+00
   endloop
 endfacet
 facet normal -0.000000e+00  0.000000e+00 -1.000000e+00
   outer loop
     vertex  6.223077e+01  1.800000e+01  3.000000e+00
     vertex  5.923077e+01  1.600000e+01  3.000000e+00
     vertex  5.923077e+01  1.800000e+01  3.000000e+00
   endloop
 endfacet
 facet normal  0.000000e+00 -0.000000e+00 -1.000000e+00
   outer loop
     vertex  6.223077e+01  1.800000e+01  3.000000e+00
     vertex  6.223077e+01  1.600000e+01  3.000000e+00
     vertex  5.923077e+01  1.600000e+01  3.000000e+00
   endloop
 endfacet
 facet normal  1.000000e+00  0.000000e+00  0.000000e+00
   outer loop
     vertex  6.223077e+01  1.600000e+01  4.500000e+00
     vertex  6.223077e+01  1.600000e+01  3.000000e+00
     vertex  6.223077e+01  1.800000e+01  3.000000e+00
   endloop
 endfacet
 facet normal  1.000000e+00 -0.000000e+00  0.000000e+00
   outer loop
     vertex  6.223077e+01  1.600000e+01  4.500000e+00
     vertex  6.223077e+01  1.800000e+01  3.000000e+00
     vertex  6.223077e+01  1.800000e+01  4.500000e+00
   endloop
 endfacet
 facet normal -0.000000e+00  0.000000e+00 -1.000000e+00
   outer loop
     vertex  6.638462e+01  1.800000e+01  4.500000e+00
     vertex  6.223077e+01  1.600000e+01  4.500000e+00
     vertex  6.223077e+01  1.800000e+01  4.500000e+00
   endloop
 endfacet
 facet normal  0.000000e+00 -0.000000e+00 -1.000000e+00
   outer loop
     vertex  6.638462e+01  1.800000e+01  4.500000e+00
     vertex  6.638462e+01  1.600000e+01  4.500000e+00
     vertex  6.223077e+01  1.600000e+01  4.500000e+00
   endloop
 endfacet
 facet normal -1.000000e+00  0.000000e+00  0.000000e+00
   outer loop
     vertex  6.638462e+01  1.600000e+01  4.500000e+00
     vertex  6.638462e+01  1.800000e+01  3.000000e+00
     vertex  6.638462e+01  1.600000e+01  3.000000e+00
   endloop
 endfacet
 facet normal -1.000000e+00  0.000000e+00  0.000000e+00
   outer loop
     vertex  6.638462e+01  1.600000e+01  4.500000e+00
     vertex  6.638462e+01  1.800000e+01  4.500000e+00
     vertex  6.638462e+01  1.800000e+01  3.000000e+00
   endloop
 endfacet
 facet normal -0.000000e+00  0.000000e+00 -1.000000e+00
   outer loop
     vertex  6.938462e+01  1.800000e+01  3.000000e+00
     vertex  6.638462e+01  1.600000e+01  3.000000e+00
     vertex  6.638462e+01  1.800000e+01  3.000000e+00
   endloop
 endfacet
 facet normal  0.000000e+00 -0.000000e+00 -1.000000e+00
   outer loop
     vertex  6.938462e+01  1.800000e+01  3.000000e+00
     vertex  6.938462e+01  1.600000e+01  3.000000e+00
     vertex  6.638462e+01  1.600000e+01  3.000000e+00
   endloop
 endfacet
 facet normal  1.000000e+00  0.000000e+00  0.000000e+00
   outer loop
     vertex  6.938462e+01  1.600000e+01  4.500000e+00
     vertex  6.938462e+01  1.600000e+01  3.000000e+00
     vertex  6.938462e+01  1.800000e+01  3.000000e+00
   endloop
 endfacet
 facet normal  1.000000e+00 -0.000000e+00  0.000000e+00
   outer loop
     vertex  6.938462e+01  1.600000e+01  4.500000e+00
     vertex  6.938462e+01  1.800000e+01  3.000000e+00
     vertex  6.938462e+01  1.800000e+01  4.500000e+00
   endloop
 endfacet
 facet normal -0.000000e+00  0.000000e+00 -1.000000e+00
   outer loop
     vertex  7.353846e+01  1.800000e+01  4.500000e+00
     vertex  6.938462e+01  1.600000e+01  4.500000e+00
     vertex  6.938462e+01  1.800000e+01  4.500000e+00
   endloop
 endfacet
 facet normal  0.000000e+00 -0.000000e+00 -1.000000e+00
   outer loop
     vertex  7.353846e+01  1.800000e+01  4.500000e+00
     vertex  7.353846e+01  1.600000e+01  4.500000e+00
     vertex  6.938462e+01  1.600000e+01  4.500000e+00
   endloop
 endfacet
 facet normal -1.000000e+00  0.000000e+00  0.000000e+00
   outer loop
     vertex  7.353846e+01  1.600000e+01  4.500000e+00
     vertex  7.353846e+01  1.800000e+01  3.000000e+00
     vertex  7.353846e+01  1.600000e+01  3.000000e+00
   endloop
 endfacet
 facet normal -1.000000e+00  0.000000e+00  0.000000e+00
   outer loop
     vertex  7.353846e+01  1.600000e+01  4.500000e+00
     vertex  7.353846e+01  1.800000e+01  4.500000e+00
     vertex  7.353846e+01  1.800000e+01  3.000000e+00
   endloop
 endfacet
 facet normal -0.000000e+00  0.000000e+00 -1.000000e+00
   outer loop
     vertex  7.653846e+01  1.800000e+01  3.000000e+00
     vertex  7.353846e+01  1.600000e+01  3.000000e+00
     vertex  7.353846e+01  1.800000e+01  3.000000e+00
   endloop
 endfacet
 facet normal  0.000000e+00 -0.000000e+00 -1.000000e+00
   outer loop
     vertex  7.653846e+01  1.800000e+01  3.000000e+00
     vertex  7.653846e+01  1.600000e+01  3.000000e+00
     vertex  7.353846e+01  1.600000e+01  3.000000e+00
   endloop
 endfacet
 facet normal  1.000000e+00  0.000000e+00  0.000000e+00
   outer loop
     vertex  7.653846e+01  1.600000e+01  4.500000e+00
     vertex  7.653846e+01  1.600000e+01  3.000000e+00
     vertex  7.653846e+01  1.800000e+01  3.000000e+00
   endloop
 endfacet
 facet normal  1.000000e+00 -0.000000e+00  0.000000e+00
   outer loop
     vertex  7.653846e+01  1.600000e+01  4.500000e+00
     vertex  7.653846e+01  1.800000e+01  3.000000e+00
     vertex  7.653846e+01  1.800000e+01  4.500000e+00
   endloop
 endfacet
 facet normal -0.000000e+00  0.000000e+00 -1.000000e+00
   outer loop
     vertex  8.069231e+01  1.800000e+01  4.500000e+00
     vertex  7.653846e+01  1.600000e+01  4.500000e+00
     vertex  7.653846e+01  1.800000e+01  4.500000e+00
   endloop
 endfacet
 facet normal  0.000000e+00 -0.000000e+00 -1.000000e+00
   outer loop
     vertex  8.069231e+01  1.800000e+01  4.500000e+00
     vertex  8.069231e+01  1.600000e+01  4.500000e+00
     vertex  7.653846e+01  1.600000e+01  4.500000e+00
   endloop
 endfacet
 facet normal -1.000000e+00  0.000000e+00  0.000000e+00
   outer loop
     vertex  8.069231e+01  1.600000e+01  4.500000e+00
     vertex  8.069231e+01  1.800000e+01  3.000000e+00
     vertex  8.069231e+01  1.600000e+01  3.000000e+00
   endloop
 endfacet
 facet normal -1.000000e+00  0.000000e+00  0.000000e+00
   outer loop
     vertex  8.069231e+01  1.600000e+01  4.500000e+00
     vertex  8.069231e+01  1.800000e+01  4.500000e+00
     vertex  8.069231e+01  1.800000e+01  3.000000e+00
   endloop
 endfacet
 facet normal -0.000000e+00  0.000000e+00 -1.000000e+00
   outer loop
     vertex  8.369231e+01  1.800000e+01  3.000000e+00
     vertex  8.069231e+01  1.600000e+01  3.000000e+00
     vertex  8.069231e+01  1.800000e+01  3.000000e+00
   endloop
 endfacet
 facet normal  0.000000e+00 -0.000000e+00 -1.000000e+00
   outer loop
     vertex  8.369231e+01  1.800000e+01  3.000000e+00
     vertex  8.369231e+01  1.600000e+01  3.000000e+00
     vertex  8.069231e+01  1.600000e+01  3.000000e+00
   endloop
 endfacet
 facet normal  1.000000e+00  0.000000e+00  0.000000e+00
   outer loop
     vertex  8.369231e+01  1.600000e+01  4.500000e+00
     vertex  8.369231e+01  1.600000e+01  3.000000e+00
     vertex  8.369231e+01  1.800000e+01  3.000000e+00
   endloop
 endfacet
 facet normal  1.000000e+00 -0.000000e+00  0.000000e+00
   outer loop
     vertex  8.369231e+01  1.600000e+01  4.500000e+00
     vertex  8.369231e+01  1.800000e+01  3.000000e+00
     vertex  8.369231e+01  1.800000e+01  4.500000e+00
   endloop
 endfacet
 facet normal -0.000000e+00  0.000000e+00 -1.000000e+00
   outer loop
     vertex  8.784615e+01  1.800000e+01  4.500000e+00
     vertex  8.369231e+01  1.600000e+01  4.500000e+00
     vertex  8.369231e+01  1.800000e+01  4.500000e+00
   endloop
 endfacet
 facet normal  0.000000e+00 -0.000000e+00 -1.000000e+00
   outer loop
     vertex  8.784615e+01  1.800000e+01  4.500000e+00
     vertex  8.784615e+01  1.600000e+01  4.500000e+00
     vertex  8.369231e+01  1.600000e+01  4.500000e+00
   endloop
 endfacet
 facet normal -1.000000e+00  0.000000e+00  0.000000e+00
   outer loop
     vertex  8.784615e+01  1.600000e+01  4.500000e+00
     vertex  8.784615e+01  1.800000e+01  3.000000e+00
     vertex  8.784615e+01  1.600000e+01  3.000000e+00
   endloop
 endfacet
 facet normal -1.000000e+00  0.000000e+00  0.000000e+00
   outer loop
     vertex  8.784615e+01  1.600000e+01  4.500000e+00
     vertex  8.784615e+01  1.800000e+01  4.500000e+00
     vertex  8.784615e+01  1.800000e+01  3.000000e+00
   endloop
 endfacet
 facet normal -0.000000e+00  0.000000e+00 -1.000000e+00
   outer loop
     vertex  9.084615e+01  1.800000e+01  3.000000e+00
     vertex  8.784615e+01  1.600000e+01  3.000000e+00
     vertex  8.784615e+01  1.800000e+01  3.000000e+00
   endloop
 endfacet
 facet normal  0.000000e+00 -0.000000e+00 -1.000000e+00
   outer loop
     vertex  9.084615e+01  1.800000e+01  3.000000e+00
     vertex  9.084615e+01  1.600000e+01  3.000000e+00
     vertex  8.784615e+01  1.600000e+01  3.000000e+00
   endloop
 endfacet
 facet normal  1.000000e+00  0.000000e+00  0.000000e+00
   outer loop
     vertex  9.084615e+01  1.600000e+01  4.500000e+00
     vertex  9.084615e+01  1.600000e+01  3.000000e+00
     vertex  9.084615e+01  1.800000e+01  3.000000e+00
   endloop
 endfacet
 facet normal  1.000000e+00 -0.000000e+00  0.000000e+00
   outer loop
     vertex  9.084615e+01  1.600000e+01  4.500000e+00
     vertex  9.084615e+01  1.800000e+01  3.000000e+00
     vertex  9.084615e+01  1.800000e+01  4.500000e+00
   endloop
 endfacet
 facet normal -0.000000e+00  0.000000e+00 -1.000000e+00
   outer loop
     vertex  9.500000e+01  1.800000e+01  4.500000e+00
     vertex  9.084615e+01  1.600000e+01  4.500000e+00
     vertex  9.084615e+01  1.800000e+01  4.500000e+00
   endloop
 endfacet
 facet normal  0.000000e+00 -0.000000e+00 -1.000000e+00
   outer loop
     vertex  9.500000e+01  1.800000e+01  4.500000e+00
     vertex  9.500000e+01  1.600000e+01  4.500000e+00
     vertex  9.084615e+01  1.600000e+01  4.500000e+00
   endloop
 endfacet
 facet normal -1.000000e+00  0.000000e+00  0.000000e+00
   outer loop
     vertex  9.500000e+01  1.600000e+01  4.500000e+00
     vertex  9.500000e+01  1.800000e+01  3.000000e+00
     vertex  9.500000e+01  1.600000e+01  3.000000e+00
   endloop
 endfacet
 facet normal -1.000000e+00  0.000000e+00  0.000000e+00
   outer loop
     vertex  9.500000e+01  1.600000e+01  4.500000e+00
     vertex  9.500000e+01  1.800000e+01  4.500000e+00
     vertex  9.500000e+01  1.800000e+01  3.000000e+00
   endloop
 endfacet
 facet normal  1.000000e+00  0.000000e+00  0.000000e+00
   outer loop
     vertex  5.000000e+00  1.600000e+01  1.050000e+01
     vertex  5.000000e+00  1.600000e+01  6.000000e+00
     vertex  5.000000e+00  1.800000e+01  6.000000e+00
   endloop
 endfacet
 facet normal  1.000000e+00 -0.000000e+00  0.000000e+00
   outer loop
     vertex  5.000000e+00  1.600000e+01  1.050000e+01
     vertex  5.000000e+00  1.800000e+01  6.000000e+00
     vertex  5.000000e+00  1.800000e+01  1.050000e+01
   endloop
 endfacet
 facet normal  0.000000e+00  0.000000e+00  1.000000e+00
   outer loop
     vertex  9.153846e+00  1.800000e+01  6.000000e+00
     vertex  5.000000e+00  1.800000e+01  6.000000e+00
     vertex  5.000000e+00  1.600000e+01  6.000000e+00
   endloop
 endfacet
 facet normal  0.000000e+00  0.000000e+00  1.000000e+00
   outer loop
     vertex  9.153846e+00  1.800000e+01  6.000000e+00
     vertex  5.000000e+00  1.600000e+01  6.000000e+00
     vertex  9.153846e+00  1.600000e+01  6.000000e+00
   endloop
 endfacet
 facet normal -0.000000e+00  0.000000e+00 -1.000000e+00
   outer loop
     vertex  9.153846e+00  1.800000e+01  1.050000e+01
     vertex  5.000000e+00  1.600000e+01  1.050000e+01
     vertex  5.000000e+00  1.800000e+01  1.050000e+01
   endloop
 endfacet
 facet normal  0.000000e+00 -0.000000e+00 -1.000000e+00
   outer loop
     vertex  9.153846e+00  1.800000e+01  1.050000e+01
     vertex  9.153846e+00  1.600000e+01  1.050000e+01
     vertex  5.000000e+00  1.600000e+01  1.050000e+01
   endloop
 endfacet
 facet normal -1.000000e+00  0.000000e+00  0.000000e+00
   outer loop
     vertex  9.153846e+00  1.600000e+01  1.050000e+01
     vertex  9.153846e+00  1.800000e+01  6.000000e+00
     vertex  9.153846e+00  1.600000e+01  6.000000e+00
   endloop
 endfacet
 facet normal -1.000000e+00  0.000000e+00  0.000000e+00
   outer loop
     vertex  9.153846e+00  1.600000e+01  1.050000e+01
     vertex  9.153846e+00  1.800000e+01  1.050000e+01
     vertex  9.153846e+00  1.800000e+01  6.000000e+00
   endloop
 endfacet
 facet normal  1.000000e+00  0.000000e+00  0.000000e+00
   outer loop
     vertex  1.215385e+01  1.600000e+01  1.050000e+01
     vertex  1.215385e+01  1.600000e+01  6.000000e+00
     vertex  1.215385e+01  1.800000e+01  6.000000e+00
   endloop
 endfacet
 facet normal  1.000000e+00 -0.000000e+00  0.000000e+00
   outer loop
     vertex  1.215385e+01  1.600000e+01  1.050000e+01
     vertex  1.215385e+01  1.800000e+01  6.000000e+00
     vertex  1.215385e+01  1.800000e+01  1.050000e+01
   endloop
 endfacet
 facet normal  0.000000e+00  0.000000e+00  1.000000e+00
   outer loop
     vertex  1.630769e+01  1.800000e+01  6.000000e+00
     vertex  1.215385e+01  1.800000e+01  6.000000e+00
     vertex  1.215385e+01  1.600000e+01  6.000000e+00
   endloop
 endfacet
 facet normal  0.000000e+00  0.000000e+00  1.000000e+00
   outer loop
     vertex  1.630769e+01  1.800000e+01  6.000000e+00
     vertex  1.215385e+01  1.600000e+01  6.000000e+00
     vertex  1.630769e+01  1.600000e+01  6.000000e+00
   endloop
 endfacet
 facet normal -0.000000e+00  0.000000e+00 -1.000000e+00
   outer loop
     vertex  1.630769e+01  1.800000e+01  1.050000e+01
     vertex  1.215385e+01  1.600000e+01  1.050000e+01
     vertex  1.215385e+01  1.800000e+01  1.050000e+01
   endloop
 endfacet
 facet normal  0.000000e+00 -0.000000e+00 -1.000000e+00
   outer loop
     vertex  1.630769e+01  1.800000e+01  1.050000e+01
     vertex  1.630769e+01  1.600000e+01  1.050000e+01
     vertex  1.215385e+01  1.600000e+01  1.050000e+01
   endloop
 endfacet
 facet normal -1.000000e+00  0.000000e+00  0.000000e+00
   outer loop
     vertex  1.630769e+01  1.600000e+01  1.050000e+01
     vertex  1.630769e+01  1.800000e+01  6.000000e+00
     vertex  1.630769e+01  1.600000e+01  6.000000e+00
   endloop
 endfacet
 facet normal -1.000000e+00  0.000000e+00  0.000000e+00
   outer loop
     vertex  1.630769e+01  1.600000e+01  1.050000e+01
     vertex  1.630769e+01  1.800000e+01  1.050000e+01
     vertex  1.630769e+01  1.800000e+01  6.000000e+00
   endloop
 endfacet
 facet normal  1.000000e+00  0.000000e+00  0.000000e+00
   outer loop
     vertex  1.930769e+01  1.600000e+01  1.050000e+01
     vertex  1.930769e+01  1.600000e+01  6.000000e+00
     vertex  1.930769e+01  1.800000e+01  6.000000e+00
   endloop
 endfacet
 facet normal  1.000000e+00 -0.000000e+00  0.000000e+00
   outer loop
     vertex  1.930769e+01  1.600000e+01  1.050000e+01
     vertex  1.930769e+01  1.800000e+01  6.000000e+00
     vertex  1.930769e+01  1.800000e+01  1.050000e+01
   endloop
 endfacet
 facet normal  0.000000e+00  0.000000e+00  1.000000e+00
   outer loop
     vertex  2.346154e+01  1.800000e+01  6.000000e+00
     vertex  1.930769e+01  1.800000e+01  6.000000e+00
     vertex  1.930769e+01  1.600000e+01  6.000000e+00
   endloop
 endfacet
 facet normal  0.000000e+00  0.000000e+00  1.000000e+00
   outer loop
     vertex  2.346154e+01  1.800000e+01  6.000000e+00
     vertex  1.930769e+01  1.600000e+01  6.000000e+00
     vertex  2.346154e+01  1.600000e+01  6.000000e+00
   endloop
 endfacet
 facet normal -0.000000e+00  0.000000e+00 -1.000000e+00
   outer loop
     vertex  2.346154e+01  1.800000e+01  1.050000e+01
     vertex  1.930769e+01  1.600000e+01  1.050000e+01
     vertex  1.930769e+01  1.800000e+01  1.050000e+01
   endloop
 endfacet
 facet normal  0.000000e+00 -0.000000e+00 -1.000000e+00
   outer loop
     vertex  2.346154e+01  1.800000e+01  1.050000e+01
     vertex  2.346154e+01  1.600000e+01  1.050000e+01
     vertex  1.930769e+01  1.600000e+01  1.050000e+01
   endloop
 endfacet
 facet normal -1.000000e+00  0.000000e+00  0.000000e+00
   outer loop
     vertex  2.346154e+01  1.600000e+01  1.050000e+01
     vertex  2.346154e+01  1.800000e+01  6.000000e+00
     vertex  2.346154e+01  1.600000e+01  6.000000e+00
   endloop
 endfacet
 facet normal -1.000000e+00  0.000000e+00  0.000000e+00
   outer loop
     vertex  2.346154e+01  1.600000e+01  1.050000e+01
     vertex  2.346154e+01  1.800000e+01  1.050000e+01
     vertex  2.346154e+01  1.800000e+01  6.000000e+00
   endloop
 endfacet
 facet normal  1.000000e+00  0.000000e+00  0.000000e+00
   outer loop
     vertex  2.646154e+01  1.600000e+01  1.050000e+01
     vertex  2.646154e+01  1.600000e+01  6.000000e+00
     vertex  2.646154e+01  1.800000e+01  6.000000e+00
   endloop
 endfacet
 facet normal  1.000000e+00 -0.000000e+00  0.000000e+00
   outer loop
     vertex  2.646154e+01  1.600000e+01  1.050000e+01
     vertex  2.646154e+01  1.800000e+01  6.000000e+00
     vertex  2.646154e+01  1.800000e+01  1.050000e+01
   endloop
 endfacet
 facet normal  0.000000e+00  0.000000e+00  1.000000e+00
   outer loop
     vertex  3.061538e+01  1.800000e+01  6.000000e+00
     vertex  2.646154e+01  1.800000e+01  6.000000e+00
     vertex  2.646154e+01  1.600000e+01  6.000000e+00
   endloop
 endfacet
 facet normal  0.000000e+00  0.000000e+00  1.000000e+00
   outer loop
     vertex  3.061538e+01  1.800000e+01  6.000000e+00
     vertex  2.646154e+01  1.600000e+01  6.000000e+00
     vertex  3.061538e+01  1.600000e+01  6.000000e+00
   endloop
 endfacet
 facet normal -0.000000e+00  0.000000e+00 -1.000000e+00
   outer loop
     vertex  3.061538e+01  1.800000e+01  1.050000e+01
     vertex  2.646154e+01  1.600000e+01  1.050000e+01
     vertex  2.646154e+01  1.800000e+01  1.050000e+01
   endloop
 endfacet
 facet normal  0.000000e+00 -0.000000e+00 -1.000000e+00
   outer loop
     vertex  3.061538e+01  1.800000e+01  1.050000e+01
     vertex  3.061538e+01  1.600000e+01  1.050000e+01
     vertex  2.646154e+01  1.600000e+01  1.050000e+01
   endloop
 endfacet
 facet normal -1.000000e+00  0.000000e+00  0.000000e+00
   outer loop
     vertex  3.061538e+01  1.600000e+01  1.050000e+01
     vertex  3.061538e+01  1.800000e+01  6.000000e+00
     vertex  3.061538e+01  1.600000e+01  6.000000e+00
   endloop
 endfacet
 facet normal -1.000000e+00  0.000000e+00  0.000000e+00
   outer loop
     vertex  3.061538e+01  1.600000e+01  1.050000e+01
     vertex  3.061538e+01  1.800000e+01  1.050000e+01
     vertex  3.061538e+01  1.800000e+01  6.000000e+00
   endloop
 endfacet
 facet normal  1.000000e+00  0.000000e+00  0.000000e+00
   outer loop
     vertex  3.361538e+01  1.600000e+01  1.050000e+01
     vertex  3.361538e+01  1.600000e+01  6.000000e+00
     vertex  3.361538e+01  1.800000e+01  6.000000e+00
   endloop
 endfacet
 facet normal  1.000000e+00 -0.000000e+00  0.000000e+00
   outer loop
     vertex  3.361538e+01  1.600000e+01  1.050000e+01
     vertex  3.361538e+01  1.800000e+01  6.000000e+00
     vertex  3.361538e+01  1.800000e+01  1.050000e+01
   endloop
 endfacet
 facet normal  0.000000e+00  0.000000e+00  1.000000e+00
   outer loop
     vertex  3.776923e+01  1.800000e+01  6.000000e+00
     vertex  3.361538e+01  1.800000e+01  6.000000e+00
     vertex  3.361538e+01  1.600000e+01  6.000000e+00
   endloop
 endfacet
 facet normal  0.000000e+00  0.000000e+00  1.000000e+00
   outer loop
     vertex  3.776923e+01  1.800000e+01  6.000000e+00
     vertex  3.361538e+01  1.600000e+01  6.000000e+00
     vertex  3.776923e+01  1.600000e+01  6.000000e+00
   endloop
 endfacet
 facet normal -0.000000e+00  0.000000e+00 -1.000000e+00
   outer loop
     vertex  3.776923e+01  1.800000e+01  1.050000e+01
     vertex  3.361538e+01  1.600000e+01  1.050000e+01
     vertex  3.361538e+01  1.800000e+01  1.050000e+01
   endloop
 endfacet
 facet normal  0.000000e+00 -0.000000e+00 -1.000000e+00
   outer loop
     vertex  3.776923e+01  1.800000e+01  1.050000e+01
     vertex  3.776923e+01  1.600000e+01  1.050000e+01
     vertex  3.361538e+01  1.600000e+01  1.050000e+01
   endloop
 endfacet
 facet normal -1.000000e+00  0.000000e+00  0.000000e+00
   outer loop
     vertex  3.776923e+01  1.600000e+01  1.050000e+01
     vertex  3.776923e+01  1.800000e+01  6.000000e+00
     vertex  3.776923e+01  1.600000e+01  6.000000e+00
   endloop
 endfacet
 facet normal -1.000000e+00  0.000000e+00  0.000000e+00
   outer loop
     vertex  3.776923e+01  1.600000e+01  1.050000e+01
     vertex  3.776923e+01  1.800000e+01  1.050000e+01
     vertex  3.776923e+01  1.800000e+01  6.000000e+00
   endloop
 endfacet
 facet normal  1.000000e+00  0.000000e+00  0.000000e+00
   outer loop
     vertex  4.076923e+01  1.600000e+01  1.050000e+01
     vertex  4.076923e+01  1.600000e+01  6.000000e+00
     vertex  4.076923e+01  1.800000e+01  6.000000e+00
   endloop
 endfacet
 facet normal  1.000000e+00 -0.000000e+00  0.000000e+00
   outer loop
     vertex  4.076923e+01  1.600000e+01  1.050000e+01
     vertex  4.076923e+01  1.800000e+01  6.000000e+00
     vertex  4.076923e+01  1.800000e+01  1.050000e+01
   endloop
 endfacet
 facet normal  0.000000e+00  0.000000e+00  1.000000e+00
   outer loop
     vertex  4.492308e+01  1.800000e+01  6.000000e+00
     vertex  4.076923e+01  1.800000e+01  6.000000e+00
     vertex  4.076923e+01  1.600000e+01  6.000000e+00
   endloop
 endfacet
 facet normal  0.000000e+00  0.000000e+00  1.000000e+00
   outer loop
     vertex  4.492308e+01  1.800000e+01  6.000000e+00
     vertex  4.076923e+01  1.600000e+01  6.000000e+00
     vertex  4.492308e+01  1.600000e+01  6.000000e+00
   endloop
 endfacet
 facet normal -0.000000e+00  0.000000e+00 -1.000000e+00
   outer loop
     vertex  4.492308e+01  1.800000e+01  1.050000e+01
     vertex  4.076923e+01  1.600000e+01  1.050000e+01
     vertex  4.076923e+01  1.800000e+01  1.050000e+01
   endloop
 endfacet
 facet normal  0.000000e+00 -0.000000e+00 -1.000000e+00
   outer loop
     vertex  4.492308e+01  1.800000e+01  1.050000e+01
     vertex  4.492308e+01  1.600000e+01  1.050000e+01
     vertex  4.076923e+01  1.600000e+01  1.050000e+01
   endloop
 endfacet
 facet normal -1.000000e+00  0.000000e+00  0.000000e+00
   outer loop
     vertex  4.492308e+01  1.600000e+01  1.050000e+01
     vertex  4.492308e+01  1.800000e+01  6.000000e+00
     vertex  4.492308e+01  1.600000e+01  6.000000e+00
   endloop
 endfacet
 facet normal -1.000000e+00  0.000000e+00  0.000000e+00
   outer loop
     vertex  4.492308e+01  1.600000e+01  1.050000e+01
     vertex  4.492308e+01  1.800000e+01  1.050000e+01
     vertex  4.492308e+01  1.800000e+01  6.000000e+00
   endloop
 endfacet
 facet normal  1.000000e+00  0.000000e+00  0.000000e+00
   outer loop
     vertex  4.792308e+01  1.600000e+01  1.050000e+01
     vertex  4.792308e+01  1.600000e+01  6.000000e+00
     vertex  4.792308e+01  1.800000e+01  6.000000e+00
   endloop
 endfacet
 facet normal  1.000000e+00 -0.000000e+00  0.000000e+00
   outer loop
     vertex  4.792308e+01  1.600000e+01  1.050000e+01
     vertex  4.792308e+01  1.800000e+01  6.000000e+00
     vertex  4.792308e+01  1.800000e+01  1.050000e+01
   endloop
 endfacet
 facet normal  0.000000e+00  0.000000e+00  1.000000e+00
   outer loop
     vertex  5.207692e+01  1.800000e+01  6.000000e+00
     vertex  4.792308e+01  1.800000e+01  6.000000e+00
     vertex  4.792308e+01  1.600000e+01  6.000000e+00
   endloop
 endfacet
 facet normal  0.000000e+00  0.000000e+00  1.000000e+00
   outer loop
     vertex  5.207692e+01  1.800000e+01  6.000000e+00
     vertex  4.792308e+01  1.600000e+01  6.000000e+00
     vertex  5.207692e+01  1.600000e+01  6.000000e+00
   endloop
 endfacet
 facet normal -0.000000e+00  0.000000e+00 -1.000000e+00
   outer loop
     vertex  5.207692e+01  1.800000e+01  1.050000e+01
     vertex  4.792308e+01  1.600000e+01  1.050000e+01
     vertex  4.792308e+01  1.800000e+01  1.050000e+01
   endloop
 endfacet
 facet normal  0.000000e+00 -0.000000e+00 -1.000000e+00
   outer loop
     vertex  5.207692e+01  1.800000e+01  1.050000e+01
     vertex  5.207692e+01  1.600000e+01  1.050000e+01
     vertex  4.792308e+01  1.600000e+01  1.050000e+01
   endloop
 endfacet
 facet normal -1.000000e+00  0.000000e+00  0.000000e+00
   outer loop
     vertex  5.207692e+01  1.600000e+01  1.050000e+01
     vertex  5.207692e+01  1.800000e+01  6.000000e+00
     vertex  5.207692e+01  1.600000e+01  6.000000e+00
   endloop
 endfacet
 facet normal -1.000000e+00  0.000000e+00  0.000000e+00
   outer loop
     vertex  5.207692e+01  1.600000e+01  1.050000e+01
     vertex  5.207692e+01  1.800000e+01  1.050000e+01
     vertex  5.207692e+01  1.800000e+01  6.000000e+00
   endloop
 endfacet
 facet normal  1.000000e+00  0.000000e+00  0.000000e+00
   outer loop
     vertex  5.507692e+01  1.600000e+01  1.050000e+01
     vertex  5.507692e+01  1.600000e+01  6.000000e+00
     vertex  5.507692e+01  1.800000e+01  6.000000e+00
   endloop
 endfacet
 facet normal  1.000000e+00 -0.000000e+00  0.000000e+00
   outer loop
     vertex  5.507692e+01  1.600000e+01  1.050000e+01
     vertex  5.507692e+01  1.800000e+01  6.000000e+00
     vertex  5.507692e+01  1.800000e+01  1.050000e+01
   endloop
 endfacet
 facet normal  0.000000e+00  0.000000e+00  1.000000e+00
   outer loop
     vertex  5.923077e+01  1.800000e+01  6.000000e+00
     vertex  5.507692e+01  1.800000e+01  6.000000e+00
     vertex  5.507692e+01  1.600000e+01  6.000000e+00
   endloop
 endfacet
 facet normal  0.000000e+00  0.000000e+00  1.000000e+00
   outer loop
     vertex  5.923077e+01  1.800000e+01  6.000000e+00
     vertex  5.507692e+01  1.600000e+01  6.000000e+00
     vertex  5.923077e+01  1.600000e+01  6.000000e+00
   endloop
 endfacet
 facet normal -0.000000e+00  0.000000e+00 -1.000000e+00
   outer loop
     vertex  5.923077e+01  1.800000e+01  1.050000e+01
     vertex  5.507692e+01  1.600000e+01  1.050000e+01
     vertex  5.507692e+01  1.800000e+01  1.050000e+01
   endloop
 endfacet
 facet normal  0.000000e+00 -0.000000e+00 -1.000000e+00
   outer loop
     vertex  5.923077e+01  1.800000e+01  1.050000e+01
     vertex  5.923077e+01  1.600000e+01  1.050000e+01
     vertex  5.507692e+01  1.600000e+01  1.050000e+01
   endloop
 endfacet
 facet normal -1.000000e+00  0.000000e+00  0.000000e+00
   outer loop
     vertex  5.923077e+01  1.600000e+01  1.050000e+01
     vertex  5.923077e+01  1.800000e+01  6.000000e+00
     vertex  5.923077e+01  1.600000e+01  6.000000e+00
   endloop
 endfacet
 facet normal -1.000000e+00  0.000000e+00  0.000000e+00
   outer loop
     vertex  5.923077e+01  1.600000e+01  1.050000e+01
     vertex  5.923077e+01  1.800000e+01  1.050000e+01
     vertex  5.923077e+01  1.800000e+01  6.000000e+00
   endloop
 endfacet
 facet normal  1.000000e+00  0.000000e+00  0.000000e+00
   outer loop
     vertex  6.223077e+01  1.600000e+01  1.050000e+01
     vertex  6.223077e+01  1.600000e+01  6.000000e+00
     vertex  6.223077e+01  1.800000e+01  6.000000e+00
   endloop
 endfacet
 facet normal  1.000000e+00 -0.000000e+00  0.000000e+00
   outer loop
     vertex  6.223077e+01  1.600000e+01  1.050000e+01
     vertex  6.223077e+01  1.800000e+01  6.000000e+00
     vertex  6.223077e+01  1.800000e+01  1.050000e+01
   endloop
 endfacet
 facet normal  0.000000e+00  0.000000e+00  1.000000e+00
   outer loop
     vertex  6.638462e+01  1.800000e+01  6.000000e+00
     vertex  6.223077e+01  1.800000e+01  6.000000e+00
     vertex  6.223077e+01  1.600000e+01  6.000000e+00
   endloop
 endfacet
 facet normal  0.000000e+00  0.000000e+00  1.000000e+00
   outer loop
     vertex  6.638462e+01  1.800000e+01  6.000000e+00
     vertex  6.223077e+01  1.600000e+01  6.000000e+00
     vertex  6.638462e+01  1.600000e+01  6.000000e+00
   endloop
 endfacet
 facet normal -0.000000e+00  0.000000e+00 -1.000000e+00
   outer loop
     vertex  6.638462e+01  1.800000e+01  1.050000e+01
     vertex  6.223077e+01  1.600000e+01  1.050000e+01
     vertex  6.223077e+01  1.800000e+01  1.050000e+01
   endloop
 endfacet
 facet normal  0.000000e+00 -0.000000e+00 -1.000000e+00
   outer loop
     vertex  6.638462e+01  1.800000e+01  1.050000e+01
     vertex  6.638462e+01  1.600000e+01  1.050000e+01
     vertex  6.223077e+01  1.600000e+01  1.050000e+01
   endloop
 endfacet
 facet normal -1.000000e+00  0.000000e+00  0.000000e+00
   outer loop
     vertex  6.638462e+01  1.600000e+01  1.050000e+01
     vertex  6.638462e+01  1.800000e+01  6.000000e+00
     vertex  6.638462e+01  1.600000e+01  6.000000e+00
   endloop
 endfacet
 facet normal -1.000000e+00  0.000000e+00  0.000000e+00
   outer loop
     vertex  6.638462e+01  1.600000e+01  1.050000e+01
     vertex  6.638462e+01  1.800000e+01  1.050000e+01
     vertex  6.638462e+01  1.800000e+01  6.000000e+00
   endloop
 endfacet
 facet normal  1.000000e+00  0.000000e+00  0.000000e+00
   outer loop
     vertex  6.938462e+01  1.600000e+01  1.050000e+01
     vertex  6.938462e+01  1.600000e+01  6.000000e+00
     vertex  6.938462e+01  1.800000e+01  6.000000e+00
   endloop
 endfacet
 facet normal  1.000000e+00 -0.000000e+00  0.000000e+00
   outer loop
     vertex  6.938462e+01  1.600000e+01  1.050000e+01
     vertex  6.938462e+01  1.800000e+01  6.000000e+00
     vertex  6.938462e+01  1.800000e+01  1.050000e+01
   endloop
 endfacet
 facet normal  0.000000e+00  0.000000e+00  1.000000e+00
   outer loop
     vertex  7.353846e+01  1.800000e+01  6.000000e+00
     vertex  6.938462e+01  1.800000e+01  6.000000e+00
     vertex  6.938462e+01  1.600000e+01  6.000000e+00
   endloop
 endfacet
 facet normal  0.000000e+00  0.000000e+00  1.000000e+00
   outer loop
     vertex  7.353846e+01  1.800000e+01  6.000000e+00
     vertex  6.938462e+01  1.600000e+01  6.000000e+00
     vertex  7.353846e+01  1.600000e+01  6.000000e+00
   endloop
 endfacet
 facet normal -0.000000e+00  0.000000e+00 -1.000000e+00
   outer loop
     vertex  7.353846e+01  1.800000e+01  1.050000e+01
     vertex  6.938462e+01  1.600000e+01  1.050000e+01
     vertex  6.938462e+01  1.800000e+01  1.050000e+01
   endloop
 endfacet
 facet normal  0.000000e+00 -0.000000e+00 -1.000000e+00
   outer loop
     vertex  7.353846e+01  1.800000e+01  1.050000e+01
     vertex  7.353846e+01  1.600000e+01  1.050000e+01
     vertex  6.938462e+01  1.600000e+01  1.050000e+01
   endloop
 endfacet
 facet normal -1.000000e+00  0.000000e+00  0.000000e+00
   outer loop
     vertex  7.353846e+01  1.600000e+01  1.050000e+01
     vertex  7.353846e+01  1.800000e+01  6.000000e+00
     vertex  7.353846e+01  1.600000e+01  6.000000e+00
   endloop
 endfacet
 facet normal -1.000000e+00  0.000000e+00  0.000000e+00
   outer loop
     vertex  7.353846e+01  1.600000e+01  1.050000e+01
     vertex  7.353846e+01  1.800000e+01  1.050000e+01
     vertex  7.353846e+01  1.800000e+01  6.000000e+00
   endloop
 endfacet
 facet normal  1.000000e+00  0.000000e+00  0.000000e+00
   outer loop
     vertex  7.653846e+01  1.600000e+01  1.050000e+01
     vertex  7.653846e+01  1.600000e+01  6.000000e+00
     vertex  7.653846e+01  1.800000e+01  6.000000e+00
   endloop
 endfacet
 facet normal  1.000000e+00 -0.000000e+00  0.000000e+00
   outer loop
     vertex  7.653846e+01  1.600000e+01  1.050000e+01
     vertex  7.653846e+01  1.800000e+01  6.000000e+00
     vertex  7.653846e+01  1.800000e+01  1.050000e+01
   endloop
 endfacet
 facet normal  0.000000e+00  0.000000e+00  1.000000e+00
   outer loop
     vertex  8.069231e+01  1.800000e+01  6.000000e+00
     vertex  7.653846e+01  1.800000e+01  6.000000e+00
     vertex  7.653846e+01  1.600000e+01  6.000000e+00
   endloop
 endfacet
 facet normal  0.000000e+00  0.000000e+00  1.000000e+00
   outer loop
     vertex  8.069231e+01  1.800000e+01  6.000000e+00
     vertex  7.653846e+01  1.600000e+01  6.000000e+00
     vertex  8.069231e+01  1.600000e+01  6.000000e+00
   endloop
 endfacet
 facet normal -0.000000e+00  0.000000e+00 -1.000000e+00
   outer loop
     vertex  8.069231e+01  1.800000e+01  1.050000e+01
     vertex  7.653846e+01  1.600000e+01  1.050000e+01
     vertex  7.653846e+01  1.800000e+01  1.050000e+01
   endloop
 endfacet
 facet normal  0.000000e+00 -0.000000e+00 -1.000000e+00
   outer loop
     vertex  8.069231e+01  1.800000e+01  1.050000e+01
     vertex  8.069231e+01  1.600000e+01  1.050000e+01
     vertex  7.653846e+01  1.600000e+01  1.050000e+01
   endloop
 endfacet
 facet normal -1.000000e+00  0.000000e+00  0.000000e+00
   outer loop
     vertex  8.069231e+01  1.600000e+01  1.050000e+01
     vertex  8.069231e+01  1.800000e+01  6.000000e+00
     vertex  8.069231e+01  1.600000e+01  6.000000e+00
   endloop
 endfacet
 facet normal -1.000000e+00  0.000000e+00  0.000000e+00
   outer loop
     vertex  8.069231e+01  1.600000e+01  1.050000e+01
     vertex  8.069231e+01  1.800000e+01  1.050000e+01
     vertex  8.069231e+01  1.800000e+01  6.000000e+00
   endloop
 endfacet
 facet normal  1.000000e+00  0.000000e+00  0.000000e+00
   outer loop
     vertex  8.369231e+01  1.600000e+01  1.050000e+01
     vertex  8.369231e+01  1.600000e+01  6.000000e+00
     vertex  8.369231e+01  1.800000e+01  6.000000e+00
   endloop
 endfacet
 facet normal  1.000000e+00 -0.000000e+00  0.000000e+00
   outer loop
     vertex  8.369231e+01  1.600000e+01  1.050000e+01
     vertex  8.369231e+01  1.800000e+01  6.000000e+00
     vertex  8.369231e+01  1.800000e+01  1.050000e+01
   endloop
 endfacet
 facet normal  0.000000e+00  0.000000e+00  1.000000e+00
   outer loop
     vertex  8.784615e+01  1.800000e+01  6.000000e+00
     vertex  8.369231e+01  1.800000e+01  6.000000e+00
     vertex  8.369231e+01  1.600000e+01  6.000000e+00
   endloop
 endfacet
 facet normal  0.000000e+00  0.000000e+00  1.000000e+00
   outer loop
     vertex  8.784615e+01  1.800000e+01  6.000000e+00
     vertex  8.369231e+01  1.600000e+01  6.000000e+00
     vertex  8.784615e+01  1.600000e+01  6.000000e+00
   endloop
 endfacet
 facet normal -0.000000e+00  0.000000e+00 -1.000000e+00
   outer loop
     vertex  8.784615e+01  1.800000e+01  1.050000e+01
     vertex  8.369231e+01  1.600000e+01  1.050000e+01
     vertex  8.369231e+01  1.800000e+01  1.050000e+01
   endloop
 endfacet
 facet normal  0.000000e+00 -0.000000e+00 -1.000000e+00
   outer loop
     vertex  8.784615e+01  1.800000e+01  1.050000e+01
     vertex  8.784615e+01  1.600000e+01  1.050000e+01
     vertex  8.369231e+01  1.600000e+01  1.050000e+01
   endloop
 endfacet
 facet normal -1.000000e+00  0.000000e+00  0.000000e+00
   outer loop
     vertex  8.784615e+01  1.600000e+01  1.050000e+01
     vertex  8.784615e+01  1.800000e+01  6.000000e+00
     vertex  8.784615e+01  1.600000e+01  6.000000e+00
   endloop
 endfacet
 facet normal -1.000000e+00  0.000000e+00  0.000000e+00
   outer loop
     vertex  8.784615e+01  1.600000e+01  1.050000e+01
     vertex  8.784615e+01  1.800000e+01  1.050000e+01
     vertex  8.784615e+01  1.800000e+01  6.000000e+00
   endloop
 endfacet
 facet normal  1.000000e+00  0.000000e+00  0.000000e+00
   outer loop
     vertex  9.084615e+01  1.600000e+01  1.050000e+01
     vertex  9.084615e+01  1.600000e+01  6.000000e+00
     vertex  9.084615e+01  1.800000e+01  6.000000e+00
   endloop
 endfacet
 facet normal  1.000000e+00 -0.000000e+00  0.000000e+00
   outer loop
     vertex  9.084615e+01  1.600000e+01  1.050000e+01
     vertex  9.084615e+01  1.800000e+01  6.000000e+00
     vertex  9.084615e+01  1.800000e+01  1.050000e+01
   endloop
 endfacet
 facet normal  0.000000e+00  0.000000e+00  1.000000e+00
   outer loop
     vertex  9.500000e+01  1.800000e+01  6.000000e+00
     vertex  9.084615e+01  1.800000e+01  6.000000e+00
     vertex  9.084615e+01  1.600000e+01  6.000000e+00
   endloop
 endfacet
 facet normal  0.000000e+00  0.000000e+00  1.000000e+00
   outer loop
     vertex  9.500000e+01  1.800000e+01  6.000000e+00
     vertex  9.084615e+01  1.600000e+01  6.000000e+00
     vertex  9.500000e+01  1.600000e+01  6.000000e+00
   endloop
 endfacet
 facet normal -0.000000e+00  0.000000e+00 -1.000000e+00
   outer loop
     vertex  9.500000e+01  1.800000e+01  1.050000e+01
     vertex  9.084615e+01  1.600000e+01  1.050000e+01
     vertex  9.084615e+01  1.800000e+01  1.050000e+01
   endloop
 endfacet
 facet normal  0.000000e+00 -0.000000e+00 -1.000000e+00
   outer loop
     vertex  9.500000e+01  1.800000e+01  1.050000e+01
     vertex  9.500000e+01  1.600000e+01  1.050000e+01
     vertex  9.084615e+01  1.600000e+01  1.050000e+01
   endloop
 endfacet
 facet normal -1.000000e+00  0.000000e+00  0.000000e+00
   outer loop
     vertex  9.500000e+01  1.600000e+01  1.050000e+01
     vertex  9.500000e+01  1.800000e+01  6.000000e+00
     vertex  9.500000e+01  1.600000e+01  6.000000e+00
   endloop
 endfacet
 facet normal -1.000000e+00  0.000000e+00  0.000000e+00
   outer loop
     vertex  9.500000e+01  1.600000e+01  1.050000e+01
     vertex  9.500000e+01  1.800000e+01  1.050000e+01
     vertex  9.500000e+01  1.800000e+01  6.000000e+00
   endloop
 endfacet
 facet normal  1.000000e+00  0.000000e+00  0.000000e+00
   outer loop
     vertex  5.000000e+00  2.400000e+01  4.500000e+00
     vertex  5.000000e+00  2.400000e+01  3.000000e+00
     vertex  5.000000e+00  2.600000e+01  3.000000e+00
   endloop
 endfacet
 facet normal  1.000000e+00 -0.000000e+00  0.000000e+00
   outer loop
     vertex  5.000000e+00  2.400000e+01  4.500000e+00
     vertex  5.000000e+00  2.600000e+01  3.000000e+00
     vertex  5.000000e+00  2.600000e+01  4.500000e+00
   endloop
 endfacet
 facet normal -0.000000e+00  0.000000e+00 -1.000000e+00
   outer loop
     vertex  9.153846e+00  2.600000e+01  4.500000e+00
     vertex  5.000000e+00  2.400000e+01  4.500000e+00
     vertex  5.000000e+00  2.600000e+01  4.500000e+00
   endloop
 endfacet
 facet normal  0.000000e+00 -0.000000e+00 -1.000000e+00
   outer loop
     vertex  9.153846e+00  2.600000e+01  4.500000e+00
     vertex  9.153846e+00  2.400000e+01  4.500000e+00
     vertex  5.000000e+00  2.400000e+01  4.500000e+00
   endloop
 endfacet
 facet normal -1.000000e+00  0.000000e+00  0.000000e+00
   outer loop
     vertex  9.153846e+00  2.400000e+01  4.500000e+00
     vertex  9.153846e+00  2.600000e+01  3.000000e+00
     vertex  9.153846e+00  2.400000e+01  3.000000e+00
   endloop
 endfacet
 facet normal -1.000000e+00  0.000000e+00  0.000000e+00
   outer loop
     vertex  9.153846e+00  2.400000e+01  4.500000e+00
     vertex  9.153846e+00  2.600000e+01  4.500000e+00
     vertex  9.153846e+00  2.600000e+01  3.000000e+00
   endloop
 endfacet
 facet normal -0.000000e+00  0.000000e+00 -1.000000e+00
   outer loop
     vertex  1.215385e+01  2.600000e+01  3.000000e+00
     vertex  9.153846e+00  2.400000e+01  3.000000e+00
     vertex  9.153846e+00  2.600000e+01  3.000000e+00
   endloop
 endfacet
 facet normal  0.000000e+00 -0.000000e+00 -1.000000e+00
   outer loop
     vertex  1.215385e+01  2.600000e+01  3.000000e+00
     vertex  1.215385e+01  2.400000e+01  3.000000e+00
     vertex  9.153846e+00  2.400000e+01  3.000000e+00
   endloop
 endfacet
 facet normal  1.000000e+00  0.000000e+00  0.000000e+00
   outer loop
     vertex  1.215385e+01  2.400000e+01  4.500000e+00
     vertex  1.215385e+01  2.400000e+01  3.000000e+00
     vertex  1.215385e+01  2.600000e+01  3.000000e+00
   endloop
 endfacet
 facet normal  1.000000e+00 -0.000000e+00  0.000000e+00
   outer loop
     vertex  1.215385e+01  2.400000e+01  4.500000e+00
     vertex  1.215385e+01  2.600000e+01  3.000000e+00
     vertex  1.215385e+01  2.600000e+01  4.500000e+00
   endloop
 endfacet
 facet normal -0.000000e+00  0.000000e+00 -1.000000e+00
   outer loop
     vertex  1.630769e+01  2.600000e+01  4.500000e+00
     vertex  1.215385e+01  2.400000e+01  4.500000e+00
     vertex  1.215385e+01  2.600000e+01  4.500000e+00
   endloop
 endfacet
 facet normal  0.000000e+00 -0.000000e+00 -1.000000e+00
   outer loop
     vertex  1.630769e+01  2.600000e+01  4.500000e+00
     vertex  1.630769e+01  2.400000e+01  4.500000e+00
     vertex  1.215385e+01  2.400000e+01  4.500000e+00
   endloop
 endfacet
 facet normal -1.000000e+00  0.000000e+00  0.000000e+00
   outer loop
     vertex  1.630769e+01  2.400000e+01  4.500000e+00
     vertex  1.630769e+01  2.600000e+01  3.000000e+00
     vertex  1.630769e+01  2.400000e+01  3.000000e+00
   endloop
 endfacet
 facet normal -1.000000e+00  0.000000e+00  0.000000e+00
   outer loop
     vertex  1.630769e+01  2.400000e+01  4.500000e+00
     vertex  1.630769e+01  2.600000e+01  4.500000e+00
     vertex  1.630769e+01  2.600000e+01  3.000000e+00
   endloop
 endfacet
 facet normal -0.000000e+00  0.000000e+00 -1.000000e+00
   outer loop
     vertex  1.930769e+01  2.600000e+01  3.000000e+00
     vertex  1.630769e+01  2.400000e+01  3.000000e+00
     vertex  1.630769e+01  2.600000e+01  3.000000e+00
   endloop
 endfacet
 facet normal  0.000000e+00 -0.000000e+00 -1.000000e+00
   outer loop
     vertex  1.930769e+01  2.600000e+01  3.000000e+00
     vertex  1.930769e+01  2.400000e+01  3.000000e+00
     vertex  1.630769e+01  2.400000e+01  3.000000e+00
   endloop
 endfacet
 facet normal  1.000000e+00  0.000000e+00  0.000000e+00
   outer loop
     vertex  1.930769e+01  2.400000e+01  4.500000e+00
     vertex  1.930769e+01  2.400000e+01  3.000000e+00
     vertex  1.930769e+01  2.600000e+01  3.000000e+00
   endloop
 endfacet
 facet normal  1.000000e+00 -0.000000e+00  0.000000e+00
   outer loop
     vertex  1.930769e+01  2.400000e+01  4.500000e+00
     vertex  1.930769e+01  2.600000e+01  3.000000e+00
     vertex  1.930769e+01  2.600000e+01  4.500000e+00
   endloop
 endfacet
 facet normal -0.000000e+00  0.000000e+00 -1.000000e+00
   outer loop
     vertex  2.346154e+01  2.600000e+01  4.500000e+00
     vertex  1.930769e+01  2.400000e+01  4.500000e+00
     vertex  1.930769e+01  2.600000e+01  4.500000e+00
   endloop
 endfacet
 facet normal  0.000000e+00 -0.000000e+00 -1.000000e+00
   outer loop
     vertex  2.346154e+01  2.600000e+01  4.500000e+00
     vertex  2.346154e+01  2.400000e+01  4.500000e+00
     vertex  1.930769e+01  2.400000e+01  4.500000e+00
   endloop
 endfacet
 facet normal -1.000000e+00  0.000000e+00  0.000000e+00
   outer loop
     vertex  2.346154e+01  2.400000e+01  4.500000e+00
     vertex  2.346154e+01  2.600000e+01  3.000000e+00
     vertex  2.346154e+01  2.400000e+01  3.000000e+00
   endloop
 endfacet
 facet normal -1.000000e+00  0.000000e+00  0.000000e+00
   outer loop
     vertex  2.346154e+01  2.400000e+01  4.500000e+00
     vertex  2.346154e+01  2.600000e+01  4.500000e+00
     vertex  2.346154e+01  2.600000e+01  3.000000e+00
   endloop
 endfacet
 facet normal -0.000000e+00  0.000000e+00 -1.000000e+00
   outer loop
     vertex  2.646154e+01  2.600000e+01  3.000000e+00
     vertex  2.346154e+01  2.400000e+01  3.000000e+00
     vertex  2.346154e+01  2.600000e+01  3.000000e+00
   endloop
 endfacet
 facet normal  0.000000e+00 -0.000000e+00 -1.000000e+00
   outer loop
     vertex  2.646154e+01  2.600000e+01  3.000000e+00
     vertex  2.646154e+01  2.400000e+01  3.000000e+00
     vertex  2.346154e+01  2.400000e+01  3.000000e+00
   endloop
 endfacet
 facet normal  1.000000e+00  0.000000e+00  0.000000e+00
   outer loop
     vertex  2.646154e+01  2.400000e+01  4.500000e+00
     vertex  2.646154e+01  2.400000e+01  3.000000e+00
     vertex  2.646154e+01  2.600000e+01  3.000000e+00
   endloop
 endfacet
 facet normal  1.000000e+00 -0.000000e+00  0.000000e+00
   outer loop
     vertex  2.646154e+01  2.400000e+01  4.500000e+00
     vertex  2.646154e+01  2.600000e+01  3.000000e+00
     vertex  2.646154e+01  2.600000e+01  4.500000e+00
   endloop
 endfacet
 facet normal -0.000000e+00  0.000000e+00 -1.000000e+00
   outer loop
     vertex  3.061538e+01  2.600000e+01  4.500000e+00
     vertex  2.646154e+01  2.400000e+01  4.500000e+00
     vertex  2.646154e+01  2.600000e+01  4.500000e+00
   endloop
 endfacet
 facet normal  0.000000e+00 -0.000000e+00 -1.000000e+00
   outer loop
     vertex  3.061538e+01  2.600000e+01  4.500000e+00
     vertex  3.061538e+01  2.400000e+01  4.500000e+00
     vertex  2.646154e+01  2.400000e+01  4.500000e+00
   endloop
 endfacet
 facet normal -1.000000e+00  0.000000e+00  0.000000e+00
   outer loop
     vertex  3.061538e+01  2.400000e+01  4.500000e+00
     vertex  3.061538e+01  2.600000e+01  3.000000e+00
     vertex  3.061538e+01  2.400000e+01  3.000000e+00
   endloop
 endfacet
 facet normal -1.000000e+00  0.000000e+00  0.000000e+00
   outer loop
     vertex  3.061538e+01  2.400000e+01  4.500000e+00
     vertex  3.061538e+01  2.600000e+01  4.500000e+00
     vertex  3.061538e+01  2.600000e+01  3.000000e+00
   endloop
 endfacet
 facet normal -0.000000e+00  0.000000e+00 -1.000000e+00
   outer loop
     vertex  3.361538e+01  2.600000e+01  3.000000e+00
     vertex  3.061538e+01  2.400000e+01  3.000000e+00
     vertex  3.061538e+01  2.600000e+01  3.000000e+00
   endloop
 endfacet
 facet normal  0.000000e+00 -0.000000e+00 -1.000000e+00
   outer loop
     vertex  3.361538e+01  2.600000e+01  3.000000e+00
     vertex  3.361538e+01  2.400000e+01  3.000000e+00
     vertex  3.061538e+01  2.400000e+01  3.000000e+00
   endloop
 endfacet
 facet normal  1.000000e+00  0.000000e+00  0.000000e+00
   outer loop
     vertex  3.361538e+01  2.400000e+01  4.500000e+00
     vertex  3.361538e+01  2.400000e+01  3.000000e+00
     vertex  3.361538e+01  2.600000e+01  3.000000e+00
   endloop
 endfacet
 facet normal  1.000000e+00 -0.000000e+00  0.000000e+00
   outer loop
     vertex  3.361538e+01  2.400000e+01  4.500000e+00
     vertex  3.361538e+01  2.600000e+01  3.000000e+00
     vertex  3.361538e+01  2.600000e+01  4.500000e+00
   endloop
 endfacet
 facet normal -0.000000e+00  0.000000e+00 -1.000000e+00
   outer loop
     vertex  3.776923e+01  2.600000e+01  4.500000e+00
     vertex  3.361538e+01  2.400000e+01  4.500000e+00
     vertex  3.361538e+01  2.600000e+01  4.500000e+00
   endloop
 endfacet
 facet normal  0.000000e+00 -0.000000e+00 -1.000000e+00
   outer loop
     vertex  3.776923e+01  2.600000e+01  4.500000e+00
     vertex  3.776923e+01  2.400000e+01  4.500000e+00
     vertex  3.361538e+01  2.400000e+01  4.500000e+00
   endloop
 endfacet
 facet normal -1.000000e+00  0.000000e+00  0.000000e+00
   outer loop
     vertex  3.776923e+01  2.400000e+01  4.500000e+00
     vertex  3.776923e+01  2.600000e+01  3.000000e+00
     vertex  3.776923e+01  2.400000e+01  3.000000e+00
   endloop
 endfacet
 facet normal -1.000000e+00  0.000000e+00  0.000000e+00
   outer loop
     vertex  3.776923e+01  2.400000e+01  4.500000e+00
     vertex  3.776923e+01  2.600000e+01  4.500000e+00
     vertex  3.776923e+01  2.600000e+01  3.000000e+00
   endloop
 endfacet
 facet normal -0.000000e+00  0.000000e+00 -1.000000e+00
   outer loop
     vertex  4.076923e+01  2.600000e+01  3.000000e+00
     vertex  3.776923e+01  2.400000e+01  3.000000e+00
     vertex  3.776923e+01  2.600000e+01  3.000000e+00
   endloop
 endfacet
 facet normal  0.000000e+00 -0.000000e+00 -1.000000e+00
   outer loop
     vertex  4.076923e+01  2.600000e+01  3.000000e+00
     vertex  4.076923e+01  2.400000e+01  3.000000e+00
     vertex  3.776923e+01  2.400000e+01  3.000000e+00
   endloop
 endfacet
 facet normal  1.000000e+00  0.000000e+00  0.000000e+00
   outer loop
     vertex  4.076923e+01  2.400000e+01  4.500000e+00
     vertex  4.076923e+01  2.400000e+01  3.000000e+00
     vertex  4.076923e+01  2.600000e+01  3.000000e+00
   endloop
 endfacet
 facet normal  1.000000e+00 -0.000000e+00  0.000000e+00
   outer loop
     vertex  4.076923e+01  2.400000e+01  4.500000e+00
     vertex  4.076923e+01  2.600000e+01  3.000000e+00
     vertex  4.076923e+01  2.600000e+01  4.500000e+00
   endloop
 endfacet
 facet normal -0.000000e+00  0.000000e+00 -1.000000e+00
   outer loop
     vertex  4.492308e+01  2.600000e+01  4.500000e+00
     vertex  4.076923e+01  2.400000e+01  4.500000e+00
     vertex  4.076923e+01  2.600000e+01  4.500000e+00
   endloop
 endfacet
 facet normal  0.000000e+00 -0.000000e+00 -1.000000e+00
   outer loop
     vertex  4.492308e+01  2.600000e+01  4.500000e+00
     vertex  4.492308e+01  2.400000e+01  4.500000e+00
     vertex  4.076923e+01  2.400000e+01  4.500000e+00
   endloop
 endfacet
 facet normal -1.000000e+00  0.000000e+00  0.000000e+00
   outer loop
     vertex  4.492308e+01  2.400000e+01  4.500000e+00
     vertex  4.492308e+01  2.600000e+01  3.000000e+00
     vertex  4.492308e+01  2.400000e+01  3.000000e+00
   endloop
 endfacet
 facet normal -1.000000e+00  0.000000e+00  0.000000e+00
   outer loop
     vertex  4.492308e+01  2.400000e+01  4.500000e+00
     vertex  4.492308e+01  2.600000e+01  4.500000e+00
     vertex  4.492308e+01  2.600000e+01  3.000000e+00
   endloop
 endfacet
 facet normal -0.000000e+00  0.000000e+00 -1.000000e+00
   outer loop
     vertex  4.792308e+01  2.600000e+01  3.000000e+00
     vertex  4.492308e+01  2.400000e+01  3.000000e+00
     vertex  4.492308e+01  2.600000e+01  3.000000e+00
   endloop
 endfacet
 facet normal  0.000000e+00 -0.000000e+00 -1.000000e+00
   outer loop
     vertex  4.792308e+01  2.600000e+01  3.000000e+00
     vertex  4.792308e+01  2.400000e+01  3.000000e+00
     vertex  4.492308e+01  2.400000e+01  3.000000e+00
   endloop
 endfacet
 facet normal  1.000000e+00  0.000000e+00  0.000000e+00
   outer loop
     vertex  4.792308e+01  2.400000e+01  4.500000e+00
     vertex  4.792308e+01  2.400000e+01  3.000000e+00
     vertex  4.792308e+01  2.600000e+01  3.000000e+00
   endloop
 endfacet
 facet normal  1.000000e+00 -0.000000e+00  0.000000e+00
   outer loop
     vertex  4.792308e+01  2.400000e+01  4.500000e+00
     vertex  4.792308e+01  2.600000e+01  3.000000e+00
     vertex  4.792308e+01  2.600000e+01  4.500000e+00
   endloop
 endfacet
 facet normal -0.000000e+00  0.000000e+00 -1.000000e+00
   outer loop
     vertex  5.207692e+01  2.600000e+01  4.500000e+00
     vertex  4.792308e+01  2.400000e+01  4.500000e+00
     vertex  4.792308e+01  2.600000e+01  4.500000e+00
   endloop
 endfacet
 facet normal  0.000000e+00 -0.000000e+00 -1.000000e+00
   outer loop
     vertex  5.207692e+01  2.600000e+01  4.500000e+00
     vertex  5.207692e+01  2.400000e+01  4.500000e+00
     vertex  4.792308e+01  2.400000e+01  4.500000e+00
   endloop
 endfacet
 facet normal -1.000000e+00  0.000000e+00  0.000000e+00
   outer loop
     vertex  5.207692e+01  2.400000e+01  4.500000e+00
     vertex  5.207692e+01  2.600000e+01  3.000000e+00
     vertex  5.207692e+01  2.400000e+01  3.000000e+00
   endloop
 endfacet
 facet normal -1.000000e+00  0.000000e+00  0.000000e+00
   outer loop
     vertex  5.207692e+01  2.400000e+01  4.500000e+00
     vertex  5.207692e+01  2.600000e+01  4.500000e+00
     vertex  5.207692e+01  2.600000e+01  3.000000e+00
   endloop
 endfacet
 facet normal -0.000000e+00  0.000000e+00 -1.000000e+00
   outer loop
     vertex  5.507692e+01  2.600000e+01  3.000000e+00
     vertex  5.207692e+01  2.400000e+01  3.000000e+00
     vertex  5.207692e+01  2.600000e+01  3.000000e+00
   endloop
 endfacet
 facet normal  0.000000e+00 -0.000000e+00 -1.000000e+00
   outer loop
     vertex  5.507692e+01  2.600000e+01  3.000000e+00
     vertex  5.507692e+01  2.400000e+01  3.000000e+00
     vertex  5.207692e+01  2.400000e+01  3.000000e+00
   endloop
 endfacet
 facet normal  1.000000e+00  0.000000e+00  0.000000e+00
   outer loop
     vertex  5.507692e+01  2.400000e+01  4.500000e+00
     vertex  5.507692e+01  2.400000e+01  3.000000e+00
     vertex  5.507692e+01  2.600000e+01  3.000000e+00
   endloop
 endfacet
 facet normal  1.000000e+00 -0.000000e+00  0.000000e+00
   outer loop
     vertex  5.507692e+01  2.400000e+01  4.500000e+00
     vertex  5.507692e+01  2.600000e+01  3.000000e+00
     vertex  5.507692e+01  2.600000e+01  4.500000e+00
   endloop
 endfacet
 facet normal -0.000000e+00  0.000000e+00 -1.000000e+00
   outer loop
     vertex  5.923077e+01  2.600000e+01  4.500000e+00
     vertex  5.507692e+01  2.400000e+01  4.500000e+00
     vertex  5.507692e+01  2.600000e+01  4.500000e+00
   endloop
 endfacet
 facet normal  0.000000e+00 -0.000000e+00 -1.000000e+00
   outer loop
     vertex  5.923077e+01  2.600000e+01  4.500000e+00
     vertex  5.923077e+01  2.400000e+01  4.500000e+00
     vertex  5.507692e+01  2.400000e+01  4.500000e+00
   endloop
 endfacet
 facet normal -1.000000e+00  0.000000e+00  0.000000e+00
   outer loop
     vertex  5.923077e+01  2.400000e+01  4.500000e+00
     vertex  5.923077e+01  2.600000e+01  3.000000e+00
     vertex  5.923077e+01  2.400000e+01  3.000000e+00
   endloop
 endfacet
 facet normal -1.000000e+00  0.000000e+00  0.000000e+00
   outer loop
     vertex  5.923077e+01  2.400000e+01  4.500000e+00
     vertex  5.923077e+01  2.600000e+01  4.500000e+00
     vertex  5.923077e+01  2.600000e+01  3.000000e+00
   endloop
 endfacet
 facet normal -0.000000e+00  0.000000e+00 -1.000000e+00
   outer loop
     vertex  6.223077e+01  2.600000e+01  3.000000e+00
     vertex  5.923077e+01  2.400000e+01  3.000000e+00
     vertex  5.923077e+01  2.600000e+01  3.000000e+00
   endloop
 endfacet
 facet normal  0.000000e+00 -0.000000e+00 -1.000000e+00
   outer loop
     vertex  6.223077e+01  2.600000e+01  3.000000e+00
     vertex  6.223077e+01  2.400000e+01  3.000000e+00
     vertex  5.923077e+01  2.400000e+01  3.000000e+00
   endloop
 endfacet
 facet normal  1.000000e+00  0.000000e+00  0.000000e+00
   outer loop
     vertex  6.223077e+01  2.400000e+01  4.500000e+00
     vertex  6.223077e+01  2.400000e+01  3.000000e+00
     vertex  6.223077e+01  2.600000e+01  3.000000e+00
   endloop
 endfacet
 facet normal  1.000000e+00 -0.000000e+00  0.000000e+00
   outer loop
     vertex  6.223077e+01  2.400000e+01  4.500000e+00
     vertex  6.223077e+01  2.600000e+01  3.000000e+00
     vertex  6.223077e+01  2.600000e+01  4.500000e+00
   endloop
 endfacet
 facet normal -0.000000e+00  0.000000e+00 -1.000000e+00
   outer loop
     vertex  6.638462e+01  2.600000e+01  4.500000e+00
     vertex  6.223077e+01  2.400000e+01  4.500000e+00
     vertex  6.223077e+01  2.600000e+01  4.500000e+00
   endloop
 endfacet
 facet normal  0.000000e+00 -0.000000e+00 -1.000000e+00
   outer loop
     vertex  6.638462e+01  2.600000e+01  4.500000e+00
     vertex  6.638462e+01  2.400000e+01  4.500000e+00
     vertex  6.223077e+01  2.400000e+01  4.500000e+00
   endloop
 endfacet
 facet normal -1.000000e+00  0.000000e+00  0.000000e+00
   outer loop
     vertex  6.638462e+01  2.400000e+01  4.500000e+00
     vertex  6.638462e+01  2.600000e+01  3.000000e+00
     vertex  6.638462e+01  2.400000e+01  3.000000e+00
   endloop
 endfacet
 facet normal -1.000000e+00  0.000000e+00  0.000000e+00
   outer loop
     vertex  6.638462e+01  2.400000e+01  4.500000e+00
     vertex  6.638462e+01  2.600000e+01  4.500000e+00
     vertex  6.638462e+01  2.600000e+01  3.000000e+00
   endloop
 endfacet
 facet normal -0.000000e+00  0.000000e+00 -1.000000e+00
   outer loop
     vertex  6.938462e+01  2.600000e+01  3.000000e+00
     vertex  6.638462e+01  2.400000e+01  3.000000e+00
     vertex  6.638462e+01  2.600000e+01  3.000000e+00
   endloop
 endfacet
 facet normal  0.000000e+00 -0.000000e+00 -1.000000e+00
   outer loop
     vertex  6.938462e+01  2.600000e+01  3.000000e+00
     vertex  6.938462e+01  2.400000e+01  3.000000e+00
     vertex  6.638462e+01  2.400000e+01  3.000000e+00
   endloop
 endfacet
 facet normal  1.000000e+00  0.000000e+00  0.000000e+00
   outer loop
     vertex  6.938462e+01  2.400000e+01  4.500000e+00
     vertex  6.938462e+01  2.400000e+01  3.000000e+00
     vertex  6.938462e+01  2.600000e+01  3.000000e+00
   endloop
 endfacet
 facet normal  1.000000e+00 -0.000000e+00  0.000000e+00
   outer loop
     vertex  6.938462e+01  2.400000e+01  4.500000e+00
     vertex  6.938462e+01  2.600000e+01  3.000000e+00
     vertex  6.938462e+01  2.600000e+01  4.500000e+00
   endloop
 endfacet
 facet normal -0.000000e+00  0.000000e+00 -1.000000e+00
   outer loop
     vertex  7.353846e+01  2.600000e+01  4.500000e+00
     vertex  6.938462e+01  2.400000e+01  4.500000e+00
     vertex  6.938462e+01  2.600000e+01  4.500000e+00
   endloop
 endfacet
 facet normal  0.000000e+00 -0.000000e+00 -1.000000e+00
   outer loop
     vertex  7.353846e+01  2.600000e+01  4.500000e+00
     vertex  7.353846e+01  2.400000e+01  4.500000e+00
     vertex  6.938462e+01  2.400000e+01  4.500000e+00
   endloop
 endfacet
 facet normal -1.000000e+00  0.000000e+00  0.000000e+00
   outer loop
     vertex  7.353846e+01  2.400000e+01  4.500000e+00
     vertex  7.353846e+01  2.600000e+01  3.000000e+00
     vertex  7.353846e+01  2.400000e+01  3.000000e+00
   endloop
 endfacet
 facet normal -1.000000e+00  0.000000e+00  0.000000e+00
   outer loop
     vertex  7.353846e+01  2.400000e+01  4.500000e+00
     vertex  7.353846e+01  2.600000e+01  4.500000e+00
     vertex  7.353846e+01  2.600000e+01  3.000000e+00
   endloop
 endfacet
 facet normal -0.000000e+00  0.000000e+00 -1.000000e+00
   outer loop
     vertex  7.653846e+01  2.600000e+01  3.000000e+00
     vertex  7.353846e+01  2.400000e+01  3.000000e+00
     vertex  7.353846e+01  2.600000e+01  3.000000e+00
   endloop
 endfacet
 facet normal  0.000000e+00 -0.000000e+00 -1.000000e+00
   outer loop
     vertex  7.653846e+01  2.600000e+01  3.000000e+00
     vertex  7.653846e+01  2.400000e+01  3.000000e+00
     vertex  7.353846e+01  2.400000e+01  3.000000e+00
   endloop
 endfacet
 facet normal  1.000000e+00  0.000000e+00  0.000000e+00
   outer loop
     vertex  7.653846e+01  2.400000e+01  4.500000e+00
     vertex  7.653846e+01  2.400000e+01  3.000000e+00
     vertex  7.653846e+01  2.600000e+01  3.000000e+00
   endloop
 endfacet
 facet normal  1.000000e+00 -0.000000e+00  0.000000e+00
   outer loop
     vertex  7.653846e+01  2.400000e+01  4.500000e+00
     vertex  7.653846e+01  2.600000e+01  3.000000e+00
     vertex  7.653846e+01  2.600000e+01  4.500000e+00
   endloop
 endfacet
 facet normal -0.000000e+00  0.000000e+00 -1.000000e+00
   outer loop
     vertex  8.069231e+01  2.600000e+01  4.500000e+00
     vertex  7.653846e+01  2.400000e+01  4.500000e+00
     vertex  7.653846e+01  2.600000e+01  4.500000e+00
   endloop
 endfacet
 facet normal  0.000000e+00 -0.000000e+00 -1.000000e+00
   outer loop
     vertex  8.069231e+01  2.600000e+01  4.500000e+00
     vertex  8.069231e+01  2.400000e+01  4.500000e+00
     vertex  7.653846e+01  2.400000e+01  4.500000e+00
   endloop
 endfacet
 facet normal -1.000000e+00  0.000000e+00  0.000000e+00
   outer loop
     vertex  8.069231e+01  2.400000e+01  4.500000e+00
     vertex  8.069231e+01  2.600000e+01  3.000000e+00
     vertex  8.069231e+01  2.400000e+01  3.000000e+00
   endloop
 endfacet
 facet normal -1.000000e+00  0.000000e+00  0.000000e+00
   outer loop
     vertex  8.069231e+01  2.400000e+01  4.500000e+00
     vertex  8.069231e+01  2.600000e+01  4.500000e+00
     vertex  8.069231e+01  2.600000e+01  3.000000e+00
   endloop
 endfacet
 facet normal -0.000000e+00  0.000000e+00 -1.000000e+00
   outer loop
     vertex  8.369231e+01  2.600000e+01  3.000000e+00
     vertex  8.069231e+01  2.400000e+01  3.000000e+00
     vertex  8.069231e+01  2.600000e+01  3.000000e+00
   endloop
 endfacet
 facet normal  0.000000e+00 -0.000000e+00 -1.000000e+00
   outer loop
     vertex  8.369231e+01  2.600000e+01  3.000000e+00
     vertex  8.369231e+01  2.400000e+01  3.000000e+00
     vertex  8.069231e+01  2.400000e+01  3.000000e+00
   endloop
 endfacet
 facet normal  1.000000e+00  0.000000e+00  0.000000e+00
   outer loop
     vertex  8.369231e+01  2.400000e+01  4.500000e+00
     vertex  8.369231e+01  2.400000e+01  3.000000e+00
     vertex  8.369231e+01  2.600000e+01  3.000000e+00
   endloop
 endfacet
 facet normal  1.000000e+00 -0.000000e+00  0.000000e+00
   outer loop
     vertex  8.369231e+01  2.400000e+01  4.500000e+00
     vertex  8.369231e+01  2.600000e+01  3.000000e+00
     vertex  8.369231e+01  2.600000e+01  4.500000e+00
   endloop
 endfacet
 facet normal -0.000000e+00  0.000000e+00 -1.000000e+00
   outer loop
     vertex  8.784615e+01  2.600000e+01  4.500000e+00
     vertex  8.369231e+01  2.400000e+01  4.500000e+00
     vertex  8.369231e+01  2.600000e+01  4.500000e+00
   endloop
 endfacet
 facet normal  0.000000e+00 -0.000000e+00 -1.000000e+00
   outer loop
     vertex  8.784615e+01  2.600000e+01  4.500000e+00
     vertex  8.784615e+01  2.400000e+01  4.500000e+00
     vertex  8.369231e+01  2.400000e+01  4.500000e+00
   endloop
 endfacet
 facet normal -1.000000e+00  0.000000e+00  0.000000e+00
   outer loop
     vertex  8.784615e+01  2.400000e+01  4.500000e+00
     vertex  8.784615e+01  2.600000e+01  3.000000e+00
     vertex  8.784615e+01  2.400000e+01  3.000000e+00
   endloop
 endfacet
 facet normal -1.000000e+00  0.000000e+00  0.000000e+00
   outer loop
     vertex  8.784615e+01  2.400000e+01  4.500000e+00
     vertex  8.784615e+01  2.600000e+01  4.500000e+00
     vertex  8.784615e+01  2.600000e+01  3.000000e+00
   endloop
 endfacet
 facet normal -0.000000e+00  0.000000e+00 -1.000000e+00
   outer loop
     vertex  9.084615e+01  2.600000e+01  3.000000e+00
     vertex  8.784615e+01  2.400000e+01  3.000000e+00
     vertex  8.784615e+01  2.600000e+01  3.000000e+00
   endloop
 endfacet
 facet normal  0.000000e+00 -0.000000e+00 -1.000000e+00
   outer loop
     vertex  9.084615e+01  2.600000e+01  3.000000e+00
     vertex  9.084615e+01  2.400000e+01  3.000000e+00
     vertex  8.784615e+01  2.400000e+01  3.000000e+00
   endloop
 endfacet
 facet normal  1.000000e+00  0.000000e+00  0.000000e+00
   outer loop
     vertex  9.084615e+01  2.400000e+01  4.500000e+00
     vertex  9.084615e+01  2.400000e+01  3.000000e+00
     vertex  9.084615e+01  2.600000e+01  3.000000e+00
   endloop
 endfacet
 facet normal  1.000000e+00 -0.000000e+00  0.000000e+00
   outer loop
     vertex  9.084615e+01  2.400000e+01  4.500000e+00
     vertex  9.084615e+01  2.600000e+01  3.000000e+00
     vertex  9.084615e+01  2.600000e+01  4.500000e+00
   endloop
 endfacet
 facet normal -0.000000e+00  0.000000e+00 -1.000000e+00
   outer loop
     vertex  9.500000e+01  2.600000e+01  4.500000e+00
     vertex  9.084615e+01  2.400000e+01  4.500000e+00
     vertex  9.084615e+01  2.600000e+01  4.500000e+00
   endloop
 endfacet
 facet normal  0.000000e+00 -0.000000e+00 -1.000000e+00
   outer loop
     vertex  9.500000e+01  2.600000e+01  4.500000e+00
     vertex  9.500000e+01  2.400000e+01  4.500000e+00
     vertex  9.084615e+01  2.400000e+01  4.500000e+00
   endloop
 endfacet
 facet normal -1.000000e+00  0.000000e+00  0.000000e+00
   outer loop
     vertex  9.500000e+01  2.400000e+01  4.500000e+00
     vertex  9.500000e+01  2.600000e+01  3.000000e+00
     vertex  9.500000e+01  2.400000e+01  3.000000e+00
   endloop
 endfacet
 facet normal -1.000000e+00  0.000000e+00  0.000000e+00
   outer loop
     vertex  9.500000e+01  2.400000e+01  4.500000e+00
     vertex  9.500000e+01  2.600000e+01  4.500000e+00
     vertex  9.500000e+01  2.600000e+01  3.000000e+00
   endloop
 endfacet
 facet normal  1.000000e+00  0.000000e+00  0.000000e+00
   outer loop
     vertex  5.000000e+00  2.400000e+01  1.050000e+01
     vertex  5.000000e+00  2.400000e+01  6.000000e+00
     vertex  5.000000e+00  2.600000e+01  6.000000e+00
   endloop
 endfacet
 facet normal  1.000000e+00 -0.000000e+00  0.000000e+00
   outer loop
     vertex  5.000000e+00  2.400000e+01  1.050000e+01
     vertex  5.000000e+00  2.600000e+01  6.000000e+00
     vertex  5.000000e+00  2.600000e+01  1.050000e+01
   endloop
 endfacet
 facet normal  0.000000e+00  0.000000e+00  1.000000e+00
   outer loop
     vertex  9.153846e+00  2.600000e+01  6.000000e+00
     vertex  5.000000e+00  2.600000e+01  6.000000e+00
     vertex  5.000000e+00  2.400000e+01  6.000000e+00
   endloop
 endfacet
 facet normal  0.000000e+00  0.000000e+00  1.000000e+00
   outer loop
     vertex  9.153846e+00  2.600000e+01  6.000000e+00
     vertex  5.000000e+00  2.400000e+01  6.000000e+00
     vertex  9.153846e+00  2.400000e+01  6.000000e+00
   endloop
 endfacet
 facet normal -0.000000e+00  0.000000e+00 -1.000000e+00
   outer loop
     vertex  9.153846e+00  2.600000e+01  1.050000e+01
     vertex  5.000000e+00  2.400000e+01  1.050000e+01
     vertex  5.000000e+00  2.600000e+01  1.050000e+01
   endloop
 endfacet
 facet normal  0.000000e+00 -0.000000e+00 -1.000000e+00
   outer loop
     vertex  9.153846e+00  2.600000e+01  1.050000e+01
     vertex  9.153846e+00  2.400000e+01  1.050000e+01
     vertex  5.000000e+00  2.400000e+01  1.050000e+01
   endloop
 endfacet
 facet normal -1.000000e+00  0.000000e+00  0.000000e+00
   outer loop
     vertex  9.153846e+00  2.400000e+01  1.050000e+01
     vertex  9.153846e+00  2.600000e+01  6.000000e+00
     vertex  9.153846e+00  2.400000e+01  6.000000e+00
   endloop
 endfacet
 facet normal -1.000000e+00  0.000000e+00  0.000000e+00
   outer loop
     vertex  9.153846e+00  2.400000e+01  1.050000e+01
     vertex  9.153846e+00  2.600000e+01  1.050000e+01
     vertex  9.153846e+00  2.600000e+01  6.000000e+00
   endloop
 endfacet
 facet normal  1.000000e+00  0.000000e+00  0.000000e+00
   outer loop
     vertex  1.215385e+01  2.400000e+01  1.050000e+01
     vertex  1.215385e+01  2.400000e+01  6.000000e+00
     vertex  1.215385e+01  2.600000e+01  6.000000e+00
   endloop
 endfacet
 facet normal  1.000000e+00 -0.000000e+00  0.000000e+00
   outer loop
     vertex  1.215385e+01  2.400000e+01  1.050000e+01
     vertex  1.215385e+01  2.600000e+01  6.000000e+00
     vertex  1.215385e+01  2.600000e+01  1.050000e+01
   endloop
 endfacet
 facet normal  0.000000e+00  0.000000e+00  1.000000e+00
   outer loop
     vertex  1.630769e+01  2.600000e+01  6.000000e+00
     vertex  1.215385e+01  2.600000e+01  6.000000e+00
     vertex  1.215385e+01  2.400000e+01  6.000000e+00
   endloop
 endfacet
 facet normal  0.000000e+00  0.000000e+00  1.000000e+00
   outer loop
     vertex  1.630769e+01  2.600000e+01  6.000000e+00
     vertex  1.215385e+01  2.400000e+01  6.000000e+00
     vertex  1.630769e+01  2.400000e+01  6.000000e+00
   endloop
 endfacet
 facet normal -0.000000e+00  0.000000e+00 -1.000000e+00
   outer loop
     vertex  1.630769e+01  2.600000e+01  1.050000e+01
     vertex  1.215385e+01  2.400000e+01  1.050000e+01
     vertex  1.215385e+01  2.600000e+01  1.050000e+01
   endloop
 endfacet
 facet normal  0.000000e+00 -0.000000e+00 -1.000000e+00
   outer loop
     vertex  1.630769e+01  2.600000e+01  1.050000e+01
     vertex  1.630769e+01  2.400000e+01  1.050000e+01
     vertex  1.215385e+01  2.400000e+01  1.050000e+01
   endloop
 endfacet
 facet normal -1.000000e+00  0.000000e+00  0.000000e+00
   outer loop
     vertex  1.630769e+01  2.400000e+01  1.050000e+01
     vertex  1.630769e+01  2.600000e+01  6.000000e+00
     vertex  1.630769e+01  2.400000e+01  6.000000e+00
   endloop
 endfacet
 facet normal -1.000000e+00  0.000000e+00  0.000000e+00
   outer loop
     vertex  1.630769e+01  2.400000e+01  1.050000e+01
     vertex  1.630769e+01  2.600000e+01  1.050000e+01
     vertex  1.630769e+01  2.600000e+01  6.000000e+00
   endloop
 endfacet
 facet normal  1.000000e+00  0.000000e+00  0.000000e+00
   outer loop
     vertex  1.930769e+01  2.400000e+01  1.050000e+01
     vertex  1.930769e+01  2.400000e+01  6.000000e+00
     vertex  1.930769e+01  2.600000e+01  6.000000e+00
   endloop
 endfacet
 facet normal  1.000000e+00 -0.000000e+00  0.000000e+00
   outer loop
     vertex  1.930769e+01  2.400000e+01  1.050000e+01
     vertex  1.930769e+01  2.600000e+01  6.000000e+00
     vertex  1.930769e+01  2.600000e+01  1.050000e+01
   endloop
 endfacet
 facet normal  0.000000e+00  0.000000e+00  1.000000e+00
   outer loop
     vertex  2.346154e+01  2.600000e+01  6.000000e+00
     vertex  1.930769e+01  2.600000e+01  6.000000e+00
     vertex  1.930769e+01  2.400000e+01  6.000000e+00
   endloop
 endfacet
 facet normal  0.000000e+00  0.000000e+00  1.000000e+00
   outer loop
     vertex  2.346154e+01  2.600000e+01  6.000000e+00
     vertex  1.930769e+01  2.400000e+01  6.000000e+00
     vertex  2.346154e+01  2.400000e+01  6.000000e+00
   endloop
 endfacet
 facet normal -0.000000e+00  0.000000e+00 -1.000000e+00
   outer loop
     vertex  2.346154e+01  2.600000e+01  1.050000e+01
     vertex  1.930769e+01  2.400000e+01  1.050000e+01
     vertex  1.930769e+01  2.600000e+01  1.050000e+01
   endloop
 endfacet
 facet normal  0.000000e+00 -0.000000e+00 -1.000000e+00
   outer loop
     vertex  2.346154e+01  2.600000e+01  1.050000e+01
     vertex  2.346154e+01  2.400000e+01  1.050000e+01
     vertex  1.930769e+01  2.400000e+01  1.050000e+01
   endloop
 endfacet
 facet normal -1.000000e+00  0.000000e+00  0.000000e+00
   outer loop
     vertex  2.346154e+01  2.400000e+01  1.050000e+01
     vertex  2.346154e+01  2.600000e+01  6.000000e+00
     vertex  2.346154e+01  2.400000e+01  6.000000e+00
   endloop
 endfacet
 facet normal -1.000000e+00  0.000000e+00  0.000000e+00
   outer loop
     vertex  2.346154e+01  2.400000e+01  1.050000e+01
     vertex  2.346154e+01  2.600000e+01  1.050000e+01
     vertex  2.346154e+01  2.600000e+01  6.000000e+00
   endloop
 endfacet
 facet normal  1.000000e+00  0.000000e+00  0.000000e+00
   outer loop
     vertex  2.646154e+01  2.400000e+01  1.050000e+01
     vertex  2.646154e+01  2.400000e+01  6.000000e+00
     vertex  2.646154e+01  2.600000e+01  6.000000e+00
   endloop
 endfacet
 facet normal  1.000000e+00 -0.000000e+00  0.000000e+00
   outer loop
     vertex  2.646154e+01  2.400000e+01  1.050000e+01
     vertex  2.646154e+01  2.600000e+01  6.000000e+00
     vertex  2.646154e+01  2.600000e+01  1.050000e+01
   endloop
 endfacet
 facet normal  0.000000e+00  0.000000e+00  1.000000e+00
   outer loop
     vertex  3.061538e+01  2.600000e+01  6.000000e+00
     vertex  2.646154e+01  2.600000e+01  6.000000e+00
     vertex  2.646154e+01  2.400000e+01  6.000000e+00
   endloop
 endfacet
 facet normal  0.000000e+00  0.000000e+00  1.000000e+00
   outer loop
     vertex  3.061538e+01  2.600000e+01  6.000000e+00
     vertex  2.646154e+01  2.400000e+01  6.000000e+00
     vertex  3.061538e+01  2.400000e+01  6.000000e+00
   endloop
 endfacet
 facet normal -0.000000e+00  0.000000e+00 -1.000000e+00
   outer loop
     vertex  3.061538e+01  2.600000e+01  1.050000e+01
     vertex  2.646154e+01  2.400000e+01  1.050000e+01
     vertex  2.646154e+01  2.600000e+01  1.050000e+01
   endloop
 endfacet
 facet normal  0.000000e+00 -0.000000e+00 -1.000000e+00
   outer loop
     vertex  3.061538e+01  2.600000e+01  1.050000e+01
     vertex  3.061538e+01  2.400000e+01  1.050000e+01
     vertex  2.646154e+01  2.400000e+01  1.050000e+01
   endloop
 endfacet
 facet normal -1.000000e+00  0.000000e+00  0.000000e+00
   outer loop
     vertex  3.061538e+01  2.400000e+01  1.050000e+01
     vertex  3.061538e+01  2.600000e+01  6.000000e+00
     vertex  3.061538e+01  2.400000e+01  6.000000e+00
   endloop
 endfacet
 facet normal -1.000000e+00  0.000000e+00  0.000000e+00
   outer loop
     vertex  3.061538e+01  2.400000e+01  1.050000e+01
     vertex  3.061538e+01  2.600000e+01  1.050000e+01
     vertex  3.061538e+01  2.600000e+01  6.000000e+00
   endloop
 endfacet
 facet normal  1.000000e+00  0.000000e+00  0.000000e+00
   outer loop
     vertex  3.361538e+01  2.400000e+01  1.050000e+01
     vertex  3.361538e+01  2.400000e+01  6.000000e+00
     vertex  3.361538e+01  2.600000e+01  6.000000e+00
   endloop
 endfacet
 facet normal  1.000000e+00 -0.000000e+00  0.000000e+00
   outer loop
     vertex  3.361538e+01  2.400000e+01  1.050000e+01
     vertex  3.361538e+01  2.600000e+01  6.000000e+00
     vertex  3.361538e+01  2.600000e+01  1.050000e+01
   endloop
 endfacet
 facet normal  0.000000e+00  0.000000e+00  1.000000e+00
   outer loop
     vertex  3.776923e+01  2.600000e+01  6.000000e+00
     vertex  3.361538e+01  2.600000e+01  6.000000e+00
     vertex  3.361538e+01  2.400000e+01  6.000000e+00
   endloop
 endfacet
 facet normal  0.000000e+00  0.000000e+00  1.000000e+00
   outer loop
     vertex  3.776923e+01  2.600000e+01  6.000000e+00
     vertex  3.361538e+01  2.400000e+01  6.000000e+00
     vertex  3.776923e+01  2.400000e+01  6.000000e+00
   endloop
 endfacet
 facet normal -0.000000e+00  0.000000e+00 -1.000000e+00
   outer loop
     vertex  3.776923e+01  2.600000e+01  1.050000e+01
     vertex  3.361538e+01  2.400000e+01  1.050000e+01
     vertex  3.361538e+01  2.600000e+01  1.050000e+01
   endloop
 endfacet
 facet normal  0.000000e+00 -0.000000e+00 -1.000000e+00
   outer loop
     vertex  3.776923e+01  2.600000e+01  1.050000e+01
     vertex  3.776923e+01  2.400000e+01  1.050000e+01
     vertex  3.361538e+01  2.400000e+01  1.050000e+01
   endloop
 endfacet
 facet normal -1.000000e+00  0.000000e+00  0.000000e+00
   outer loop
     vertex  3.776923e+01  2.400000e+01  1.050000e+01
     vertex  3.776923e+01  2.600000e+01  6.000000e+00
     vertex  3.776923e+01  2.400000e+01  6.000000e+00
   endloop
 endfacet
 facet normal -1.000000e+00  0.000000e+00  0.000000e+00
   outer loop
     vertex  3.776923e+01  2.400000e+01  1.050000e+01
     vertex  3.776923e+01  2.600000e+01  1.050000e+01
     vertex  3.776923e+01  2.600000e+01  6.000000e+00
   endloop
 endfacet
 facet normal  1.000000e+00  0.000000e+00  0.000000e+00
   outer loop
     vertex  4.076923e+01  2.400000e+01  1.050000e+01
     vertex  4.076923e+01  2.400000e+01  6.000000e+00
     vertex  4.076923e+01  2.600000e+01  6.000000e+00
   endloop
 endfacet
 facet normal  1.000000e+00 -0.000000e+00  0.000000e+00
   outer loop
     vertex  4.076923e+01  2.400000e+01  1.050000e+01
     vertex  4.076923e+01  2.600000e+01  6.000000e+00
     vertex  4.076923e+01  2.600000e+01  1.050000e+01
   endloop
 endfacet
 facet normal  0.000000e+00  0.000000e+00  1.000000e+00
   outer loop
     vertex  4.492308e+01  2.600000e+01  6.000000e+00
     vertex  4.076923e+01  2.600000e+01  6.000000e+00
     vertex  4.076923e+01  2.400000e+01  6.000000e+00
   endloop
 endfacet
 facet normal  0.000000e+00  0.000000e+00  1.000000e+00
   outer loop
     vertex  4.492308e+01  2.600000e+01  6.000000e+00
     vertex  4.076923e+01  2.400000e+01  6.000000e+00
     vertex  4.492308e+01  2.400000e+01  6.000000e+00
   endloop
 endfacet
 facet normal -0.000000e+00  0.000000e+00 -1.000000e+00
   outer loop
     vertex  4.492308e+01  2.600000e+01  1.050000e+01
     vertex  4.076923e+01  2.400000e+01  1.050000e+01
     vertex  4.076923e+01  2.600000e+01  1.050000e+01
   endloop
 endfacet
 facet normal  0.000000e+00 -0.000000e+00 -1.000000e+00
   outer loop
     vertex  4.492308e+01  2.600000e+01  1.050000e+01
     vertex  4.492308e+01  2.400000e+01  1.050000e+01
     vertex  4.076923e+01  2.400000e+01  1.050000e+01
   endloop
 endfacet
 facet normal -1.000000e+00  0.000000e+00  0.000000e+00
   outer loop
     vertex  4.492308e+01  2.400000e+01  1.050000e+01
     vertex  4.492308e+01  2.600000e+01  6.000000e+00
     vertex  4.492308e+01  2.400000e+01  6.000000e+00
   endloop
 endfacet
 facet normal -1.000000e+00  0.000000e+00  0.000000e+00
   outer loop
     vertex  4.492308e+01  2.400000e+01  1.050000e+01
     vertex  4.492308e+01  2.600000e+01  1.050000e+01
     vertex  4.492308e+01  2.600000e+01  6.000000e+00
   endloop
 endfacet
 facet normal  1.000000e+00  0.000000e+00  0.000000e+00
   outer loop
     vertex  4.792308e+01  2.400000e+01  1.050000e+01
     vertex  4.792308e+01  2.400000e+01  6.000000e+00
     vertex  4.792308e+01  2.600000e+01  6.000000e+00
   endloop
 endfacet
 facet normal  1.000000e+00 -0.000000e+00  0.000000e+00
   outer loop
     vertex  4.792308e+01  2.400000e+01  1.050000e+01
     vertex  4.792308e+01  2.600000e+01  6.000000e+00
     vertex  4.792308e+01  2.600000e+01  1.050000e+01
   endloop
 endfacet
 facet normal  0.000000e+00  0.000000e+00  1.000000e+00
   outer loop
     vertex  5.207692e+01  2.600000e+01  6.000000e+00
     vertex  4.792308e+01  2.600000e+01  6.000000e+00
     vertex  4.792308e+01  2.400000e+01  6.000000e+00
   endloop
 endfacet
 facet normal  0.000000e+00  0.000000e+00  1.000000e+00
   outer loop
     vertex  5.207692e+01  2.600000e+01  6.000000e+00
     vertex  4.792308e+01  2.400000e+01  6.000000e+00
     vertex  5.207692e+01  2.400000e+01  6.000000e+00
   endloop
 endfacet
 facet normal -0.000000e+00  0.000000e+00 -1.000000e+00
   outer loop
     vertex  5.207692e+01  2.600000e+01  1.050000e+01
     vertex  4.792308e+01  2.400000e+01  1.050000e+01
     vertex  4.792308e+01  2.600000e+01  1.050000e+01
   endloop
 endfacet
 facet normal  0.000000e+00 -0.000000e+00 -1.000000e+00
   outer loop
     vertex  5.207692e+01  2.600000e+01  1.050000e+01
     vertex  5.207692e+01  2.400000e+01  1.050000e+01
     vertex  4.792308e+01  2.400000e+01  1.050000e+01
   endloop
 endfacet
 facet normal -1.000000e+00  0.000000e+00  0.000000e+00
   outer loop
     vertex  5.207692e+01  2.400000e+01  1.050000e+01
     vertex  5.207692e+01  2.600000e+01  6.000000e+00
     vertex  5.207692e+01  2.400000e+01  6.000000e+00
   endloop
 endfacet
 facet normal -1.000000e+00  0.000000e+00  0.000000e+00
   outer loop
     vertex  5.207692e+01  2.400000e+01  1.050000e+01
     vertex  5.207692e+01  2.600000e+01  1.050000e+01
     vertex  5.207692e+01  2.600000e+01  6.000000e+00
   endloop
 endfacet
 facet normal  1.000000e+00  0.000000e+00  0.000000e+00
   outer loop
     vertex  5.507692e+01  2.400000e+01  1.050000e+01
     vertex  5.507692e+01  2.400000e+01  6.000000e+00
     vertex  5.507692e+01  2.600000e+01  6.000000e+00
   endloop
 endfacet
 facet normal  1.000000e+00 -0.000000e+00  0.000000e+00
   outer loop
     vertex  5.507692e+01  2.400000e+01  1.050000e+01
     vertex  5.507692e+01  2.600000e+01  6.000000e+00
     vertex  5.507692e+01  2.600000e+01  1.050000e+01
   endloop
 endfacet
 facet normal  0.000000e+00  0.000000e+00  1.000000e+00
   outer loop
     vertex  5.923077e+01  2.600000e+01  6.000000e+00
     vertex  5.507692e+01  2.600000e+01  6.000000e+00
     vertex  5.507692e+01  2.400000e+01  6.000000e+00
   endloop
 endfacet
 facet normal  0.000000e+00  0.000000e+00  1.000000e+00
   outer loop
     vertex  5.923077e+01  2.600000e+01  6.000000e+00
     vertex  5.507692e+01  2.400000e+01  6.000000e+00
     vertex  5.923077e+01  2.400000e+01  6.000000e+00
   endloop
 endfacet
 facet normal -0.000000e+00  0.000000e+00 -1.000000e+00
   outer loop
     vertex  5.923077e+01  2.600000e+01  1.050000e+01
     vertex  5.507692e+01  2.400000e+01  1.050000e+01
     vertex  5.507692e+01  2.600000e+01  1.050000e+01
   endloop
 endfacet
 facet normal  0.000000e+00 -0.000000e+00 -1.000000e+00
   outer loop
     vertex  5.923077e+01  2.600000e+01  1.050000e+01
     vertex  5.923077e+01  2.400000e+01  1.050000e+01
     vertex  5.507692e+01  2.400000e+01  1.050000e+01
   endloop
 endfacet
 facet normal -1.000000e+00  0.000000e+00  0.000000e+00
   outer loop
     vertex  5.923077e+01  2.400000e+01  1.050000e+01
     vertex  5.923077e+01  2.600000e+01  6.000000e+00
     vertex  5.923077e+01  2.400000e+01  6.000000e+00
   endloop
 endfacet
 facet normal -1.000000e+00  0.000000e+00  0.000000e+00
   outer loop
     vertex  5.923077e+01  2.400000e+01  1.050000e+01
     vertex  5.923077e+01  2.600000e+01  1.050000e+01
     vertex  5.923077e+01  2.600000e+01  6.000000e+00
   endloop
 endfacet
 facet normal  1.000000e+00  0.000000e+00  0.000000e+00
   outer loop
     vertex  6.223077e+01  2.400000e+01  1.050000e+01
     vertex  6.223077e+01  2.400000e+01  6.000000e+00
     vertex  6.223077e+01  2.600000e+01  6.000000e+00
   endloop
 endfacet
 facet normal  1.000000e+00 -0.000000e+00  0.000000e+00
   outer loop
     vertex  6.223077e+01  2.400000e+01  1.050000e+01
     vertex  6.223077e+01  2.600000e+01  6.000000e+00
     vertex  6.223077e+01  2.600000e+01  1.050000e+01
   endloop
 endfacet
 facet normal  0.000000e+00  0.000000e+00  1.000000e+00
   outer loop
     vertex  6.638462e+01  2.600000e+01  6.000000e+00
     vertex  6.223077e+01  2.600000e+01  6.000000e+00
     vertex  6.223077e+01  2.400000e+01  6.000000e+00
   endloop
 endfacet
 facet normal  0.000000e+00  0.000000e+00  1.000000e+00
   outer loop
     vertex  6.638462e+01  2.600000e+01  6.000000e+00
     vertex  6.223077e+01  2.400000e+01  6.000000e+00
     vertex  6.638462e+01  2.400000e+01  6.000000e+00
   endloop
 endfacet
 facet normal -0.000000e+00  0.000000e+00 -1.000000e+00
   outer loop
     vertex  6.638462e+01  2.600000e+01  1.050000e+01
     vertex  6.223077e+01  2.400000e+01  1.050000e+01
     vertex  6.223077e+01  2.600000e+01  1.050000e+01
   endloop
 endfacet
 facet normal  0.000000e+00 -0.000000e+00 -1.000000e+00
   outer loop
     vertex  6.638462e+01  2.600000e+01  1.050000e+01
     vertex  6.638462e+01  2.400000e+01  1.050000e+01
     vertex  6.223077e+01  2.400000e+01  1.050000e+01
   endloop
 endfacet
 facet normal -1.000000e+00  0.000000e+00  0.000000e+00
   outer loop
     vertex  6.638462e+01  2.400000e+01  1.050000e+01
     vertex  6.638462e+01  2.600000e+01  6.000000e+00
     vertex  6.638462e+01  2.400000e+01  6.000000e+00
   endloop
 endfacet
 facet normal -1.000000e+00  0.000000e+00  0.000000e+00
   outer loop
     vertex  6.638462e+01  2.400000e+01  1.050000e+01
     vertex  6.638462e+01  2.600000e+01  1.050000e+01
     vertex  6.638462e+01  2.600000e+01  6.000000e+00
   endloop
 endfacet
 facet normal  1.000000e+00  0.000000e+00  0.000000e+00
   outer loop
     vertex  6.938462e+01  2.400000e+01  1.050000e+01
     vertex  6.938462e+01  2.400000e+01  6.000000e+00
     vertex  6.938462e+01  2.600000e+01  6.000000e+00
   endloop
 endfacet
 facet normal  1.000000e+00 -0.000000e+00  0.000000e+00
   outer loop
     vertex  6.938462e+01  2.400000e+01  1.050000e+01
     vertex  6.938462e+01  2.600000e+01  6.000000e+00
     vertex  6.938462e+01  2.600000e+01  1.050000e+01
   endloop
 endfacet
 facet normal  0.000000e+00  0.000000e+00  1.000000e+00
   outer loop
     vertex  7.353846e+01  2.600000e+01  6.000000e+00
     vertex  6.938462e+01  2.600000e+01  6.000000e+00
     vertex  6.938462e+01  2.400000e+01  6.000000e+00
   endloop
 endfacet
 facet normal  0.000000e+00  0.000000e+00  1.000000e+00
   outer loop
     vertex  7.353846e+01  2.600000e+01  6.000000e+00
     vertex  6.938462e+01  2.400000e+01  6.000000e+00
     vertex  7.353846e+01  2.400000e+01  6.000000e+00
   endloop
 endfacet
 facet normal -0.000000e+00  0.000000e+00 -1.000000e+00
   outer loop
     vertex  7.353846e+01  2.600000e+01  1.050000e+01
     vertex  6.938462e+01  2.400000e+01  1.050000e+01
     vertex  6.938462e+01  2.600000e+01  1.050000e+01
   endloop
 endfacet
 facet normal  0.000000e+00 -0.000000e+00 -1.000000e+00
   outer loop
     vertex  7.353846e+01  2.600000e+01  1.050000e+01
     vertex  7.353846e+01  2.400000e+01  1.050000e+01
     vertex  6.938462e+01  2.400000e+01  1.050000e+01
   endloop
 endfacet
 facet normal -1.000000e+00  0.000000e+00  0.000000e+00
   outer loop
     vertex  7.353846e+01  2.400000e+01  1.050000e+01
     vertex  7.353846e+01  2.600000e+01  6.000000e+00
     vertex  7.353846e+01  2.400000e+01  6.000000e+00
   endloop
 endfacet
 facet normal -1.000000e+00  0.000000e+00  0.000000e+00
   outer loop
     vertex  7.353846e+01  2.400000e+01  1.050000e+01
     vertex  7.353846e+01  2.600000e+01  1.050000e+01
     vertex  7.353846e+01  2.600000e+01  6.000000e+00
   endloop
 endfacet
 facet normal  1.000000e+00  0.000000e+00  0.000000e+00
   outer loop
     vertex  7.653846e+01  2.400000e+01  1.050000e+01
     vertex  7.653846e+01  2.400000e+01  6.000000e+00
     vertex  7.653846e+01  2.600000e+01  6.000000e+00
   endloop
 endfacet
 facet normal  1.000000e+00 -0.000000e+00  0.000000e+00
   outer loop
     vertex  7.653846e+01  2.400000e+01  1.050000e+01
     vertex  7.653846e+01  2.600000e+01  6.000000e+00
     vertex  7.653846e+01  2.600000e+01  1.050000e+01
   endloop
 endfacet
 facet normal  0.000000e+00  0.000000e+00  1.000000e+00
   outer loop
     vertex  8.069231e+01  2.600000e+01  6.000000e+00
     vertex  7.653846e+01  2.600000e+01  6.000000e+00
     vertex  7.653846e+01  2.400000e+01  6.000000e+00
   endloop
 endfacet
 facet normal  0.000000e+00  0.000000e+00  1.000000e+00
   outer loop
     vertex  8.069231e+01  2.600000e+01  6.000000e+00
     vertex  7.653846e+01  2.400000e+01  6.000000e+00
     vertex  8.069231e+01  2.400000e+01  6.000000e+00
   endloop
 endfacet
 facet normal -0.000000e+00  0.000000e+00 -1.000000e+00
   outer loop
     vertex  8.069231e+01  2.600000e+01  1.050000e+01
     vertex  7.653846e+01  2.400000e+01  1.050000e+01
     vertex  7.653846e+01  2.600000e+01  1.050000e+01
   endloop
 endfacet
 facet normal  0.000000e+00 -0.000000e+00 -1.000000e+00
   outer loop
     vertex  8.069231e+01  2.600000e+01  1.050000e+01
     vertex  8.069231e+01  2.400000e+01  1.050000e+01
     vertex  7.653846e+01  2.400000e+01  1.050000e+01
   endloop
 endfacet
 facet normal -1.000000e+00  0.000000e+00  0.000000e+00
   outer loop
     vertex  8.069231e+01  2.400000e+01  1.050000e+01
     vertex  8.069231e+01  2.600000e+01  6.000000e+00
     vertex  8.069231e+01  2.400000e+01  6.000000e+00
   endloop
 endfacet
 facet normal -1.000000e+00  0.000000e+00  0.000000e+00
   outer loop
     vertex  8.069231e+01  2.400000e+01  1.050000e+01
     vertex  8.069231e+01  2.600000e+01  1.050000e+01
     vertex  8.069231e+01  2.600000e+01  6.000000e+00
   endloop
 endfacet
 facet normal  1.000000e+00  0.000000e+00  0.000000e+00
   outer loop
     vertex  8.369231e+01  2.400000e+01  1.050000e+01
     vertex  8.369231e+01  2.400000e+01  6.000000e+00
     vertex  8.369231e+01  2.600000e+01  6.000000e+00
   endloop
 endfacet
 facet normal  1.000000e+00 -0.000000e+00  0.000000e+00
   outer loop
     vertex  8.369231e+01  2.400000e+01  1.050000e+01
     vertex  8.369231e+01  2.600000e+01  6.000000e+00
     vertex  8.369231e+01  2.600000e+01  1.050000e+01
   endloop
 endfacet
 facet normal  0.000000e+00  0.000000e+00  1.000000e+00
   outer loop
     vertex  8.784615e+01  2.600000e+01  6.000000e+00
     vertex  8.369231e+01  2.600000e+01  6.000000e+00
     vertex  8.369231e+01  2.400000e+01  6.000000e+00
   endloop
 endfacet
 facet normal  0.000000e+00  0.000000e+00  1.000000e+00
   outer loop
     vertex  8.784615e+01  2.600000e+01  6.000000e+00
     vertex  8.369231e+01  2.400000e+01  6.000000e+00
     vertex  8.784615e+01  2.400000e+01  6.000000e+00
   endloop
 endfacet
 facet normal -0.000000e+00  0.000000e+00 -1.000000e+00
   outer loop
     vertex  8.784615e+01  2.600000e+01  1.050000e+01
     vertex  8.369231e+01  2.400000e+01  1.050000e+01
     vertex  8.369231e+01  2.600000e+01  1.050000e+01
   endloop
 endfacet
 facet normal  0.000000e+00 -0.000000e+00 -1.000000e+00
   outer loop
     vertex  8.784615e+01  2.600000e+01  1.050000e+01
     vertex  8.784615e+01  2.400000e+01  1.050000e+01
     vertex  8.369231e+01  2.400000e+01  1.050000e+01
   endloop
 endfacet
 facet normal -1.000000e+00  0.000000e+00  0.000000e+00
   outer loop
     vertex  8.784615e+01  2.400000e+01  1.050000e+01
     vertex  8.784615e+01  2.600000e+01  6.000000e+00
     vertex  8.784615e+01  2.400000e+01  6.000000e+00
   endloop
 endfacet
 facet normal -1.000000e+00  0.000000e+00  0.000000e+00
   outer loop
     vertex  8.784615e+01  2.400000e+01  1.050000e+01
     vertex  8.784615e+01  2.600000e+01  1.050000e+01
     vertex  8.784615e+01  2.600000e+01  6.000000e+00
   endloop
 endfacet
 facet normal  1.000000e+00  0.000000e+00  0.000000e+00
   outer loop
     vertex  9.084615e+01  2.400000e+01  1.050000e+01
     vertex  9.084615e+01  2.400000e+01  6.000000e+00
     vertex  9.084615e+01  2.600000e+01  6.000000e+00
   endloop
 endfacet
 facet normal  1.000000e+00 -0.000000e+00  0.000000e+00
   outer loop
     vertex  9.084615e+01  2.400000e+01  1.050000e+01
     vertex  9.084615e+01  2.600000e+01  6.000000e+00
     vertex  9.084615e+01  2.600000e+01  1.050000e+01
   endloop
 endfacet
 facet normal  0.000000e+00  0.000000e+00  1.000000e+00
   outer loop
     vertex  9.500000e+01  2.600000e+01  6.000000e+00
     vertex  9.084615e+01  2.600000e+01  6.000000e+00
     vertex  9.084615e+01  2.400000e+01  6.000000e+00
   endloop
 endfacet
 facet normal  0.000000e+00  0.000000e+00  1.000000e+00
   outer loop
     vertex  9.500000e+01  2.600000e+01  6.000000e+00
     vertex  9.084615e+01  2.400000e+01  6.000000e+00
     vertex  9.500000e+01  2.400000e+01  6.000000e+00
   endloop
 endfacet
 facet normal -0.000000e+00  0.000000e+00 -1.000000e+00
   outer loop
     vertex  9.500000e+01  2.600000e+01  1.050000e+01
     vertex  9.084615e+01  2.400000e+01  1.050000e+01
     vertex  9.084615e+01  2.600000e+01  1.050000e+01
   endloop
 endfacet
 facet normal  0.000000e+00 -0.000000e+00 -1.000000e+00
   outer loop
     vertex  9.500000e+01  2.600000e+01  1.050000e+01
     vertex  9.500000e+01  2.400000e+01  1.050000e+01
     vertex  9.084615e+01  2.400000e+01  1.050000e+01
   endloop
 endfacet
 facet normal -1.000000e+00  0.000000e+00  0.000000e+00
   outer loop
     vertex  9.500000e+01  2.400000e+01  1.050000e+01
     vertex  9.500000e+01  2.600000e+01  6.000000e+00
     vertex  9.500000e+01  2.400000e+01  6.000000e+00
   endloop
 endfacet
 facet normal -1.000000e+00  0.000000e+00  0.000000e+00
   outer loop
     vertex  9.500000e+01  2.400000e+01  1.050000e+01
     vertex  9.500000e+01  2.600000e+01  1.050000e+01
     vertex  9.500000e+01  2.600000e+01  6.000000e+00
   endloop
 endfacet
 facet normal  1.000000e+00  0.000000e+00  0.000000e+00
   outer loop
     vertex  5.000000e+00  3.200000e+01  4.500000e+00
     vertex  5.000000e+00  3.200000e+01  3.000000e+00
     vertex  5.000000e+00  3.400000e+01  3.000000e+00
   endloop
 endfacet
 facet normal  1.000000e+00 -0.000000e+00  0.000000e+00
   outer loop
     vertex  5.000000e+00  3.200000e+01  4.500000e+00
     vertex  5.000000e+00  3.400000e+01  3.000000e+00
     vertex  5.000000e+00  3.400000e+01  4.500000e+00
   endloop
 endfacet
 facet normal -0.000000e+00  0.000000e+00 -1.000000e+00
   outer loop
     vertex  9.153846e+00  3.400000e+01  4.500000e+00
     vertex  5.000000e+00  3.200000e+01  4.500000e+00
     vertex  5.000000e+00  3.400000e+01  4.500000e+00
   endloop
 endfacet
 facet normal  0.000000e+00 -0.000000e+00 -1.000000e+00
   outer loop
     vertex  9.153846e+00  3.400000e+01  4.500000e+00
     vertex  9.153846e+00  3.200000e+01  4.500000e+00
     vertex  5.000000e+00  3.200000e+01  4.500000e+00
   endloop
 endfacet
 facet normal -1.000000e+00  0.000000e+00  0.000000e+00
   outer loop
     vertex  9.153846e+00  3.200000e+01  4.500000e+00
     vertex  9.153846e+00  3.400000e+01  3.000000e+00
     vertex  9.153846e+00  3.200000e+01  3.000000e+00
   endloop
 endfacet
 facet normal -1.000000e+00  0.000000e+00  0.000000e+00
   outer loop
     vertex  9.153846e+00  3.200000e+01  4.500000e+00
     vertex  9.153846e+00  3.400000e+01  4.500000e+00
     vertex  9.153846e+00  3.400000e+01  3.000000e+00
   endloop
 endfacet
 facet normal -0.000000e+00  0.000000e+00 -1.000000e+00
   outer loop
     vertex  1.215385e+01  3.400000e+01  3.000000e+00
     vertex  9.153846e+00  3.200000e+01  3.000000e+00
     vertex  9.153846e+00  3.400000e+01  3.000000e+00
   endloop
 endfacet
 facet normal  0.000000e+00 -0.000000e+00 -1.000000e+00
   outer loop
     vertex  1.215385e+01  3.400000e+01  3.000000e+00
     vertex  1.215385e+01  3.200000e+01  3.000000e+00
     vertex  9.153846e+00  3.200000e+01  3.000000e+00
   endloop
 endfacet
 facet normal  1.000000e+00  0.000000e+00  0.000000e+00
   outer loop
     vertex  1.215385e+01  3.200000e+01  4.500000e+00
     vertex  1.215385e+01  3.200000e+01  3.000000e+00
     vertex  1.215385e+01  3.400000e+01  3.000000e+00
   endloop
 endfacet
 facet normal  1.000000e+00 -0.000000e+00  0.000000e+00
   outer loop
     vertex  1.215385e+01  3.200000e+01  4.500000e+00
     vertex  1.215385e+01  3.400000e+01  3.000000e+00
     vertex  1.215385e+01  3.400000e+01  4.500000e+00
   endloop
 endfacet
 facet normal -0.000000e+00  0.000000e+00 -1.000000e+00
   outer loop
     vertex  1.630769e+01  3.400000e+01  4.500000e+00
     vertex  1.215385e+01  3.200000e+01  4.500000e+00
     vertex  1.215385e+01  3.400000e+01  4.500000e+00
   endloop
 endfacet
 facet normal  0.000000e+00 -0.000000e+00 -1.000000e+00
   outer loop
     vertex  1.630769e+01  3.400000e+01  4.500000e+00
     vertex  1.630769e+01  3.200000e+01  4.500000e+00
     vertex  1.215385e+01  3.200000e+01  4.500000e+00
   endloop
 endfacet
 facet normal -1.000000e+00  0.000000e+00  0.000000e+00
   outer loop
     vertex  1.630769e+01  3.200000e+01  4.500000e+00
     vertex  1.630769e+01  3.400000e+01  3.000000e+00
     vertex  1.630769e+01  3.200000e+01  3.000000e+00
   endloop
 endfacet
 facet normal -1.000000e+00  0.000000e+00  0.000000e+00
   outer loop
     vertex  1.630769e+01  3.200000e+01  4.500000e+00
     vertex  1.630769e+01  3.400000e+01  4.500000e+00
     vertex  1.630769e+01  3.400000e+01  3.000000e+00
   endloop
 endfacet
 facet normal -0.000000e+00  0.000000e+00 -1.000000e+00
   outer loop
     vertex  1.930769e+01  3.400000e+01  3.000000e+00
     vertex  1.630769e+01  3.200000e+01  3.000000e+00
     vertex  1.630769e+01  3.400000e+01  3.000000e+00
   endloop
 endfacet
 facet normal  0.000000e+00 -0.000000e+00 -1.000000e+00
   outer loop
     vertex  1.930769e+01  3.400000e+01  3.000000e+00
     vertex  1.930769e+01  3.200000e+01  3.000000e+00
     vertex  1.630769e+01  3.200000e+01  3.000000e+00
   endloop
 endfacet
 facet normal  1.000000e+00  0.000000e+00  0.000000e+00
   outer loop
     vertex  1.930769e+01  3.200000e+01  4.500000e+00
     vertex  1.930769e+01  3.200000e+01  3.000000e+00
     vertex  1.930769e+01  3.400000e+01  3.000000e+00
   endloop
 endfacet
 facet normal  1.000000e+00 -0.000000e+00  0.000000e+00
   outer loop
     vertex  1.930769e+01  3.200000e+01  4.500000e+00
     vertex  1.930769e+01  3.400000e+01  3.000000e+00
     vertex  1.930769e+01  3.400000e+01  4.500000e+00
   endloop
 endfacet
 facet normal -0.000000e+00  0.000000e+00 -1.000000e+00
   outer loop
     vertex  2.346154e+01  3.400000e+01  4.500000e+00
     vertex  1.930769e+01  3.200000e+01  4.500000e+00
     vertex  1.930769e+01  3.400000e+01  4.500000e+00
   endloop
 endfacet
 facet normal  0.000000e+00 -0.000000e+00 -1.000000e+00
   outer loop
     vertex  2.346154e+01  3.400000e+01  4.500000e+00
     vertex  2.346154e+01  3.200000e+01  4.500000e+00
     vertex  1.930769e+01  3.200000e+01  4.500000e+00
   endloop
 endfacet
 facet normal -1.000000e+00  0.000000e+00  0.000000e+00
   outer loop
     vertex  2.346154e+01  3.200000e+01  4.500000e+00
     vertex  2.346154e+01  3.400000e+01  3.000000e+00
     vertex  2.346154e+01  3.200000e+01  3.000000e+00
   endloop
 endfacet
 facet normal -1.000000e+00  0.000000e+00  0.000000e+00
   outer loop
     vertex  2.346154e+01  3.200000e+01  4.500000e+00
     vertex  2.346154e+01  3.400000e+01  4.500000e+00
     vertex  2.346154e+01  3.400000e+01  3.000000e+00
   endloop
 endfacet
 facet normal -0.000000e+00  0.000000e+00 -1.000000e+00
   outer loop
     vertex  2.646154e+01  3.400000e+01  3.000000e+00
     vertex  2.346154e+01  3.200000e+01  3.000000e+00
     vertex  2.346154e+01  3.400000e+01  3.000000e+00
   endloop
 endfacet
 facet normal  0.000000e+00 -0.000000e+00 -1.000000e+00
   outer loop
     vertex  2.646154e+01  3.400000e+01  3.000000e+00
     vertex  2.646154e+01  3.200000e+01  3.000000e+00
     vertex  2.346154e+01  3.200000e+01  3.000000e+00
   endloop
 endfacet
 facet normal  1.000000e+00  0.000000e+00  0.000000e+00
   outer loop
     vertex  2.646154e+01  3.200000e+01  4.500000e+00
     vertex  2.646154e+01  3.200000e+01  3.000000e+00
     vertex  2.646154e+01  3.400000e+01  3.000000e+00
   endloop
 endfacet
 facet normal  1.000000e+00 -0.000000e+00  0.000000e+00
   outer loop
     vertex  2.646154e+01  3.200000e+01  4.500000e+00
     vertex  2.646154e+01  3.400000e+01  3.000000e+00
     vertex  2.646154e+01  3.400000e+01  4.500000e+00
   endloop
 endfacet
 facet normal -0.000000e+00  0.000000e+00 -1.000000e+00
   outer loop
     vertex  3.061538e+01  3.400000e+01  4.500000e+00
     vertex  2.646154e+01  3.200000e+01  4.500000e+00
     vertex  2.646154e+01  3.400000e+01  4.500000e+00
   endloop
 endfacet
 facet normal  0.000000e+00 -0.000000e+00 -1.000000e+00
   outer loop
     vertex  3.061538e+01  3.400000e+01  4.500000e+00
     vertex  3.061538e+01  3.200000e+01  4.500000e+00
     vertex  2.646154e+01  3.200000e+01  4.500000e+00
   endloop
 endfacet
 facet normal -1.000000e+00  0.000000e+00  0.000000e+00
   outer loop
     vertex  3.061538e+01  3.200000e+01  4.500000e+00
     vertex  3.061538e+01  3.400000e+01  3.000000e+00
     vertex  3.061538e+01  3.200000e+01  3.000000e+00
   endloop
 endfacet
 facet normal -1.000000e+00  0.000000e+00  0.000000e+00
   outer loop
     vertex  3.061538e+01  3.200000e+01  4.500000e+00
     vertex  3.061538e+01  3.400000e+01  4.500000e+00
     vertex  3.061538e+01  3.400000e+01  3.000000e+00
   endloop
 endfacet
 facet normal -0.000000e+00  0.000000e+00 -1.000000e+00
   outer loop
     vertex  3.361538e+01  3.400000e+01  3.000000e+00
     vertex  3.061538e+01  3.200000e+01  3.000000e+00
     vertex  3.061538e+01  3.400000e+01  3.000000e+00
   endloop
 endfacet
 facet normal  0.000000e+00 -0.000000e+00 -1.000000e+00
   outer loop
     vertex  3.361538e+01  3.400000e+01  3.000000e+00
     vertex  3.361538e+01  3.200000e+01  3.000000e+00
     vertex  3.061538e+01  3.200000e+01  3.000000e+00
   endloop
 endfacet
 facet normal  1.000000e+00  0.000000e+00  0.000000e+00
   outer loop
     vertex  3.361538e+01  3.200000e+01  4.500000e+00
     vertex  3.361538e+01  3.200000e+01  3.000000e+00
     vertex  3.361538e+01  3.400000e+01  3.000000e+00
   endloop
 endfacet
 facet normal  1.000000e+00 -0.000000e+00  0.000000e+00
   outer loop
     vertex  3.361538e+01  3.200000e+01  4.500000e+00
     vertex  3.361538e+01  3.400000e+01  3.000000e+00
     vertex  3.361538e+01  3.400000e+01  4.500000e+00
   endloop
 endfacet
 facet normal -0.000000e+00  0.000000e+00 -1.000000e+00
   outer loop
     vertex  3.776923e+01  3.400000e+01  4.500000e+00
     vertex  3.361538e+01  3.200000e+01  4.500000e+00
     vertex  3.361538e+01  3.400000e+01  4.500000e+00
   endloop
 endfacet
 facet normal  0.000000e+00 -0.000000e+00 -1.000000e+00
   outer loop
     vertex  3.776923e+01  3.400000e+01  4.500000e+00
     vertex  3.776923e+01  3.200000e+01  4.500000e+00
     vertex  3.361538e+01  3.200000e+01  4.500000e+00
   endloop
 endfacet
 facet normal -1.000000e+00  0.000000e+00  0.000000e+00
   outer loop
     vertex  3.776923e+01  3.200000e+01  4.500000e+00
     vertex  3.776923e+01  3.400000e+01  3.000000e+00
     vertex  3.776923e+01  3.200000e+01  3.000000e+00
   endloop
 endfacet
 facet normal -1.000000e+00  0.000000e+00  0.000000e+00
   outer loop
     vertex  3.776923e+01  3.200000e+01  4.500000e+00
     vertex  3.776923e+01  3.400000e+01  4.500000e+00
     vertex  3.776923e+01  3.400000e+01  3.000000e+00
   endloop
 endfacet
 facet normal -0.000000e+00  0.000000e+00 -1.000000e+00
   outer loop
     vertex  4.076923e+01  3.400000e+01  3.000000e+00
     vertex  3.776923e+01  3.200000e+01  3.000000e+00
     vertex  3.776923e+01  3.400000e+01  3.000000e+00
   endloop
 endfacet
 facet normal  0.000000e+00 -0.000000e+00 -1.000000e+00
   outer loop
     vertex  4.076923e+01  3.400000e+01  3.000000e+00
     vertex  4.076923e+01  3.200000e+01  3.000000e+00
     vertex  3.776923e+01  3.200000e+01  3.000000e+00
   endloop
 endfacet
 facet normal  1.000000e+00  0.000000e+00  0.000000e+00
   outer loop
     vertex  4.076923e+01  3.200000e+01  4.500000e+00
     vertex  4.076923e+01  3.200000e+01  3.000000e+00
     vertex  4.076923e+01  3.400000e+01  3.000000e+00
   endloop
 endfacet
 facet normal  1.000000e+00 -0.000000e+00  0.000000e+00
   outer loop
     vertex  4.076923e+01  3.200000e+01  4.500000e+00
     vertex  4.076923e+01  3.400000e+01  3.000000e+00
     vertex  4.076923e+01  3.400000e+01  4.500000e+00
   endloop
 endfacet
 facet normal -0.000000e+00  0.000000e+00 -1.000000e+00
   outer loop
     vertex  4.492308e+01  3.400000e+01  4.500000e+00
     vertex  4.076923e+01  3.200000e+01  4.500000e+00
     vertex  4.076923e+01  3.400000e+01  4.500000e+00
   endloop
 endfacet
 facet normal  0.000000e+00 -0.000000e+00 -1.000000e+00
   outer loop
     vertex  4.492308e+01  3.400000e+01  4.500000e+00
     vertex  4.492308e+01  3.200000e+01  4.500000e+00
     vertex  4.076923e+01  3.200000e+01  4.500000e+00
   endloop
 endfacet
 facet normal -1.000000e+00  0.000000e+00  0.000000e+00
   outer loop
     vertex  4.492308e+01  3.200000e+01  4.500000e+00
     vertex  4.492308e+01  3.400000e+01  3.000000e+00
     vertex  4.492308e+01  3.200000e+01  3.000000e+00
   endloop
 endfacet
 facet normal -1.000000e+00  0.000000e+00  0.000000e+00
   outer loop
     vertex  4.492308e+01  3.200000e+01  4.500000e+00
     vertex  4.492308e+01  3.400000e+01  4.500000e+00
     vertex  4.492308e+01  3.400000e+01  3.000000e+00
   endloop
 endfacet
 facet normal -0.000000e+00  0.000000e+00 -1.000000e+00
   outer loop
     vertex  4.792308e+01  3.400000e+01  3.000000e+00
     vertex  4.492308e+01  3.200000e+01  3.000000e+00
     vertex  4.492308e+01  3.400000e+01  3.000000e+00
   endloop
 endfacet
 facet normal  0.000000e+00 -0.000000e+00 -1.000000e+00
   outer loop
     vertex  4.792308e+01  3.400000e+01  3.000000e+00
     vertex  4.792308e+01  3.200000e+01  3.000000e+00
     vertex  4.492308e+01  3.200000e+01  3.000000e+00
   endloop
 endfacet
 facet normal  1.000000e+00  0.000000e+00  0.000000e+00
   outer loop
     vertex  4.792308e+01  3.200000e+01  4.500000e+00
     vertex  4.792308e+01  3.200000e+01  3.000000e+00
     vertex  4.792308e+01  3.400000e+01  3.000000e+00
   endloop
 endfacet
 facet normal  1.000000e+00 -0.000000e+00  0.000000e+00
   outer loop
     vertex  4.792308e+01  3.200000e+01  4.500000e+00
     vertex  4.792308e+01  3.400000e+01  3.000000e+00
     vertex  4.792308e+01  3.400000e+01  4.500000e+00
   endloop
 endfacet
 facet normal -0.000000e+00  0.000000e+00 -1.000000e+00
   outer loop
     vertex  5.207692e+01  3.400000e+01  4.500000e+00
     vertex  4.792308e+01  3.200000e+01  4.500000e+00
     vertex  4.792308e+01  3.400000e+01  4.500000e+00
   endloop
 endfacet
 facet normal  0.000000e+00 -0.000000e+00 -1.000000e+00
   outer loop
     vertex  5.207692e+01  3.400000e+01  4.500000e+00
     vertex  5.207692e+01  3.200000e+01  4.500000e+00
     vertex  4.792308e+01  3.200000e+01  4.500000e+00
   endloop
 endfacet
 facet normal -1.000000e+00  0.000000e+00  0.000000e+00
   outer loop
     vertex  5.207692e+01  3.200000e+01  4.500000e+00
     vertex  5.207692e+01  3.400000e+01  3.000000e+00
     vertex  5.207692e+01  3.200000e+01  3.000000e+00
   endloop
 endfacet
 facet normal -1.000000e+00  0.000000e+00  0.000000e+00
   outer loop
     vertex  5.207692e+01  3.200000e+01  4.500000e+00
     vertex  5.207692e+01  3.400000e+01  4.500000e+00
     vertex  5.207692e+01  3.400000e+01  3.000000e+00
   endloop
 endfacet
 facet normal -0.000000e+00  0.000000e+00 -1.000000e+00
   outer loop
     vertex  5.507692e+01  3.400000e+01  3.000000e+00
     vertex  5.207692e+01  3.200000e+01  3.000000e+00
     vertex  5.207692e+01  3.400000e+01  3.000000e+00
   endloop
 endfacet
 facet normal  0.000000e+00 -0.000000e+00 -1.000000e+00
   outer loop
     vertex  5.507692e+01  3.400000e+01  3.000000e+00
     vertex  5.507692e+01  3.200000e+01  3.000000e+00
     vertex  5.207692e+01  3.200000e+01  3.000000e+00
   endloop
 endfacet
 facet normal  1.000000e+00  0.000000e+00  0.000000e+00
   outer loop
     vertex  5.507692e+01  3.200000e+01  4.500000e+00
     vertex  5.507692e+01  3.200000e+01  3.000000e+00
     vertex  5.507692e+01  3.400000e+01  3.000000e+00
   endloop
 endfacet
 facet normal  1.000000e+00 -0.000000e+00  0.000000e+00
   outer loop
     vertex  5.507692e+01  3.200000e+01  4.500000e+00
     vertex  5.507692e+01  3.400000e+01  3.000000e+00
     vertex  5.507692e+01  3.400000e+01  4.500000e+00
   endloop
 endfacet
 facet normal -0.000000e+00  0.000000e+00 -1.000000e+00
   outer loop
     vertex  5.923077e+01  3.400000e+01  4.500000e+00
     vertex  5.507692e+01  3.200000e+01  4.500000e+00
     vertex  5.507692e+01  3.400000e+01  4.500000e+00
   endloop
 endfacet
 facet normal  0.000000e+00 -0.000000e+00 -1.000000e+00
   outer loop
     vertex  5.923077e+01  3.400000e+01  4.500000e+00
     vertex  5.923077e+01  3.200000e+01  4.500000e+00
     vertex  5.507692e+01  3.200000e+01  4.500000e+00
   endloop
 endfacet
 facet normal -1.000000e+00  0.000000e+00  0.000000e+00
   outer loop
     vertex  5.923077e+01  3.200000e+01  4.500000e+00
     vertex  5.923077e+01  3.400000e+01  3.000000e+00
     vertex  5.923077e+01  3.200000e+01  3.000000e+00
   endloop
 endfacet
 facet normal -1.000000e+00  0.000000e+00  0.000000e+00
   outer loop
     vertex  5.923077e+01  3.200000e+01  4.500000e+00
     vertex  5.923077e+01  3.400000e+01  4.500000e+00
     vertex  5.923077e+01  3.400000e+01  3.000000e+00
   endloop
 endfacet
 facet normal -0.000000e+00  0.000000e+00 -1.000000e+00
   outer loop
     vertex  6.223077e+01  3.400000e+01  3.000000e+00
     vertex  5.923077e+01  3.200000e+01  3.000000e+00
     vertex  5.923077e+01  3.400000e+01  3.000000e+00
   endloop
 endfacet
 facet normal  0.000000e+00 -0.000000e+00 -1.000000e+00
   outer loop
     vertex  6.223077e+01  3.400000e+01  3.000000e+00
     vertex  6.223077e+01  3.200000e+01  3.000000e+00
     vertex  5.923077e+01  3.200000e+01  3.000000e+00
   endloop
 endfacet
 facet normal  1.000000e+00  0.000000e+00  0.000000e+00
   outer loop
     vertex  6.223077e+01  3.200000e+01  4.500000e+00
     vertex  6.223077e+01  3.200000e+01  3.000000e+00
     vertex  6.223077e+01  3.400000e+01  3.000000e+00
   endloop
 endfacet
 facet normal  1.000000e+00 -0.000000e+00  0.000000e+00
   outer loop
     vertex  6.223077e+01  3.200000e+01  4.500000e+00
     vertex  6.223077e+01  3.400000e+01  3.000000e+00
     vertex  6.223077e+01  3.400000e+01  4.500000e+00
   endloop
 endfacet
 facet normal -0.000000e+00  0.000000e+00 -1.000000e+00
   outer loop
     vertex  6.638462e+01  3.400000e+01  4.500000e+00
     vertex  6.223077e+01  3.200000e+01  4.500000e+00
     vertex  6.223077e+01  3.400000e+01  4.500000e+00
   endloop
 endfacet
 facet normal  0.000000e+00 -0.000000e+00 -1.000000e+00
   outer loop
     vertex  6.638462e+01  3.400000e+01  4.500000e+00
     vertex  6.638462e+01  3.200000e+01  4.500000e+00
     vertex  6.223077e+01  3.200000e+01  4.500000e+00
   endloop
 endfacet
 facet normal -1.000000e+00  0.000000e+00  0.000000e+00
   outer loop
     vertex  6.638462e+01  3.200000e+01  4.500000e+00
     vertex  6.638462e+01  3.400000e+01  3.000000e+00
     vertex  6.638462e+01  3.200000e+01  3.000000e+00
   endloop
 endfacet
 facet normal -1.000000e+00  0.000000e+00  0.000000e+00
   outer loop
     vertex  6.638462e+01  3.200000e+01  4.500000e+00
     vertex  6.638462e+01  3.400000e+01  4.500000e+00
     vertex  6.638462e+01  3.400000e+01  3.000000e+00
   endloop
 endfacet
 facet normal -0.000000e+00  0.000000e+00 -1.000000e+00
   outer loop
     vertex  6.938462e+01  3.400000e+01  3.000000e+00
     vertex  6.638462e+01  3.200000e+01  3.000000e+00
     vertex  6.638462e+01  3.400000e+01  3.000000e+00
   endloop
 endfacet
 facet normal  0.000000e+00 -0.000000e+00 -1.000000e+00
   outer loop
     vertex  6.938462e+01  3.400000e+01  3.000000e+00
     vertex  6.938462e+01  3.200000e+01  3.000000e+00
     vertex  6.638462e+01  3.200000e+01  3.000000e+00
   endloop
 endfacet
 facet normal  1.000000e+00  0.000000e+00  0.000000e+00
   outer loop
     vertex  6.938462e+01  3.200000e+01  4.500000e+00
     vertex  6.938462e+01  3.200000e+01  3.000000e+00
     vertex  6.938462e+01  3.400000e+01  3.000000e+00
   endloop
 endfacet
 facet normal  1.000000e+00 -0.000000e+00  0.000000e+00
   outer loop
     vertex  6.938462e+01  3.200000e+01  4.500000e+00
     vertex  6.938462e+01  3.400000e+01  3.000000e+00
     vertex  6.938462e+01  3.400000e+01  4.500000e+00
   endloop
 endfacet
 facet normal -0.000000e+00  0.000000e+00 -1.000000e+00
   outer loop
     vertex  7.353846e+01  3.400000e+01  4.500000e+00
     vertex  6.938462e+01  3.200000e+01  4.500000e+00
     vertex  6.938462e+01  3.400000e+01  4.500000e+00
   endloop
 endfacet
 facet normal  0.000000e+00 -0.000000e+00 -1.000000e+00
   outer loop
     vertex  7.353846e+01  3.400000e+01  4.500000e+00
     vertex  7.353846e+01  3.200000e+01  4.500000e+00
     vertex  6.938462e+01  3.200000e+01  4.500000e+00
   endloop
 endfacet
 facet normal -1.000000e+00  0.000000e+00  0.000000e+00
   outer loop
     vertex  7.353846e+01  3.200000e+01  4.500000e+00
     vertex  7.353846e+01  3.400000e+01  3.000000e+00
     vertex  7.353846e+01  3.200000e+01  3.000000e+00
   endloop
 endfacet
 facet normal -1.000000e+00  0.000000e+00  0.000000e+00
   outer loop
     vertex  7.353846e+01  3.200000e+01  4.500000e+00
     vertex  7.353846e+01  3.400000e+01  4.500000e+00
     vertex  7.353846e+01  3.400000e+01  3.000000e+00
   endloop
 endfacet
 facet normal -0.000000e+00  0.000000e+00 -1.000000e+00
   outer loop
     vertex  7.653846e+01  3.400000e+01  3.000000e+00
     vertex  7.353846e+01  3.200000e+01  3.000000e+00
     vertex  7.353846e+01  3.400000e+01  3.000000e+00
   endloop
 endfacet
 facet normal  0.000000e+00 -0.000000e+00 -1.000000e+00
   outer loop
     vertex  7.653846e+01  3.400000e+01  3.000000e+00
     vertex  7.653846e+01  3.200000e+01  3.000000e+00
     vertex  7.353846e+01  3.200000e+01  3.000000e+00
   endloop
 endfacet
 facet normal  1.000000e+00  0.000000e+00  0.000000e+00
   outer loop
     vertex  7.653846e+01  3.200000e+01  4.500000e+00
     vertex  7.653846e+01  3.200000e+01  3.000000e+00
     vertex  7.653846e+01  3.400000e+01  3.000000e+00
   endloop
 endfacet
 facet normal  1.000000e+00 -0.000000e+00  0.000000e+00
   outer loop
     vertex  7.653846e+01  3.200000e+01  4.500000e+00
     vertex  7.653846e+01  3.400000e+01  3.000000e+00
     vertex  7.653846e+01  3.400000e+01  4.500000e+00
   endloop
 endfacet
 facet normal -0.000000e+00  0.000000e+00 -1.000000e+00
   outer loop
     vertex  8.069231e+01  3.400000e+01  4.500000e+00
     vertex  7.653846e+01  3.200000e+01  4.500000e+00
     vertex  7.653846e+01  3.400000e+01  4.500000e+00
   endloop
 endfacet
 facet normal  0.000000e+00 -0.000000e+00 -1.000000e+00
   outer loop
     vertex  8.069231e+01  3.400000e+01  4.500000e+00
     vertex  8.069231e+01  3.200000e+01  4.500000e+00
     vertex  7.653846e+01  3.200000e+01  4.500000e+00
   endloop
 endfacet
 facet normal -1.000000e+00  0.000000e+00  0.000000e+00
   outer loop
     vertex  8.069231e+01  3.200000e+01  4.500000e+00
     vertex  8.069231e+01  3.400000e+01  3.000000e+00
     vertex  8.069231e+01  3.200000e+01  3.000000e+00
   endloop
 endfacet
 facet normal -1.000000e+00  0.000000e+00  0.000000e+00
   outer loop
     vertex  8.069231e+01  3.200000e+01  4.500000e+00
     vertex  8.069231e+01  3.400000e+01  4.500000e+00
     vertex  8.069231e+01  3.400000e+01  3.000000e+00
   endloop
 endfacet
 facet normal -0.000000e+00  0.000000e+00 -1.000000e+00
   outer loop
     vertex  8.369231e+01  3.400000e+01  3.000000e+00
     vertex  8.069231e+01  3.200000e+01  3.000000e+00
     vertex  8.069231e+01  3.400000e+01  3.000000e+00
   endloop
 endfacet
 facet normal  0.000000e+00 -0.000000e+00 -1.000000e+00
   outer loop
     vertex  8.369231e+01  3.400000e+01  3.000000e+00
     vertex  8.369231e+01  3.200000e+01  3.000000e+00
     vertex  8.069231e+01  3.200000e+01  3.000000e+00
   endloop
 endfacet
 facet normal  1.000000e+00  0.000000e+00  0.000000e+00
   outer loop
     vertex  8.369231e+01  3.200000e+01  4.500000e+00
     vertex  8.369231e+01  3.200000e+01  3.000000e+00
     vertex  8.369231e+01  3.400000e+01  3.000000e+00
   endloop
 endfacet
 facet normal  1.000000e+00 -0.000000e+00  0.000000e+00
   outer loop
     vertex  8.369231e+01  3.200000e+01  4.500000e+00
     vertex  8.369231e+01  3.400000e+01  3.000000e+00
     vertex  8.369231e+01  3.400000e+01  4.500000e+00
   endloop
 endfacet
 facet normal -0.000000e+00  0.000000e+00 -1.000000e+00
   outer loop
     vertex  8.784615e+01  3.400000e+01  4.500000e+00
     vertex  8.369231e+01  3.200000e+01  4.500000e+00
     vertex  8.369231e+01  3.400000e+01  4.500000e+00
   endloop
 endfacet
 facet normal  0.000000e+00 -0.000000e+00 -1.000000e+00
   outer loop
     vertex  8.784615e+01  3.400000e+01  4.500000e+00
     vertex  8.784615e+01  3.200000e+01  4.500000e+00
     vertex  8.369231e+01  3.200000e+01  4.500000e+00
   endloop
 endfacet
 facet normal -1.000000e+00  0.000000e+00  0.000000e+00
   outer loop
     vertex  8.784615e+01  3.200000e+01  4.500000e+00
     vertex  8.784615e+01  3.400000e+01  3.000000e+00
     vertex  8.784615e+01  3.200000e+01  3.000000e+00
   endloop
 endfacet
 facet normal -1.000000e+00  0.000000e+00  0.000000e+00
   outer loop
     vertex  8.784615e+01  3.200000e+01  4.500000e+00
     vertex  8.784615e+01  3.400000e+01  4.500000e+00
     vertex  8.784615e+01  3.400000e+01  3.000000e+00
   endloop
 endfacet
 facet normal -0.000000e+00  0.000000e+00 -1.000000e+00
   outer loop
     vertex  9.084615e+01  3.400000e+01  3.000000e+00
     vertex  8.784615e+01  3.200000e+01  3.000000e+00
     vertex  8.784615e+01  3.400000e+01  3.000000e+00
   endloop
 endfacet
 facet normal  0.000000e+00 -0.000000e+00 -1.000000e+00
   outer loop
     vertex  9.084615e+01  3.400000e+01  3.000000e+00
     vertex  9.084615e+01  3.200000e+01  3.000000e+00
     vertex  8.784615e+01  3.200000e+01  3.000000e+00
   endloop
 endfacet
 facet normal  1.000000e+00  0.000000e+00  0.000000e+00
   outer loop
     vertex  9.084615e+01  3.200000e+01  4.500000e+00
     vertex  9.084615e+01  3.200000e+01  3.000000e+00
     vertex  9.084615e+01  3.400000e+01  3.000000e+00
   endloop
 endfacet
 facet normal  1.000000e+00 -0.000000e+00  0.000000e+00
   outer loop
     vertex  9.084615e+01  3.200000e+01  4.500000e+00
     vertex  9.084615e+01  3.400000e+01  3.000000e+00
     vertex  9.084615e+01  3.400000e+01  4.500000e+00
   endloop
 endfacet
 facet normal -0.000000e+00  0.000000e+00 -1.000000e+00
   outer loop
     vertex  9.500000e+01  3.400000e+01  4.500000e+00
     vertex  9.084615e+01  3.200000e+01  4.500000e+00
     vertex  9.084615e+01  3.400000e+01  4.500000e+00
   endloop
 endfacet
 facet normal  0.000000e+00 -0.000000e+00 -1.000000e+00
   outer loop
     vertex  9.500000e+01  3.400000e+01  4.500000e+00
     vertex  9.500000e+01  3.200000e+01  4.500000e+00
     vertex  9.084615e+01  3.200000e+01  4.500000e+00
   endloop
 endfacet
 facet normal -1.000000e+00  0.000000e+00  0.000000e+00
   outer loop
     vertex  9.500000e+01  3.200000e+01  4.500000e+00
     vertex  9.500000e+01  3.400000e+01  3.000000e+00
     vertex  9.500000e+01  3.200000e+01  3.000000e+00
   endloop
 endfacet
 facet normal -1.000000e+00  0.000000e+00  0.000000e+00
   outer loop
     vertex  9.500000e+01  3.200000e+01  4.500000e+00
     vertex  9.500000e+01  3.400000e+01  4.500000e+00
     vertex  9.500000e+01  3.400000e+01  3.000000e+00
   endloop
 endfacet
 facet normal  1.000000e+00  0.000000e+00  0.000000e+00
   outer loop
     vertex  5.000000e+00  3.200000e+01  1.050000e+01
     vertex  5.000000e+00  3.200000e+01  6.000000e+00
     vertex  5.000000e+00  3.400000e+01  6.000000e+00
   endloop
 endfacet
 facet normal  1.000000e+00 -0.000000e+00  0.000000e+00
   outer loop
     vertex  5.000000e+00  3.200000e+01  1.050000e+01
     vertex  5.000000e+00  3.400000e+01  6.000000e+00
     vertex  5.000000e+00  3.400000e+01  1.050000e+01
   endloop
 endfacet
 facet normal  0.000000e+00  0.000000e+00  1.000000e+00
   outer loop
     vertex  9.153846e+00  3.400000e+01  6.000000e+00
     vertex  5.000000e+00  3.400000e+01  6.000000e+00
     vertex  5.000000e+00  3.200000e+01  6.000000e+00
   endloop
 endfacet
 facet normal  0.000000e+00  0.000000e+00  1.000000e+00
   outer loop
     vertex  9.153846e+00  3.400000e+01  6.000000e+00
     vertex  5.000000e+00  3.200000e+01  6.000000e+00
     vertex  9.153846e+00  3.200000e+01  6.000000e+00
   endloop
 endfacet
 facet normal -0.000000e+00  0.000000e+00 -1.000000e+00
   outer loop
     vertex  9.153846e+00  3.400000e+01  1.050000e+01
     vertex  5.000000e+00  3.200000e+01  1.050000e+01
     vertex  5.000000e+00  3.400000e+01  1.050000e+01
   endloop
 endfacet
 facet normal  0.000000e+00 -0.000000e+00 -1.000000e+00
   outer loop
     vertex  9.153846e+00  3.400000e+01  1.050000e+01
     vertex  9.153846e+00  3.200000e+01  1.050000e+01
     vertex  5.000000e+00  3.200000e+01  1.050000e+01
   endloop
 endfacet
 facet normal -1.000000e+00  0.000000e+00  0.000000e+00
   outer loop
     vertex  9.153846e+00  3.200000e+01  1.050000e+01
     vertex  9.153846e+00  3.400000e+01  6.000000e+00
     vertex  9.153846e+00  3.200000e+01  6.000000e+00
   endloop
 endfacet
 facet normal -1.000000e+00  0.000000e+00  0.000000e+00
   outer loop
     vertex  9.153846e+00  3.200000e+01  1.050000e+01
     vertex  9.153846e+00  3.400000e+01  1.050000e+01
     vertex  9.153846e+00  3.400000e+01  6.000000e+00
   endloop
 endfacet
 facet normal  1.000000e+00  0.000000e+00  0.000000e+00
   outer loop
     vertex  1.215385e+01  3.200000e+01  1.050000e+01
     vertex  1.215385e+01  3.200000e+01  6.000000e+00
     vertex  1.215385e+01  3.400000e+01  6.000000e+00
   endloop
 endfacet
 facet normal  1.000000e+00 -0.000000e+00  0.000000e+00
   outer loop
     vertex  1.215385e+01  3.200000e+01  1.050000e+01
     vertex  1.215385e+01  3.400000e+01  6.000000e+00
     vertex  1.215385e+01  3.400000e+01  1.050000e+01
   endloop
 endfacet
 facet normal  0.000000e+00  0.000000e+00  1.000000e+00
   outer loop
     vertex  1.630769e+01  3.400000e+01  6.000000e+00
     vertex  1.215385e+01  3.400000e+01  6.000000e+00
     vertex  1.215385e+01  3.200000e+01  6.000000e+00
   endloop
 endfacet
 facet normal  0.000000e+00  0.000000e+00  1.000000e+00
   outer loop
     vertex  1.630769e+01  3.400000e+01  6.000000e+00
     vertex  1.215385e+01  3.200000e+01  6.000000e+00
     vertex  1.630769e+01  3.200000e+01  6.000000e+00
   endloop
 endfacet
 facet normal -0.000000e+00  0.000000e+00 -1.000000e+00
   outer loop
     vertex  1.630769e+01  3.400000e+01  1.050000e+01
     vertex  1.215385e+01  3.200000e+01  1.050000e+01
     vertex  1.215385e+01  3.400000e+01  1.050000e+01
   endloop
 endfacet
 facet normal  0.000000e+00 -0.000000e+00 -1.000000e+00
   outer loop
     vertex  1.630769e+01  3.400000e+01  1.050000e+01
     vertex  1.630769e+01  3.200000e+01  1.050000e+01
     vertex  1.215385e+01  3.200000e+01  1.050000e+01
   endloop
 endfacet
 facet normal -1.000000e+00  0.000000e+00  0.000000e+00
   outer loop
     vertex  1.630769e+01  3.200000e+01  1.050000e+01
     vertex  1.630769e+01  3.400000e+01  6.000000e+00
     vertex  1.630769e+01  3.200000e+01  6.000000e+00
   endloop
 endfacet
 facet normal -1.000000e+00  0.000000e+00  0.000000e+00
   outer loop
     vertex  1.630769e+01  3.200000e+01  1.050000e+01
     vertex  1.630769e+01  3.400000e+01  1.050000e+01
     vertex  1.630769e+01  3.400000e+01  6.000000e+00
   endloop
 endfacet
 facet normal  1.000000e+00  0.000000e+00  0.000000e+00
   outer loop
     vertex  1.930769e+01  3.200000e+01  1.050000e+01
     vertex  1.930769e+01  3.200000e+01  6.000000e+00
     vertex  1.930769e+01  3.400000e+01  6.000000e+00
   endloop
 endfacet
 facet normal  1.000000e+00 -0.000000e+00  0.000000e+00
   outer loop
     vertex  1.930769e+01  3.200000e+01  1.050000e+01
     vertex  1.930769e+01  3.400000e+01  6.000000e+00
     vertex  1.930769e+01  3.400000e+01  1.050000e+01
   endloop
 endfacet
 facet normal  0.000000e+00  0.000000e+00  1.000000e+00
   outer loop
     vertex  2.346154e+01  3.400000e+01  6.000000e+00
     vertex  1.930769e+01  3.400000e+01  6.000000e+00
     vertex  1.930769e+01  3.200000e+01  6.000000e+00
   endloop
 endfacet
 facet normal  0.000000e+00  0.000000e+00  1.000000e+00
   outer loop
     vertex  2.346154e+01  3.400000e+01  6.000000e+00
     vertex  1.930769e+01  3.200000e+01  6.000000e+00
     vertex  2.346154e+01  3.200000e+01  6.000000e+00
   endloop
 endfacet
 facet normal -0.000000e+00  0.000000e+00 -1.000000e+00
   outer loop
     vertex  2.346154e+01  3.400000e+01  1.050000e+01
     vertex  1.930769e+01  3.200000e+01  1.050000e+01
     vertex  1.930769e+01  3.400000e+01  1.050000e+01
   endloop
 endfacet
 facet normal  0.000000e+00 -0.000000e+00 -1.000000e+00
   outer loop
     vertex  2.346154e+01  3.400000e+01  1.050000e+01
     vertex  2.346154e+01  3.200000e+01  1.050000e+01
     vertex  1.930769e+01  3.200000e+01  1.050000e+01
   endloop
 endfacet
 facet normal -1.000000e+00  0.000000e+00  0.000000e+00
   outer loop
     vertex  2.346154e+01  3.200000e+01  1.050000e+01
     vertex  2.346154e+01  3.400000e+01  6.000000e+00
     vertex  2.346154e+01  3.200000e+01  6.000000e+00
   endloop
 endfacet
 facet normal -1.000000e+00  0.000000e+00  0.000000e+00
   outer loop
     vertex  2.346154e+01  3.200000e+01  1.050000e+01
     vertex  2.346154e+01  3.400000e+01  1.050000e+01
     vertex  2.346154e+01  3.400000e+01  6.000000e+00
   endloop
 endfacet
 facet normal  1.000000e+00  0.000000e+00  0.000000e+00
   outer loop
     vertex  2.646154e+01  3.200000e+01  1.050000e+01
     vertex  2.646154e+01  3.200000e+01  6.000000e+00
     vertex  2.646154e+01  3.400000e+01  6.000000e+00
   endloop
 endfacet
 facet normal  1.000000e+00 -0.000000e+00  0.000000e+00
   outer loop
     vertex  2.646154e+01  3.200000e+01  1.050000e+01
     vertex  2.646154e+01  3.400000e+01  6.000000e+00
     vertex  2.646154e+01  3.400000e+01  1.050000e+01
   endloop
 endfacet
 facet normal  0.000000e+00  0.000000e+00  1.000000e+00
   outer loop
     vertex  3.061538e+01  3.400000e+01  6.000000e+00
     vertex  2.646154e+01  3.400000e+01  6.000000e+00
     vertex  2.646154e+01  3.200000e+01  6.000000e+00
   endloop
 endfacet
 facet normal  0.000000e+00  0.000000e+00  1.000000e+00
   outer loop
     vertex  3.061538e+01  3.400000e+01  6.000000e+00
     vertex  2.646154e+01  3.200000e+01  6.000000e+00
     vertex  3.061538e+01  3.200000e+01  6.000000e+00
   endloop
 endfacet
 facet normal -0.000000e+00  0.000000e+00 -1.000000e+00
   outer loop
     vertex  3.061538e+01  3.400000e+01  1.050000e+01
     vertex  2.646154e+01  3.200000e+01  1.050000e+01
     vertex  2.646154e+01  3.400000e+01  1.050000e+01
   endloop
 endfacet
 facet normal  0.000000e+00 -0.000000e+00 -1.000000e+00
   outer loop
     vertex  3.061538e+01  3.400000e+01  1.050000e+01
     vertex  3.061538e+01  3.200000e+01  1.050000e+01
     vertex  2.646154e+01  3.200000e+01  1.050000e+01
   endloop
 endfacet
 facet normal -1.000000e+00  0.000000e+00  0.000000e+00
   outer loop
     vertex  3.061538e+01  3.200000e+01  1.050000e+01
     vertex  3.061538e+01  3.400000e+01  6.000000e+00
     vertex  3.061538e+01  3.200000e+01  6.000000e+00
   endloop
 endfacet
 facet normal -1.000000e+00  0.000000e+00  0.000000e+00
   outer loop
     vertex  3.061538e+01  3.200000e+01  1.050000e+01
     vertex  3.061538e+01  3.400000e+01  1.050000e+01
     vertex  3.061538e+01  3.400000e+01  6.000000e+00
   endloop
 endfacet
 facet normal  1.000000e+00  0.000000e+00  0.000000e+00
   outer loop
     vertex  3.361538e+01  3.200000e+01  1.050000e+01
     vertex  3.361538e+01  3.200000e+01  6.000000e+00
     vertex  3.361538e+01  3.400000e+01  6.000000e+00
   endloop
 endfacet
 facet normal  1.000000e+00 -0.000000e+00  0.000000e+00
   outer loop
     vertex  3.361538e+01  3.200000e+01  1.050000e+01
     vertex  3.361538e+01  3.400000e+01  6.000000e+00
     vertex  3.361538e+01  3.400000e+01  1.050000e+01
   endloop
 endfacet
 facet normal  0.000000e+00  0.000000e+00  1.000000e+00
   outer loop
     vertex  3.776923e+01  3.400000e+01  6.000000e+00
     vertex  3.361538e+01  3.400000e+01  6.000000e+00
     vertex  3.361538e+01  3.200000e+01  6.000000e+00
   endloop
 endfacet
 facet normal  0.000000e+00  0.000000e+00  1.000000e+00
   outer loop
     vertex  3.776923e+01  3.400000e+01  6.000000e+00
     vertex  3.361538e+01  3.200000e+01  6.000000e+00
     vertex  3.776923e+01  3.200000e+01  6.000000e+00
   endloop
 endfacet
 facet normal -0.000000e+00  0.000000e+00 -1.000000e+00
   outer loop
     vertex  3.776923e+01  3.400000e+01  1.050000e+01
     vertex  3.361538e+01  3.200000e+01  1.050000e+01
     vertex  3.361538e+01  3.400000e+01  1.050000e+01
   endloop
 endfacet
 facet normal  0.000000e+00 -0.000000e+00 -1.000000e+00
   outer loop
     vertex  3.776923e+01  3.400000e+01  1.050000e+01
     vertex  3.776923e+01  3.200000e+01  1.050000e+01
     vertex  3.361538e+01  3.200000e+01  1.050000e+01
   endloop
 endfacet
 facet normal -1.000000e+00  0.000000e+00  0.000000e+00
   outer loop
     vertex  3.776923e+01  3.200000e+01  1.050000e+01
     vertex  3.776923e+01  3.400000e+01  6.000000e+00
     vertex  3.776923e+01  3.200000e+01  6.000000e+00
   endloop
 endfacet
 facet normal -1.000000e+00  0.000000e+00  0.000000e+00
   outer loop
     vertex  3.776923e+01  3.200000e+01  1.050000e+01
     vertex  3.776923e+01  3.400000e+01  1.050000e+01
     vertex  3.776923e+01  3.400000e+01  6.000000e+00
   endloop
 endfacet
 facet normal  1.000000e+00  0.000000e+00  0.000000e+00
   outer loop
     vertex  4.076923e+01  3.200000e+01  1.050000e+01
     vertex  4.076923e+01  3.200000e+01  6.000000e+00
     vertex  4.076923e+01  3.400000e+01  6.000000e+00
   endloop
 endfacet
 facet normal  1.000000e+00 -0.000000e+00  0.000000e+00
   outer loop
     vertex  4.076923e+01  3.200000e+01  1.050000e+01
     vertex  4.076923e+01  3.400000e+01  6.000000e+00
     vertex  4.076923e+01  3.400000e+01  1.050000e+01
   endloop
 endfacet
 facet normal  0.000000e+00  0.000000e+00  1.000000e+00
   outer loop
     vertex  4.492308e+01  3.400000e+01  6.000000e+00
     vertex  4.076923e+01  3.400000e+01  6.000000e+00
     vertex  4.076923e+01  3.200000e+01  6.000000e+00
   endloop
 endfacet
 facet normal  0.000000e+00  0.000000e+00  1.000000e+00
   outer loop
     vertex  4.492308e+01  3.400000e+01  6.000000e+00
     vertex  4.076923e+01  3.200000e+01  6.000000e+00
     vertex  4.492308e+01  3.200000e+01  6.000000e+00
   endloop
 endfacet
 facet normal -0.000000e+00  0.000000e+00 -1.000000e+00
   outer loop
     vertex  4.492308e+01  3.400000e+01  1.050000e+01
     vertex  4.076923e+01  3.200000e+01  1.050000e+01
     vertex  4.076923e+01  3.400000e+01  1.050000e+01
   endloop
 endfacet
 facet normal  0.000000e+00 -0.000000e+00 -1.000000e+00
   outer loop
     vertex  4.492308e+01  3.400000e+01  1.050000e+01
     vertex  4.492308e+01  3.200000e+01  1.050000e+01
     vertex  4.076923e+01  3.200000e+01  1.050000e+01
   endloop
 endfacet
 facet normal -1.000000e+00  0.000000e+00  0.000000e+00
   outer loop
     vertex  4.492308e+01  3.200000e+01  1.050000e+01
     vertex  4.492308e+01  3.400000e+01  6.000000e+00
     vertex  4.492308e+01  3.200000e+01  6.000000e+00
   endloop
 endfacet
 facet normal -1.000000e+00  0.000000e+00  0.000000e+00
   outer loop
     vertex  4.492308e+01  3.200000e+01  1.050000e+01
     vertex  4.492308e+01  3.400000e+01  1.050000e+01
     vertex  4.492308e+01  3.400000e+01  6.000000e+00
   endloop
 endfacet
 facet normal  1.000000e+00  0.000000e+00  0.000000e+00
   outer loop
     vertex  4.792308e+01  3.200000e+01  1.050000e+01
     vertex  4.792308e+01  3.200000e+01  6.000000e+00
     vertex  4.792308e+01  3.400000e+01  6.000000e+00
   endloop
 endfacet
 facet normal  1.000000e+00 -0.000000e+00  0.000000e+00
   outer loop
     vertex  4.792308e+01  3.200000e+01  1.050000e+01
     vertex  4.792308e+01  3.400000e+01  6.000000e+00
     vertex  4.792308e+01  3.400000e+01  1.050000e+01
   endloop
 endfacet
 facet normal  0.000000e+00  0.000000e+00  1.000000e+00
   outer loop
     vertex  5.207692e+01  3.400000e+01  6.000000e+00
     vertex  4.792308e+01  3.400000e+01  6.000000e+00
     vertex  4.792308e+01  3.200000e+01  6.000000e+00
   endloop
 endfacet
 facet normal  0.000000e+00  0.000000e+00  1.000000e+00
   outer loop
     vertex  5.207692e+01  3.400000e+01  6.000000e+00
     vertex  4.792308e+01  3.200000e+01  6.000000e+00
     vertex  5.207692e+01  3.200000e+01  6.000000e+00
   endloop
 endfacet
 facet normal -0.000000e+00  0.000000e+00 -1.000000e+00
   outer loop
     vertex  5.207692e+01  3.400000e+01  1.050000e+01
     vertex  4.792308e+01  3.200000e+01  1.050000e+01
     vertex  4.792308e+01  3.400000e+01  1.050000e+01
   endloop
 endfacet
 facet normal  0.000000e+00 -0.000000e+00 -1.000000e+00
   outer loop
     vertex  5.207692e+01  3.400000e+01  1.050000e+01
     vertex  5.207692e+01  3.200000e+01  1.050000e+01
     vertex  4.792308e+01  3.200000e+01  1.050000e+01
   endloop
 endfacet
 facet normal -1.000000e+00  0.000000e+00  0.000000e+00
   outer loop
     vertex  5.207692e+01  3.200000e+01  1.050000e+01
     vertex  5.207692e+01  3.400000e+01  6.000000e+00
     vertex  5.207692e+01  3.200000e+01  6.000000e+00
   endloop
 endfacet
 facet normal -1.000000e+00  0.000000e+00  0.000000e+00
   outer loop
     vertex  5.207692e+01  3.200000e+01  1.050000e+01
     vertex  5.207692e+01  3.400000e+01  1.050000e+01
     vertex  5.207692e+01  3.400000e+01  6.000000e+00
   endloop
 endfacet
 facet normal  1.000000e+00  0.000000e+00  0.000000e+00
   outer loop
     vertex  5.507692e+01  3.200000e+01  1.050000e+01
     vertex  5.507692e+01  3.200000e+01  6.000000e+00
     vertex  5.507692e+01  3.400000e+01  6.000000e+00
   endloop
 endfacet
 facet normal  1.000000e+00 -0.000000e+00  0.000000e+00
   outer loop
     vertex  5.507692e+01  3.200000e+01  1.050000e+01
     vertex  5.507692e+01  3.400000e+01  6.000000e+00
     vertex  5.507692e+01  3.400000e+01  1.050000e+01
   endloop
 endfacet
 facet normal  0.000000e+00  0.000000e+00  1.000000e+00
   outer loop
     vertex  5.923077e+01  3.400000e+01  6.000000e+00
     vertex  5.507692e+01  3.400000e+01  6.000000e+00
     vertex  5.507692e+01  3.200000e+01  6.000000e+00
   endloop
 endfacet
 facet normal  0.000000e+00  0.000000e+00  1.000000e+00
   outer loop
     vertex  5.923077e+01  3.400000e+01  6.000000e+00
     vertex  5.507692e+01  3.200000e+01  6.000000e+00
     vertex  5.923077e+01  3.200000e+01  6.000000e+00
   endloop
 endfacet
 facet normal -0.000000e+00  0.000000e+00 -1.000000e+00
   outer loop
     vertex  5.923077e+01  3.400000e+01  1.050000e+01
     vertex  5.507692e+01  3.200000e+01  1.050000e+01
     vertex  5.507692e+01  3.400000e+01  1.050000e+01
   endloop
 endfacet
 facet normal  0.000000e+00 -0.000000e+00 -1.000000e+00
   outer loop
     vertex  5.923077e+01  3.400000e+01  1.050000e+01
     vertex  5.923077e+01  3.200000e+01  1.050000e+01
     vertex  5.507692e+01  3.200000e+01  1.050000e+01
   endloop
 endfacet
 facet normal -1.000000e+00  0.000000e+00  0.000000e+00
   outer loop
     vertex  5.923077e+01  3.200000e+01  1.050000e+01
     vertex  5.923077e+01  3.400000e+01  6.000000e+00
     vertex  5.923077e+01  3.200000e+01  6.000000e+00
   endloop
 endfacet
 facet normal -1.000000e+00  0.000000e+00  0.000000e+00
   outer loop
     vertex  5.923077e+01  3.200000e+01  1.050000e+01
     vertex  5.923077e+01  3.400000e+01  1.050000e+01
     vertex  5.923077e+01  3.400000e+01  6.000000e+00
   endloop
 endfacet
 facet normal  1.000000e+00  0.000000e+00  0.000000e+00
   outer loop
     vertex  6.223077e+01  3.200000e+01  1.050000e+01
     vertex  6.223077e+01  3.200000e+01  6.000000e+00
     vertex  6.223077e+01  3.400000e+01  6.000000e+00
   endloop
 endfacet
 facet normal  1.000000e+00 -0.000000e+00  0.000000e+00
   outer loop
     vertex  6.223077e+01  3.200000e+01  1.050000e+01
     vertex  6.223077e+01  3.400000e+01  6.000000e+00
     vertex  6.223077e+01  3.400000e+01  1.050000e+01
   endloop
 endfacet
 facet normal  0.000000e+00  0.000000e+00  1.000000e+00
   outer loop
     vertex  6.638462e+01  3.400000e+01  6.000000e+00
     vertex  6.223077e+01  3.400000e+01  6.000000e+00
     vertex  6.223077e+01  3.200000e+01  6.000000e+00
   endloop
 endfacet
 facet normal  0.000000e+00  0.000000e+00  1.000000e+00
   outer loop
     vertex  6.638462e+01  3.400000e+01  6.000000e+00
     vertex  6.223077e+01  3.200000e+01  6.000000e+00
     vertex  6.638462e+01  3.200000e+01  6.000000e+00
   endloop
 endfacet
 facet normal -0.000000e+00  0.000000e+00 -1.000000e+00
   outer loop
     vertex  6.638462e+01  3.400000e+01  1.050000e+01
     vertex  6.223077e+01  3.200000e+01  1.050000e+01
     vertex  6.223077e+01  3.400000e+01  1.050000e+01
   endloop
 endfacet
 facet normal  0.000000e+00 -0.000000e+00 -1.000000e+00
   outer loop
     vertex  6.638462e+01  3.400000e+01  1.050000e+01
     vertex  6.638462e+01  3.200000e+01  1.050000e+01
     vertex  6.223077e+01  3.200000e+01  1.050000e+01
   endloop
 endfacet
 facet normal -1.000000e+00  0.000000e+00  0.000000e+00
   outer loop
     vertex  6.638462e+01  3.200000e+01  1.050000e+01
     vertex  6.638462e+01  3.400000e+01  6.000000e+00
     vertex  6.638462e+01  3.200000e+01  6.000000e+00
   endloop
 endfacet
 facet normal -1.000000e+00  0.000000e+00  0.000000e+00
   outer loop
     vertex  6.638462e+01  3.200000e+01  1.050000e+01
     vertex  6.638462e+01  3.400000e+01  1.050000e+01
     vertex  6.638462e+01  3.400000e+01  6.000000e+00
   endloop
 endfacet
 facet normal  1.000000e+00  0.000000e+00  0.000000e+00
   outer loop
     vertex  6.938462e+01  3.200000e+01  1.050000e+01
     vertex  6.938462e+01  3.200000e+01  6.000000e+00
     vertex  6.938462e+01  3.400000e+01  6.000000e+00
   endloop
 endfacet
 facet normal  1.000000e+00 -0.000000e+00  0.000000e+00
   outer loop
     vertex  6.938462e+01  3.200000e+01  1.050000e+01
     vertex  6.938462e+01  3.400000e+01  6.000000e+00
     vertex  6.938462e+01  3.400000e+01  1.050000e+01
   endloop
 endfacet
 facet normal  0.000000e+00  0.000000e+00  1.000000e+00
   outer loop
     vertex  7.353846e+01  3.400000e+01  6.000000e+00
     vertex  6.938462e+01  3.400000e+01  6.000000e+00
     vertex  6.938462e+01  3.200000e+01  6.000000e+00
   endloop
 endfacet
 facet normal  0.000000e+00  0.000000e+00  1.000000e+00
   outer loop
     vertex  7.353846e+01  3.400000e+01  6.000000e+00
     vertex  6.938462e+01  3.200000e+01  6.000000e+00
     vertex  7.353846e+01  3.200000e+01  6.000000e+00
   endloop
 endfacet
 facet normal -0.000000e+00  0.000000e+00 -1.000000e+00
   outer loop
     vertex  7.353846e+01  3.400000e+01  1.050000e+01
     vertex  6.938462e+01  3.200000e+01  1.050000e+01
     vertex  6.938462e+01  3.400000e+01  1.050000e+01
   endloop
 endfacet
 facet normal  0.000000e+00 -0.000000e+00 -1.000000e+00
   outer loop
     vertex  7.353846e+01  3.400000e+01  1.050000e+01
     vertex  7.353846e+01  3.200000e+01  1.050000e+01
     vertex  6.938462e+01  3.200000e+01  1.050000e+01
   endloop
 endfacet
 facet normal -1.000000e+00  0.000000e+00  0.000000e+00
   outer loop
     vertex  7.353846e+01  3.200000e+01  1.050000e+01
     vertex  7.353846e+01  3.400000e+01  6.000000e+00
     vertex  7.353846e+01  3.200000e+01  6.000000e+00
   endloop
 endfacet
 facet normal -1.000000e+00  0.000000e+00  0.000000e+00
   outer loop
     vertex  7.353846e+01  3.200000e+01  1.050000e+01
     vertex  7.353846e+01  3.400000e+01  1.050000e+01
     vertex  7.353846e+01  3.400000e+01  6.000000e+00
   endloop
 endfacet
 facet normal  1.000000e+00  0.000000e+00  0.000000e+00
   outer loop
     vertex  7.653846e+01  3.200000e+01  1.050000e+01
     vertex  7.653846e+01  3.200000e+01  6.000000e+00
     vertex  7.653846e+01  3.400000e+01  6.000000e+00
   endloop
 endfacet
 facet normal  1.000000e+00 -0.000000e+00  0.000000e+00
   outer loop
     vertex  7.653846e+01  3.200000e+01  1.050000e+01
     vertex  7.653846e+01  3.400000e+01  6.000000e+00
     vertex  7.653846e+01  3.400000e+01  1.050000e+01
   endloop
 endfacet
 facet normal  0.000000e+00  0.000000e+00  1.000000e+00
   outer loop
     vertex  8.069231e+01  3.400000e+01  6.000000e+00
     vertex  7.653846e+01  3.400000e+01  6.000000e+00
     vertex  7.653846e+01  3.200000e+01  6.000000e+00
   endloop
 endfacet
 facet normal  0.000000e+00  0.000000e+00  1.000000e+00
   outer loop
     vertex  8.069231e+01  3.400000e+01  6.000000e+00
     vertex  7.653846e+01  3.200000e+01  6.000000e+00
     vertex  8.069231e+01  3.200000e+01  6.000000e+00
   endloop
 endfacet
 facet normal -0.000000e+00  0.000000e+00 -1.000000e+00
   outer loop
     vertex  8.069231e+01  3.400000e+01  1.050000e+01
     vertex  7.653846e+01  3.200000e+01  1.050000e+01
     vertex  7.653846e+01  3.400000e+01  1.050000e+01
   endloop
 endfacet
 facet normal  0.000000e+00 -0.000000e+00 -1.000000e+00
   outer loop
     vertex  8.069231e+01  3.400000e+01  1.050000e+01
     vertex  8.069231e+01  3.200000e+01  1.050000e+01
     vertex  7.653846e+01  3.200000e+01  1.050000e+01
   endloop
 endfacet
 facet normal -1.000000e+00  0.000000e+00  0.000000e+00
   outer loop
     vertex  8.069231e+01  3.200000e+01  1.050000e+01
     vertex  8.069231e+01  3.400000e+01  6.000000e+00
     vertex  8.069231e+01  3.200000e+01  6.000000e+00
   endloop
 endfacet
 facet normal -1.000000e+00  0.000000e+00  0.000000e+00
   outer loop
     vertex  8.069231e+01  3.200000e+01  1.050000e+01
     vertex  8.069231e+01  3.400000e+01  1.050000e+01
     vertex  8.069231e+01  3.400000e+01  6.000000e+00
   endloop
 endfacet
 facet normal  1.000000e+00  0.000000e+00  0.000000e+00
   outer loop
     vertex  8.369231e+01  3.200000e+01  1.050000e+01
     vertex  8.369231e+01  3.200000e+01  6.000000e+00
     vertex  8.369231e+01  3.400000e+01  6.000000e+00
   endloop
 endfacet
 facet normal  1.000000e+00 -0.000000e+00  0.000000e+00
   outer loop
     vertex  8.369231e+01  3.200000e+01  1.050000e+01
     vertex  8.369231e+01  3.400000e+01  6.000000e+00
     vertex  8.369231e+01  3.400000e+01  1.050000e+01
   endloop
 endfacet
 facet normal  0.000000e+00  0.000000e+00  1.000000e+00
   outer loop
     vertex  8.784615e+01  3.400000e+01  6.000000e+00
     vertex  8.369231e+01  3.400000e+01  6.000000e+00
     vertex  8.369231e+01  3.200000e+01  6.000000e+00
   endloop
 endfacet
 facet normal  0.000000e+00  0.000000e+00  1.000000e+00
   outer loop
     vertex  8.784615e+01  3.400000e+01  6.000000e+00
     vertex  8.369231e+01  3.200000e+01  6.000000e+00
     vertex  8.784615e+01  3.200000e+01  6.000000e+00
   endloop
 endfacet
 facet normal -0.000000e+00  0.000000e+00 -1.000000e+00
   outer loop
     vertex  8.784615e+01  3.400000e+01  1.050000e+01
     vertex  8.369231e+01  3.200000e+01  1.050000e+01
     vertex  8.369231e+01  3.400000e+01  1.050000e+01
   endloop
 endfacet
 facet normal  0.000000e+00 -0.000000e+00 -1.000000e+00
   outer loop
     vertex  8.784615e+01  3.400000e+01  1.050000e+01
     vertex  8.784615e+01  3.200000e+01  1.050000e+01
     vertex  8.369231e+01  3.200000e+01  1.050000e+01
   endloop
 endfacet
 facet normal -1.000000e+00  0.000000e+00  0.000000e+00
   outer loop
     vertex  8.784615e+01  3.200000e+01  1.050000e+01
     vertex  8.784615e+01  3.400000e+01  6.000000e+00
     vertex  8.784615e+01  3.200000e+01  6.000000e+00
   endloop
 endfacet
 facet normal -1.000000e+00  0.000000e+00  0.000000e+00
   outer loop
     vertex  8.784615e+01  3.200000e+01  1.050000e+01
     vertex  8.784615e+01  3.400000e+01  1.050000e+01
     vertex  8.784615e+01  3.400000e+01  6.000000e+00
   endloop
 endfacet
 facet normal  1.000000e+00  0.000000e+00  0.000000e+00
   outer loop
     vertex  9.084615e+01  3.200000e+01  1.050000e+01
     vertex  9.084615e+01  3.200000e+01  6.000000e+00
     vertex  9.084615e+01  3.400000e+01  6.000000e+00
   endloop
 endfacet
 facet normal  1.000000e+00 -0.000000e+00  0.000000e+00
   outer loop
     vertex  9.084615e+01  3.200000e+01  1.050000e+01
     vertex  9.084615e+01  3.400000e+01  6.000000e+00
     vertex  9.084615e+01  3.400000e+01  1.050000e+01
   endloop
 endfacet
 facet normal  0.000000e+00  0.000000e+00  1.000000e+00
   outer loop
     vertex  9.500000e+01  3.400000e+01  6.000000e+00
     vertex  9.084615e+01  3.400000e+01  6.000000e+00
     vertex  9.084615e+01  3.200000e+01  6.000000e+00
   endloop
 endfacet
 facet normal  0.000000e+00  0.000000e+00  1.000000e+00
   outer loop
     vertex  9.500000e+01  3.400000e+01  6.000000e+00
     vertex  9.084615e+01  3.200000e+01  6.000000e+00
     vertex  9.500000e+01  3.200000e+01  6.000000e+00
   endloop
 endfacet
 facet normal -0.000000e+00  0.000000e+00 -1.000000e+00
   outer loop
     vertex  9.500000e+01  3.400000e+01  1.050000e+01
     vertex  9.084615e+01  3.200000e+01  1.050000e+01
     vertex  9.084615e+01  3.400000e+01  1.050000e+01
   endloop
 endfacet
 facet normal  0.000000e+00 -0.000000e+00 -1.000000e+00
   outer loop
     vertex  9.500000e+01  3.400000e+01  1.050000e+01
     vertex  9.500000e+01  3.200000e+01  1.050000e+01
     vertex  9.084615e+01  3.200000e+01  1.050000e+01
   endloop
 endfacet
 facet normal -1.000000e+00  0.000000e+00  0.000000e+00
   outer loop
     vertex  9.500000e+01  3.200000e+01  1.050000e+01
     vertex  9.500000e+01  3.400000e+01  6.000000e+00
     vertex  9.500000e+01  3.200000e+01  6.000000e+00
   endloop
 endfacet
 facet normal -1.000000e+00  0.000000e+00  0.000000e+00
   outer loop
     vertex  9.500000e+01  3.200000e+01  1.050000e+01
     vertex  9.500000e+01  3.400000e+01  1.050000e+01
     vertex  9.500000e+01  3.400000e+01  6.000000e+00
   endloop
 endfacet
 facet normal  0.000000e+00  0.000000e+00  1.000000e+00
   outer loop
     vertex  1.500000e+00  4.200000e+01 -2.300000e+00
     vertex -1.000000e+00  4.200000e+01 -2.300000e+00
     vertex -1.000000e+00  3.500000e+01 -2.300000e+00
   endloop
 endfacet
 facet normal  0.000000e+00  0.000000e+00  1.000000e+00
   outer loop
     vertex  1.500000e+00  4.200000e+01 -2.300000e+00
     vertex -1.000000e+00  3.500000e+01 -2.300000e+00
     vertex  1.500000e+00  3.500000e+01 -2.300000e+00
   endloop
 endfacet
 facet normal  0.000000e+00  1.000000e+00  0.000000e+00
   outer loop
     vertex  5.707692e+01  1.300000e+00  3.000000e+00
     vertex  5.707692e+01  1.300000e+00  1.200000e+00
     vertex  5.007692e+01  1.300000e+00  1.200000e+00
   endloop
 endfacet
 facet normal  0.000000e+00  1.000000e+00  0.000000e+00
   outer loop
     vertex  5.707692e+01  1.300000e+00  3.000000e+00
     vertex  5.007692e+01  1.300000e+00  1.200000e+00
     vertex  5.007692e+01  1.300000e+00  3.000000e+00
   endloop
 endfacet
 facet normal -1.000000e+00  0.000000e+00  0.000000e+00
   outer loop
     vertex  1.010000e+02  0.000000e+00  8.000000e-01
     vertex  1.010000e+02  7.000000e+00 -2.300000e+00
     vertex  1.010000e+02  0.000000e+00 -2.300000e+00
   endloop
 endfacet
 facet normal -1.000000e+00  0.000000e+00  0.000000e+00
   outer loop
     vertex  1.010000e+02  0.000000e+00  8.000000e-01
     vertex  1.010000e+02  7.000000e+00  8.000000e-01
     vertex  1.010000e+02  7.000000e+00 -2.300000e+00
   endloop
 endfacet
 facet normal -1.000000e+00  0.000000e+00  0.000000e+00
   outer loop
     vertex  1.010000e+02  3.500000e+01  8.000000e-01
     vertex  1.010000e+02  4.200000e+01 -2.300000e+00
     vertex  1.010000e+02  3.500000e+01 -2.300000e+00
   endloop
 endfacet
 facet normal -1.000000e+00  0.000000e+00  0.000000e+00
   outer loop
     vertex  1.010000e+02  3.500000e+01  8.000000e-01
     vertex  1.010000e+02  4.200000e+01  8.000000e-01
     vertex  1.010000e+02  4.200000e+01 -2.300000e+00
   endloop
 endfacet
 facet normal  1.000000e+00  0.000000e+00  0.000000e+00
   outer loop
     vertex  1.500000e+00  0.000000e+00 -2.300000e+00
     vertex  1.500000e+00  0.000000e+00 -3.300000e+00
     vertex  1.500000e+00  7.000000e+00 -3.300000e+00
   endloop
 endfacet
 facet normal  1.000000e+00 -0.000000e+00  0.000000e+00
   outer loop
     vertex  1.500000e+00  0.000000e+00 -2.300000e+00
     vertex  1.500000e+00  7.000000e+00 -3.300000e+00
     vertex  1.500000e+00  7.000000e+00 -2.300000e+00
   endloop
 endfacet
 facet normal  1.000000e+00  0.000000e+00  0.000000e+00
   outer loop
     vertex  1.500000e+00  3.500000e+01 -2.300000e+00
     vertex  1.500000e+00  3.500000e+01 -3.300000e+00
     vertex  1.500000e+00  4.200000e+01 -3.300000e+00
   endloop
 endfacet
 facet normal  1.000000e+00 -0.000000e+00  0.000000e+00
   outer loop
     vertex  1.500000e+00  3.500000e+01 -2.300000e+00
     vertex  1.500000e+00  4.200000e+01 -3.300000e+00
     vertex  1.500000e+00  4.200000e+01 -2.300000e+00
   endloop
 endfacet
 facet normal  0.000000e+00  0.000000e+00  1.000000e+00
   outer loop
     vertex  5.707692e+01  2.300000e+00  1.200000e+00
     vertex  5.007692e+01  2.300000e+00  1.200000e+00
     vertex  5.007692e+01  1.300000e+00  1.200000e+00
   endloop
 endfacet
 facet normal  0.000000e+00  0.000000e+00  1.000000e+00
   outer loop
     vertex  5.707692e+01  2.300000e+00  1.200000e+00
     vertex  5.007692e+01  1.300000e+00  1.200000e+00
     vertex  5.707692e+01  1.300000e+00  1.200000e+00
   endloop
 endfacet
 facet normal  0.000000e+00  1.000000e+00  0.000000e+00
   outer loop
     vertex  5.707692e+01  2.300000e+00  1.200000e+00
     vertex  5.707692e+01  2.300000e+00  0.000000e+00
     vertex  5.007692e+01  2.300000e+00  0.000000e+00
   endloop
 endfacet
 facet normal  0.000000e+00  1.000000e+00  0.000000e+00
   outer loop
     vertex  5.707692e+01  2.300000e+00  1.200000e+00
     vertex  5.007692e+01  2.300000e+00  0.000000e+00
     vertex  5.007692e+01  2.300000e+00  1.200000e+00
   endloop
 endfacet
 facet normal  0.000000e+00  0.000000e+00  1.000000e+00
   outer loop
     vertex  1.010000e+02  7.000000e+00 -2.300000e+00
     vertex  9.850000e+01  7.000000e+00 -2.300000e+00
     vertex  9.850000e+01  0.000000e+00 -2.300000e+00
   endloop
 endfacet
 facet normal  0.000000e+00  0.000000e+00  1.000000e+00
   outer loop
     vertex  1.010000e+02  7.000000e+00 -2.300000e+00
     vertex  9.850000e+01  0.000000e+00 -2.300000e+00
     vertex  1.010000e+02  0.000000e+00 -2.300000e+00
   endloop
 endfacet
 facet normal  0.000000e+00  0.000000e+00  1.000000e+00
   outer loop
     vertex  1.010000e+02  4.200000e+01 -2.300000e+00
     vertex  9.850000e+01  4.200000e+01 -2.300000e+00
     vertex  9.850000e+01  3.500000e+01 -2.300000e+00
   endloop
 endfacet
 facet normal  0.000000e+00  0.000000e+00  1.000000e+00
   outer loop
     vertex  1.010000e+02  4.200000e+01 -2.300000e+00
     vertex  9.850000e+01  3.500000e+01 -2.300000e+00
     vertex  1.010000e+02  3.500000e+01 -2.300000e+00
   endloop
 endfacet
 facet normal -1.000000e+00  0.000000e+00  0.000000e+00
   outer loop
     vertex  9.850000e+01  0.000000e+00 -2.300000e+00
     vertex  9.850000e+01  7.000000e+00 -3.300000e+00
     vertex  9.850000e+01  0.000000e+00 -3.300000e+00
   endloop
 endfacet
 facet normal -1.000000e+00  0.000000e+00  0.000000e+00
   outer loop
     vertex  9.850000e+01  0.000000e+00 -2.300000e+00
     vertex  9.850000e+01  7.000000e+00 -2.300000e+00
     vertex  9.850000e+01  7.000000e+00 -3.300000e+00
   endloop
 endfacet
 facet normal -1.000000e+00  0.000000e+00  0.000000e+00
   outer loop
     vertex  9.850000e+01  3.500000e+01 -2.300000e+00
     vertex  9.850000e+01  4.200000e+01 -3.300000e+00
     vertex  9.850000e+01  3.500000e+01 -3.300000e+00
   endloop
 endfacet
 facet normal -1.000000e+00  0.000000e+00  0.000000e+00
   outer loop
     vertex  9.850000e+01  3.500000e+01 -2.300000e+00
     vertex  9.850000e+01  4.200000e+01 -2.300000e+00
     vertex  9.850000e+01  4.200000e+01 -3.300000e+00
   endloop
 endfacet
 facet normal  0.000000e+00 -1.000000e+00  0.000000e+00
   outer loop
     vertex -1.000000e+00  0.000000e+00  8.000000e-01
     vertex  0.000000e+00  0.000000e+00  1.800000e+00
     vertex -3.000000e+00  0.000000e+00  1.800000e+00
   endloop
 endfacet
 facet normal  0.000000e+00 -1.000000e+00  0.000000e+00
   outer loop
     vertex  9.153846e+00  0.000000e+00  1.050000e+01
     vertex  0.000000e+00  0.000000e+00  1.200000e+01
     vertex  5.000000e+00  0.000000e+00  1.050000e+01
   endloop
 endfacet
 facet normal  0.000000e+00 -1.000000e+00  0.000000e+00
   outer loop
     vertex  5.000000e+00  0.000000e+00  6.000000e+00
     vertex  5.000000e+00  0.000000e+00  1.050000e+01
     vertex  0.000000e+00  0.000000e+00  1.200000e+01
   endloop
 endfacet
 facet normal  0.000000e+00 -1.000000e+00  0.000000e+00
   outer loop
     vertex  2.000000e+00  0.000000e+00  3.000000e+00
     vertex  5.000000e+00  0.000000e+00  6.000000e+00
     vertex  0.000000e+00  0.000000e+00  1.200000e+01
   endloop
 endfacet
 facet normal  0.000000e+00 -1.000000e+00  0.000000e+00
   outer loop
     vertex  0.000000e+00  0.000000e+00  8.000000e-01
     vertex  0.000000e+00  0.000000e+00  1.800000e+00
     vertex -1.000000e+00  0.000000e+00  8.000000e-01
   endloop
 endfacet
 facet normal -0.000000e+00 -1.000000e+00  0.000000e+00
   outer loop
     vertex  5.000000e+00  0.000000e+00  4.500000e+00
     vertex  5.000000e+00  0.000000e+00  6.000000e+00
     vertex  2.000000e+00  0.000000e+00  3.000000e+00
   endloop
 endfacet
 facet normal  0.000000e+00 -1.000000e+00  0.000000e+00
   outer loop
     vertex -1.000000e+00  0.000000e+00 -2.300000e+00
     vertex -1.000000e+00  0.000000e+00  8.000000e-01
     vertex -3.000000e+00  0.000000e+00  1.800000e+00
   endloop
 endfacet
 facet normal -0.000000e+00 -1.000000e+00  0.000000e+00
   outer loop
     vertex -1.000000e+00  0.000000e+00 -2.300000e+00
     vertex -3.000000e+00  0.000000e+00  1.800000e+00
     vertex -3.000000e+00  0.000000e+00 -3.300000e+00
   endloop
 endfacet
 facet normal  0.000000e+00 -1.000000e+00  0.000000e+00
   outer loop
     vertex  1.215385e+01  0.000000e+00  1.050000e+01
     vertex  0.000000e+00  0.000000e+00  1.200000e+01
     vertex  9.153846e+00  0.000000e+00  1.050000e+01
   endloop
 endfacet
 facet normal  0.000000e+00 -1.000000e+00  0.000000e+00
   outer loop
     vertex  2.000000e+00  0.000000e+00  0.000000e+00
     vertex  0.000000e+00  0.000000e+00  1.800000e+00
     vertex  0.000000e+00  0.000000e+00  8.000000e-01
   endloop
 endfacet
 facet normal  0.000000e+00 -1.000000e+00  0.000000e+00
   outer loop
     vertex  2.000000e+00  0.000000e+00  0.000000e+00
     vertex  2.000000e+00  0.000000e+00  3.000000e+00
     vertex  0.000000e+00  0.000000e+00  1.800000e+00
   endloop
 endfacet
 facet normal  0.000000e+00 -1.000000e+00  0.000000e+00
   outer loop
     vertex  2.000000e+00  0.000000e+00  0.000000e+00
     vertex  0.000000e+00  0.000000e+00  8.000000e-01
     vertex  0.000000e+00  0.000000e+00  0.000000e+00
   endloop
 endfacet
 facet normal  0.000000e+00 -1.000000e+00  0.000000e+00
   outer loop
     vertex  5.000000e+00  0.000000e+00  3.000000e+00
     vertex  5.000000e+00  0.000000e+00  4.500000e+00
     vertex  2.000000e+00  0.000000e+00  3.000000e+00
   endloop
 endfacet
 facet normal  0.000000e+00 -1.000000e+00  0.000000e+00
   outer loop
     vertex  9.153846e+00  0.000000e+00  4.500000e+00
     vertex  5.000000e+00  0.000000e+00  6.000000e+00
     vertex  5.000000e+00  0.000000e+00  4.500000e+00
   endloop
 endfacet
 facet normal  0.000000e+00 -1.000000e+00  0.000000e+00
   outer loop
     vertex  9.153846e+00  0.000000e+00  4.500000e+00
     vertex  9.153846e+00  0.000000e+00  6.000000e+00
     vertex  5.000000e+00  0.000000e+00  6.000000e+00
   endloop
 endfacet
 facet normal  0.000000e+00 -1.000000e+00  0.000000e+00
   outer loop
     vertex  1.500000e+00  0.000000e+00 -3.300000e+00
     vertex -1.000000e+00  0.000000e+00 -2.300000e+00
     vertex -3.000000e+00  0.000000e+00 -3.300000e+00
   endloop
 endfacet
 facet normal  0.000000e+00 -1.000000e+00  0.000000e+00
   outer loop
     vertex  1.500000e+00  0.000000e+00 -3.300000e+00
     vertex  1.500000e+00  0.000000e+00 -2.300000e+00
     vertex -1.000000e+00  0.000000e+00 -2.300000e+00
   endloop
 endfacet
 facet normal  0.000000e+00 -1.000000e+00  0.000000e+00
   outer loop
     vertex  1.215385e+01  0.000000e+00  6.000000e+00
     vertex  1.215385e+01  0.000000e+00  1.050000e+01
     vertex  9.153846e+00  0.000000e+00  1.050000e+01
   endloop
 endfacet
 facet normal -0.000000e+00 -1.000000e+00  0.000000e+00
   outer loop
     vertex  1.215385e+01  0.000000e+00  6.000000e+00
     vertex  9.153846e+00  0.000000e+00  6.000000e+00
     vertex  9.153846e+00  0.000000e+00  4.500000e+00
   endloop
 endfacet
 facet normal  0.000000e+00 -1.000000e+00  0.000000e+00
   outer loop
     vertex  1.215385e+01  0.000000e+00  6.000000e+00
     vertex  9.153846e+00  0.000000e+00  1.050000e+01
     vertex  9.153846e+00  0.000000e+00  6.000000e+00
   endloop
 endfacet
 facet normal -0.000000e+00 -1.000000e+00  0.000000e+00
   outer loop
     vertex  1.215385e+01  0.000000e+00  4.500000e+00
     vertex  9.153846e+00  0.000000e+00  4.500000e+00
     vertex  9.153846e+00  0.000000e+00  3.000000e+00
   endloop
 endfacet
 facet normal  0.000000e+00 -1.000000e+00  0.000000e+00
   outer loop
     vertex  1.215385e+01  0.000000e+00  4.500000e+00
     vertex  1.215385e+01  0.000000e+00  6.000000e+00
     vertex  9.153846e+00  0.000000e+00  4.500000e+00
   endloop
 endfacet
 facet normal  0.000000e+00 -1.000000e+00  0.000000e+00
   outer loop
     vertex  1.215385e+01  0.000000e+00  3.000000e+00
     vertex  1.215385e+01  0.000000e+00  4.500000e+00
     vertex  9.153846e+00  0.000000e+00  3.000000e+00
   endloop
 endfacet
 facet normal  0.000000e+00 -1.000000e+00  0.000000e+00
   outer loop
     vertex  1.630769e+01  0.000000e+00  4.500000e+00
     vertex  1.630769e+01  0.000000e+00  6.000000e+00
     vertex  1.215385e+01  0.000000e+00  6.000000e+00
   endloop
 endfacet
 facet normal  0.000000e+00 -1.000000e+00  0.000000e+00
   outer loop
     vertex  1.630769e+01  0.000000e+00  4.500000e+00
     vertex  1.215385e+01  0.000000e+00  6.000000e+00
     vertex  1.215385e+01  0.000000e+00  4.500000e+00
   endloop
 endfacet
 facet normal  0.000000e+00 -1.000000e+00  0.000000e+00
   outer loop
     vertex  1.930769e+01  0.000000e+00  6.000000e+00
     vertex  1.630769e+01  0.000000e+00  1.050000e+01
     vertex  1.630769e+01  0.000000e+00  6.000000e+00
   endloop
 endfacet
 facet normal  0.000000e+00 -1.000000e+00  0.000000e+00
   outer loop
     vertex  1.930769e+01  0.000000e+00  6.000000e+00
     vertex  1.930769e+01  0.000000e+00  1.050000e+01
     vertex  1.630769e+01  0.000000e+00  1.050000e+01
   endloop
 endfacet
 facet normal  0.000000e+00 -1.000000e+00  0.000000e+00
   outer loop
     vertex  1.930769e+01  0.000000e+00  4.500000e+00
     vertex  1.630769e+01  0.000000e+00  6.000000e+00
     vertex  1.630769e+01  0.000000e+00  4.500000e+00
   endloop
 endfacet
 facet normal  0.000000e+00 -1.000000e+00  0.000000e+00
   outer loop
     vertex  1.930769e+01  0.000000e+00  4.500000e+00
     vertex  1.930769e+01  0.000000e+00  6.000000e+00
     vertex  1.630769e+01  0.000000e+00  6.000000e+00
   endloop
 endfacet
 facet normal  0.000000e+00 -1.000000e+00  0.000000e+00
   outer loop
     vertex  1.930769e+01  0.000000e+00  3.000000e+00
     vertex  1.630769e+01  0.000000e+00  4.500000e+00
     vertex  1.630769e+01  0.000000e+00  3.000000e+00
   endloop
 endfacet
 facet normal  0.000000e+00 -1.000000e+00  0.000000e+00
   outer loop
     vertex  1.930769e+01  0.000000e+00  3.000000e+00
     vertex  1.930769e+01  0.000000e+00  4.500000e+00
     vertex  1.630769e+01  0.000000e+00  4.500000e+00
   endloop
 endfacet
 facet normal  0.000000e+00 -1.000000e+00  0.000000e+00
   outer loop
     vertex  2.346154e+01  0.000000e+00  4.500000e+00
     vertex  2.346154e+01  0.000000e+00  6.000000e+00
     vertex  1.930769e+01  0.000000e+00  6.000000e+00
   endloop
 endfacet
 facet normal  0.000000e+00 -1.000000e+00  0.000000e+00
   outer loop
     vertex  2.346154e+01  0.000000e+00  4.500000e+00
     vertex  1.930769e+01  0.000000e+00  6.000000e+00
     vertex  1.930769e+01  0.000000e+00  4.500000e+00
   endloop
 endfacet
 facet normal  0.000000e+00 -1.000000e+00  0.000000e+00
   outer loop
     vertex  2.646154e+01  0.000000e+00  6.000000e+00
     vertex  2.346154e+01  0.000000e+00  1.050000e+01
     vertex  2.346154e+01  0.000000e+00  6.000000e+00
   endloop
 endfacet
 facet normal  0.000000e+00 -1.000000e+00  0.000000e+00
   outer loop
     vertex  2.646154e+01  0.000000e+00  6.000000e+00
     vertex  2.646154e+01  0.000000e+00  1.050000e+01
     vertex  2.346154e+01  0.000000e+00  1.050000e+01
   endloop
 endfacet
 facet normal  0.000000e+00 -1.000000e+00  0.000000e+00
   outer loop
     vertex  2.646154e+01  0.000000e+00  4.500000e+00
     vertex  2.646154e+01  0.000000e+00  6.000000e+00
     vertex  2.346154e+01  0.000000e+00  6.000000e+00
   endloop
 endfacet
 facet normal  0.000000e+00 -1.000000e+00  0.000000e+00
   outer loop
     vertex  2.646154e+01  0.000000e+00  4.500000e+00
     vertex  2.346154e+01  0.000000e+00  6.000000e+00
     vertex  2.346154e+01  0.000000e+00  4.500000e+00
   endloop
 endfacet
 facet normal  0.000000e+00 -1.000000e+00  0.000000e+00
   outer loop
     vertex  2.646154e+01  0.000000e+00  3.000000e+00
     vertex  2.646154e+01  0.000000e+00  4.500000e+00
     vertex  2.346154e+01  0.000000e+00  4.500000e+00
   endloop
 endfacet
 facet normal  0.000000e+00 -1.000000e+00  0.000000e+00
   outer loop
     vertex  2.646154e+01  0.000000e+00  3.000000e+00
     vertex  2.346154e+01  0.000000e+00  4.500000e+00
     vertex  2.346154e+01  0.000000e+00  3.000000e+00
   endloop
 endfacet
 facet normal -0.000000e+00 -1.000000e+00  0.000000e+00
   outer loop
     vertex  3.061538e+01  0.000000e+00  6.000000e+00
     vertex  2.646154e+01  0.000000e+00  6.000000e+00
     vertex  2.646154e+01  0.000000e+00  4.500000e+00
   endloop
 endfacet
 facet normal  0.000000e+00 -1.000000e+00  0.000000e+00
   outer loop
     vertex  3.061538e+01  0.000000e+00  4.500000e+00
     vertex  3.061538e+01  0.000000e+00  6.000000e+00
     vertex  2.646154e+01  0.000000e+00  4.500000e+00
   endloop
 endfacet
 facet normal  0.000000e+00 -1.000000e+00  0.000000e+00
   outer loop
     vertex  3.361538e+01  0.000000e+00  6.000000e+00
     vertex  3.061538e+01  0.000000e+00  1.050000e+01
     vertex  3.061538e+01  0.000000e+00  6.000000e+00
   endloop
 endfacet
 facet normal  0.000000e+00 -1.000000e+00  0.000000e+00
   outer loop
     vertex  3.361538e+01  0.000000e+00  6.000000e+00
     vertex  3.361538e+01  0.000000e+00  1.050000e+01
     vertex  3.061538e+01  0.000000e+00  1.050000e+01
   endloop
 endfacet
 facet normal  0.000000e+00 -1.000000e+00  0.000000e+00
   outer loop
     vertex  3.361538e+01  0.000000e+00  4.500000e+00
     vertex  3.061538e+01  0.000000e+00  6.000000e+00
     vertex  3.061538e+01  0.000000e+00  4.500000e+00
   endloop
 endfacet
 facet normal  0.000000e+00 -1.000000e+00  0.000000e+00
   outer loop
     vertex  3.361538e+01  0.000000e+00  4.500000e+00
     vertex  3.361538e+01  0.000000e+00  6.000000e+00
     vertex  3.061538e+01  0.000000e+00  6.000000e+00
   endloop
 endfacet
 facet normal -0.000000e+00 -1.000000e+00  0.000000e+00
   outer loop
     vertex  3.361538e+01  0.000000e+00  4.500000e+00
     vertex  3.061538e+01  0.000000e+00  4.500000e+00
     vertex  3.061538e+01  0.000000e+00  3.000000e+00
   endloop
 endfacet
 facet normal  0.000000e+00 -1.000000e+00  0.000000e+00
   outer loop
     vertex  3.361538e+01  0.000000e+00  3.000000e+00
     vertex  3.361538e+01  0.000000e+00  4.500000e+00
     vertex  3.061538e+01  0.000000e+00  3.000000e+00
   endloop
 endfacet
 facet normal  0.000000e+00 -1.000000e+00  0.000000e+00
   outer loop
     vertex  3.776923e+01  0.000000e+00  4.500000e+00
     vertex  3.361538e+01  0.000000e+00  6.000000e+00
     vertex  3.361538e+01  0.000000e+00  4.500000e+00
   endloop
 endfacet
 facet normal  0.000000e+00 -1.000000e+00  0.000000e+00
   outer loop
     vertex  3.776923e+01  0.000000e+00  4.500000e+00
     vertex  3.776923e+01  0.000000e+00  6.000000e+00
     vertex  3.361538e+01  0.000000e+00  6.000000e+00
   endloop
 endfacet
 facet normal  0.000000e+00 -1.000000e+00  0.000000e+00
   outer loop
     vertex  4.076923e+01  0.000000e+00  6.000000e+00
     vertex  3.776923e+01  0.000000e+00  1.050000e+01
     vertex  3.776923e+01  0.000000e+00  6.000000e+00
   endloop
 endfacet
 facet normal  0.000000e+00 -1.000000e+00  0.000000e+00
   outer loop
     vertex  4.076923e+01  0.000000e+00  6.000000e+00
     vertex  4.076923e+01  0.000000e+00  1.050000e+01
     vertex  3.776923e+01  0.000000e+00  1.050000e+01
   endloop
 endfacet
 facet normal  0.000000e+00 -1.000000e+00  0.000000e+00
   outer loop
     vertex  4.076923e+01  0.000000e+00  4.500000e+00
     vertex  3.776923e+01  0.000000e+00  6.000000e+00
     vertex  3.776923e+01  0.000000e+00  4.500000e+00
   endloop
 endfacet
 facet normal  0.000000e+00 -1.000000e+00  0.000000e+00
   outer loop
     vertex  4.076923e+01  0.000000e+00  4.500000e+00
     vertex  4.076923e+01  0.000000e+00  6.000000e+00
     vertex  3.776923e+01  0.000000e+00  6.000000e+00
   endloop
 endfacet
 facet normal  0.000000e+00 -1.000000e+00  0.000000e+00
   outer loop
     vertex  4.076923e+01  0.000000e+00  3.000000e+00
     vertex  3.776923e+01  0.000000e+00  4.500000e+00
     vertex  3.776923e+01  0.000000e+00  3.000000e+00
   endloop
 endfacet
 facet normal  0.000000e+00 -1.000000e+00  0.000000e+00
   outer loop
     vertex  4.076923e+01  0.000000e+00  3.000000e+00
     vertex  4.076923e+01  0.000000e+00  4.500000e+00
     vertex  3.776923e+01  0.000000e+00  4.500000e+00
   endloop
 endfacet
 facet normal  0.000000e+00 -1.000000e+00  0.000000e+00
   outer loop
     vertex  4.492308e+01  0.000000e+00  4.500000e+00
     vertex  4.492308e+01  0.000000e+00  6.000000e+00
     vertex  4.076923e+01  0.000000e+00  6.000000e+00
   endloop
 endfacet
 facet normal  0.000000e+00 -1.000000e+00  0.000000e+00
   outer loop
     vertex  4.492308e+01  0.000000e+00  4.500000e+00
     vertex  4.076923e+01  0.000000e+00  6.000000e+00
     vertex  4.076923e+01  0.000000e+00  4.500000e+00
   endloop
 endfacet
 facet normal  0.000000e+00 -1.000000e+00  0.000000e+00
   outer loop
     vertex  4.792308e+01  0.000000e+00  6.000000e+00
     vertex  4.492308e+01  0.000000e+00  1.050000e+01
     vertex  4.492308e+01  0.000000e+00  6.000000e+00
   endloop
 endfacet
 facet normal  0.000000e+00 -1.000000e+00  0.000000e+00
   outer loop
     vertex  4.792308e+01  0.000000e+00  6.000000e+00
     vertex  4.792308e+01  0.000000e+00  1.050000e+01
     vertex  4.492308e+01  0.000000e+00  1.050000e+01
   endloop
 endfacet
 facet normal -0.000000e+00 -1.000000e+00  0.000000e+00
   outer loop
     vertex  4.792308e+01  0.000000e+00  4.500000e+00
     vertex  4.492308e+01  0.000000e+00  4.500000e+00
     vertex  4.492308e+01  0.000000e+00  3.000000e+00
   endloop
 endfacet
 facet normal  0.000000e+00 -1.000000e+00  0.000000e+00
   outer loop
     vertex  4.792308e+01  0.000000e+00  4.500000e+00
     vertex  4.492308e+01  0.000000e+00  6.000000e+00
     vertex  4.492308e+01  0.000000e+00  4.500000e+00
   endloop
 endfacet
 facet normal  0.000000e+00 -1.000000e+00  0.000000e+00
   outer loop
     vertex  4.792308e+01  0.000000e+00  4.500000e+00
     vertex  4.792308e+01  0.000000e+00  6.000000e+00
     vertex  4.492308e+01  0.000000e+00  6.000000e+00
   endloop
 endfacet
 facet normal  0.000000e+00 -1.000000e+00  0.000000e+00
   outer loop
     vertex  4.792308e+01  0.000000e+00  3.000000e+00
     vertex  4.792308e+01  0.000000e+00  4.500000e+00
     vertex  4.492308e+01  0.000000e+00  3.000000e+00
   endloop
 endfacet
 facet normal  0.000000e+00 -1.000000e+00  0.000000e+00
   outer loop
     vertex  5.007692e+01  0.000000e+00  4.500000e+00
     vertex  5.007692e+01  0.000000e+00  6.000000e+00
     vertex  4.792308e+01  0.000000e+00  6.000000e+00
   endloop
 endfacet
 facet normal  0.000000e+00 -1.000000e+00  0.000000e+00
   outer loop
     vertex  5.007692e+01  0.000000e+00  4.500000e+00
     vertex  4.792308e+01  0.000000e+00  6.000000e+00
     vertex  4.792308e+01  0.000000e+00  4.500000e+00
   endloop
 endfacet
 facet normal  0.000000e+00 -1.000000e+00  0.000000e+00
   outer loop
     vertex  5.707692e+01  0.000000e+00  6.000000e+00
     vertex  5.007692e+01  0.000000e+00  1.050000e+01
     vertex  5.007692e+01  0.000000e+00  6.000000e+00
   endloop
 endfacet
 facet normal  0.000000e+00 -1.000000e+00  0.000000e+00
   outer loop
     vertex  5.707692e+01  0.000000e+00  6.000000e+00
     vertex  5.707692e+01  0.000000e+00  1.050000e+01
     vertex  5.007692e+01  0.000000e+00  1.050000e+01
   endloop
 endfacet
 facet normal  0.000000e+00 -1.000000e+00  0.000000e+00
   outer loop
     vertex  5.707692e+01  0.000000e+00  4.500000e+00
     vertex  5.707692e+01  0.000000e+00  6.000000e+00
     vertex  5.007692e+01  0.000000e+00  6.000000e+00
   endloop
 endfacet
 facet normal  0.000000e+00 -1.000000e+00  0.000000e+00
   outer loop
     vertex  5.707692e+01  0.000000e+00  4.500000e+00
     vertex  5.007692e+01  0.000000e+00  6.000000e+00
     vertex  5.007692e+01  0.000000e+00  4.500000e+00
   endloop
 endfacet
 facet normal  0.000000e+00 -1.000000e+00  0.000000e+00
   outer loop
     vertex  5.923077e+01  0.000000e+00  4.500000e+00
     vertex  5.923077e+01  0.000000e+00  6.000000e+00
     vertex  5.707692e+01  0.000000e+00  6.000000e+00
   endloop
 endfacet
 facet normal  0.000000e+00 -1.000000e+00  0.000000e+00
   outer loop
     vertex  5.923077e+01  0.000000e+00  4.500000e+00
     vertex  5.707692e+01  0.000000e+00  6.000000e+00
     vertex  5.707692e+01  0.000000e+00  4.500000e+00
   endloop
 endfacet
 facet normal  0.000000e+00 -1.000000e+00  0.000000e+00
   outer loop
     vertex  6.223077e+01  0.000000e+00  6.000000e+00
     vertex  5.923077e+01  0.000000e+00  1.050000e+01
     vertex  5.923077e+01  0.000000e+00  6.000000e+00
   endloop
 endfacet
 facet normal  0.000000e+00 -1.000000e+00  0.000000e+00
   outer loop
     vertex  6.223077e+01  0.000000e+00  6.000000e+00
     vertex  6.223077e+01  0.000000e+00  1.050000e+01
     vertex  5.923077e+01  0.000000e+00  1.050000e+01
   endloop
 endfacet
 facet normal  0.000000e+00 -1.000000e+00  0.000000e+00
   outer loop
     vertex  5.707692e+01  0.000000e+00  0.000000e+00
     vertex  5.007692e+01  0.000000e+00  4.500000e+00
     vertex  5.007692e+01  0.000000e+00  0.000000e+00
   endloop
 endfacet
 facet normal  0.000000e+00 -1.000000e+00  0.000000e+00
   outer loop
     vertex  5.707692e+01  0.000000e+00  0.000000e+00
     vertex  5.707692e+01  0.000000e+00  4.500000e+00
     vertex  5.007692e+01  0.000000e+00  4.500000e+00
   endloop
 endfacet
 facet normal -0.000000e+00 -1.000000e+00  0.000000e+00
   outer loop
     vertex  6.223077e+01  0.000000e+00  4.500000e+00
     vertex  5.923077e+01  0.000000e+00  4.500000e+00
     vertex  5.923077e+01  0.000000e+00  3.000000e+00
   endloop
 endfacet
 facet normal  0.000000e+00 -1.000000e+00  0.000000e+00
   outer loop
     vertex  6.223077e+01  0.000000e+00  4.500000e+00
     vertex  5.923077e+01  0.000000e+00  6.000000e+00
     vertex  5.923077e+01  0.000000e+00  4.500000e+00
   endloop
 endfacet
 facet normal  0.000000e+00 -1.000000e+00  0.000000e+00
   outer loop
     vertex  6.223077e+01  0.000000e+00  4.500000e+00
     vertex  6.223077e+01  0.000000e+00  6.000000e+00
     vertex  5.923077e+01  0.000000e+00  6.000000e+00
   endloop
 endfacet
 facet normal  0.000000e+00 -1.000000e+00  0.000000e+00
   outer loop
     vertex  6.223077e+01  0.000000e+00  3.000000e+00
     vertex  6.223077e+01  0.000000e+00  4.500000e+00
     vertex  5.923077e+01  0.000000e+00  3.000000e+00
   endloop
 endfacet
 facet normal  0.000000e+00 -1.000000e+00  0.000000e+00
   outer loop
     vertex  6.638462e+01  0.000000e+00  4.500000e+00
     vertex  6.638462e+01  0.000000e+00  6.000000e+00
     vertex  6.223077e+01  0.000000e+00  6.000000e+00
   endloop
 endfacet
 facet normal  0.000000e+00 -1.000000e+00  0.000000e+00
   outer loop
     vertex  6.638462e+01  0.000000e+00  4.500000e+00
     vertex  6.223077e+01  0.000000e+00  6.000000e+00
     vertex  6.223077e+01  0.000000e+00  4.500000e+00
   endloop
 endfacet
 facet normal  0.000000e+00 -1.000000e+00  0.000000e+00
   outer loop
     vertex  6.938462e+01  0.000000e+00  6.000000e+00
     vertex  6.638462e+01  0.000000e+00  1.050000e+01
     vertex  6.638462e+01  0.000000e+00  6.000000e+00
   endloop
 endfacet
 facet normal  0.000000e+00 -1.000000e+00  0.000000e+00
   outer loop
     vertex  6.938462e+01  0.000000e+00  6.000000e+00
     vertex  6.938462e+01  0.000000e+00  1.050000e+01
     vertex  6.638462e+01  0.000000e+00  1.050000e+01
   endloop
 endfacet
 facet normal -0.000000e+00 -1.000000e+00  0.000000e+00
   outer loop
     vertex  6.938462e+01  0.000000e+00  6.000000e+00
     vertex  6.638462e+01  0.000000e+00  6.000000e+00
     vertex  6.638462e+01  0.000000e+00  4.500000e+00
   endloop
 endfacet
 facet normal  0.000000e+00 -1.000000e+00  0.000000e+00
   outer loop
     vertex  6.938462e+01  0.000000e+00  4.500000e+00
     vertex  6.938462e+01  0.000000e+00  6.000000e+00
     vertex  6.638462e+01  0.000000e+00  4.500000e+00
   endloop
 endfacet
 facet normal -0.000000e+00 -1.000000e+00  0.000000e+00
   outer loop
     vertex  6.938462e+01  0.000000e+00  4.500000e+00
     vertex  6.638462e+01  0.000000e+00  4.500000e+00
     vertex  6.638462e+01  0.000000e+00  3.000000e+00
   endloop
 endfacet
 facet normal  0.000000e+00 -1.000000e+00  0.000000e+00
   outer loop
     vertex  6.938462e+01  0.000000e+00  3.000000e+00
     vertex  6.938462e+01  0.000000e+00  4.500000e+00
     vertex  6.638462e+01  0.000000e+00  3.000000e+00
   endloop
 endfacet
 facet normal  0.000000e+00 -1.000000e+00  0.000000e+00
   outer loop
     vertex  7.353846e+01  0.000000e+00  6.000000e+00
     vertex  7.653846e+01  0.000000e+00  1.050000e+01
     vertex  7.353846e+01  0.000000e+00  1.050000e+01
   endloop
 endfacet
 facet normal  0.000000e+00 -1.000000e+00  0.000000e+00
   outer loop
     vertex  7.353846e+01  0.000000e+00  4.500000e+00
     vertex  6.938462e+01  0.000000e+00  6.000000e+00
     vertex  6.938462e+01  0.000000e+00  4.500000e+00
   endloop
 endfacet
 facet normal  0.000000e+00 -1.000000e+00  0.000000e+00
   outer loop
     vertex  7.353846e+01  0.000000e+00  4.500000e+00
     vertex  7.353846e+01  0.000000e+00  6.000000e+00
     vertex  6.938462e+01  0.000000e+00  6.000000e+00
   endloop
 endfacet
 facet normal  0.000000e+00 -1.000000e+00  0.000000e+00
   outer loop
     vertex  7.653846e+01  0.000000e+00  6.000000e+00
     vertex  7.653846e+01  0.000000e+00  1.050000e+01
     vertex  7.353846e+01  0.000000e+00  6.000000e+00
   endloop
 endfacet
 facet normal  0.000000e+00 -1.000000e+00  0.000000e+00
   outer loop
     vertex  7.653846e+01  0.000000e+00  4.500000e+00
     vertex  7.653846e+01  0.000000e+00  6.000000e+00
     vertex  7.353846e+01  0.000000e+00  6.000000e+00
   endloop
 endfacet
 facet normal  0.000000e+00 -1.000000e+00  0.000000e+00
   outer loop
     vertex  7.653846e+01  0.000000e+00  4.500000e+00
     vertex  7.353846e+01  0.000000e+00  6.000000e+00
     vertex  7.353846e+01  0.000000e+00  4.500000e+00
   endloop
 endfacet
 facet normal  0.000000e+00 -1.000000e+00  0.000000e+00
   outer loop
     vertex  7.653846e+01  0.000000e+00  3.000000e+00
     vertex  7.653846e+01  0.000000e+00  4.500000e+00
     vertex  7.353846e+01  0.000000e+00  4.500000e+00
   endloop
 endfacet
 facet normal  0.000000e+00 -1.000000e+00  0.000000e+00
   outer loop
     vertex  7.653846e+01  0.000000e+00  3.000000e+00
     vertex  7.353846e+01  0.000000e+00  4.500000e+00
     vertex  7.353846e+01  0.000000e+00  3.000000e+00
   endloop
 endfacet
 facet normal  0.000000e+00 -1.000000e+00  0.000000e+00
   outer loop
     vertex  8.069231e+01  0.000000e+00  4.500000e+00
     vertex  7.653846e+01  0.000000e+00  6.000000e+00
     vertex  7.653846e+01  0.000000e+00  4.500000e+00
   endloop
 endfacet
 facet normal  0.000000e+00 -1.000000e+00  0.000000e+00
   outer loop
     vertex  8.069231e+01  0.000000e+00  4.500000e+00
     vertex  8.069231e+01  0.000000e+00  6.000000e+00
     vertex  7.653846e+01  0.000000e+00  6.000000e+00
   endloop
 endfacet
 facet normal  0.000000e+00 -1.000000e+00  0.000000e+00
   outer loop
     vertex  8.369231e+01  0.000000e+00  6.000000e+00
     vertex  8.369231e+01  0.000000e+00  1.050000e+01
     vertex  8.069231e+01  0.000000e+00  1.050000e+01
   endloop
 endfacet
 facet normal  0.000000e+00 -1.000000e+00  0.000000e+00
   outer loop
     vertex  8.369231e+01  0.000000e+00  6.000000e+00
     vertex  8.069231e+01  0.000000e+00  1.050000e+01
     vertex  8.069231e+01  0.000000e+00  6.000000e+00
   endloop
 endfacet
 facet normal  0.000000e+00 -1.000000e+00  0.000000e+00
   outer loop
     vertex  8.369231e+01  0.000000e+00  4.500000e+00
     vertex  8.069231e+01  0.000000e+00  6.000000e+00
     vertex  8.069231e+01  0.000000e+00  4.500000e+00
   endloop
 endfacet
 facet normal  0.000000e+00 -1.000000e+00  0.000000e+00
   outer loop
     vertex  8.369231e+01  0.000000e+00  4.500000e+00
     vertex  8.369231e+01  0.000000e+00  6.000000e+00
     vertex  8.069231e+01  0.000000e+00  6.000000e+00
   endloop
 endfacet
 facet normal  0.000000e+00 -1.000000e+00  0.000000e+00
   outer loop
     vertex  8.369231e+01  0.000000e+00  3.000000e+00
     vertex  8.369231e+01  0.000000e+00  4.500000e+00
     vertex  8.069231e+01  0.000000e+00  4.500000e+00
   endloop
 endfacet
 facet normal  0.000000e+00 -1.000000e+00  0.000000e+00
   outer loop
     vertex  8.369231e+01  0.000000e+00  3.000000e+00
     vertex  8.069231e+01  0.000000e+00  4.500000e+00
     vertex  8.069231e+01  0.000000e+00  3.000000e+00
   endloop
 endfacet
 facet normal  0.000000e+00 -1.000000e+00  0.000000e+00
   outer loop
     vertex  8.784615e+01  0.000000e+00  4.500000e+00
     vertex  8.369231e+01  0.000000e+00  6.000000e+00
     vertex  8.369231e+01  0.000000e+00  4.500000e+00
   endloop
 endfacet
 facet normal  0.000000e+00 -1.000000e+00  0.000000e+00
   outer loop
     vertex  8.784615e+01  0.000000e+00  4.500000e+00
     vertex  8.784615e+01  0.000000e+00  6.000000e+00
     vertex  8.369231e+01  0.000000e+00  6.000000e+00
   endloop
 endfacet
 facet normal  0.000000e+00 -1.000000e+00  0.000000e+00
   outer loop
     vertex  9.084615e+01  0.000000e+00  6.000000e+00
     vertex  9.084615e+01  0.000000e+00  1.050000e+01
     vertex  8.784615e+01  0.000000e+00  1.050000e+01
   endloop
 endfacet
 facet normal  0.000000e+00 -1.000000e+00  0.000000e+00
   outer loop
     vertex  9.084615e+01  0.000000e+00  6.000000e+00
     vertex  8.784615e+01  0.000000e+00  1.050000e+01
     vertex  8.784615e+01  0.000000e+00  6.000000e+00
   endloop
 endfacet
 facet normal  0.000000e+00 -1.000000e+00  0.000000e+00
   outer loop
     vertex  9.084615e+01  0.000000e+00  4.500000e+00
     vertex  9.084615e+01  0.000000e+00  6.000000e+00
     vertex  8.784615e+01  0.000000e+00  6.000000e+00
   endloop
 endfacet
 facet normal  0.000000e+00 -1.000000e+00  0.000000e+00
   outer loop
     vertex  9.084615e+01  0.000000e+00  4.500000e+00
     vertex  8.784615e+01  0.000000e+00  6.000000e+00
     vertex  8.784615e+01  0.000000e+00  4.500000e+00
   endloop
 endfacet
 facet normal  0.000000e+00 -1.000000e+00  0.000000e+00
   outer loop
     vertex  9.084615e+01  0.000000e+00  3.000000e+00
     vertex  8.784615e+01  0.000000e+00  4.500000e+00
     vertex  8.784615e+01  0.000000e+00  3.000000e+00
   endloop
 endfacet
 facet normal  0.000000e+00 -1.000000e+00  0.000000e+00
   outer loop
     vertex  9.084615e+01  0.000000e+00  3.000000e+00
     vertex  9.084615e+01  0.000000e+00  4.500000e+00
     vertex  8.784615e+01  0.000000e+00  4.500000e+00
   endloop
 endfacet
 facet normal  0.000000e+00 -1.000000e+00  0.000000e+00
   outer loop
     vertex  1.000000e+02  0.000000e+00  1.200000e+01
     vertex  8.784615e+01  0.000000e+00  1.050000e+01
     vertex  9.084615e+01  0.000000e+00  1.050000e+01
   endloop
 endfacet
 facet normal  0.000000e+00 -1.000000e+00  0.000000e+00
   outer loop
     vertex  1.000000e+02  0.000000e+00  1.200000e+01
     vertex  8.369231e+01  0.000000e+00  1.050000e+01
     vertex  8.784615e+01  0.000000e+00  1.050000e+01
   endloop
 endfacet
 facet normal  0.000000e+00 -1.000000e+00  0.000000e+00
   outer loop
     vertex  1.000000e+02  0.000000e+00  1.200000e+01
     vertex  9.084615e+01  0.000000e+00  1.050000e+01
     vertex  9.500000e+01  0.000000e+00  1.050000e+01
   endloop
 endfacet
 facet normal  0.000000e+00 -1.000000e+00  0.000000e+00
   outer loop
     vertex  9.500000e+01  0.000000e+00  6.000000e+00
     vertex  1.000000e+02  0.000000e+00  1.200000e+01
     vertex  9.500000e+01  0.000000e+00  1.050000e+01
   endloop
 endfacet
 facet normal  0.000000e+00 -1.000000e+00  0.000000e+00
   outer loop
     vertex  9.500000e+01  0.000000e+00  4.500000e+00
     vertex  9.084615e+01  0.000000e+00  6.000000e+00
     vertex  9.084615e+01  0.000000e+00  4.500000e+00
   endloop
 endfacet
 facet normal  0.000000e+00 -1.000000e+00  0.000000e+00
   outer loop
     vertex  9.500000e+01  0.000000e+00  4.500000e+00
     vertex  9.500000e+01  0.000000e+00  6.000000e+00
     vertex  9.084615e+01  0.000000e+00  6.000000e+00
   endloop
 endfacet
 facet normal  0.000000e+00 -1.000000e+00  0.000000e+00
   outer loop
     vertex  9.800000e+01  0.000000e+00  3.000000e+00
     vertex  1.000000e+02  0.000000e+00  1.200000e+01
     vertex  9.500000e+01  0.000000e+00  6.000000e+00
   endloop
 endfacet
 facet normal  0.000000e+00 -1.000000e+00  0.000000e+00
   outer loop
     vertex  9.800000e+01  0.000000e+00  3.000000e+00
     vertex  9.500000e+01  0.000000e+00  4.500000e+00
     vertex  9.500000e+01  0.000000e+00  3.000000e+00
   endloop
 endfacet
 facet normal  0.000000e+00 -1.000000e+00  0.000000e+00
   outer loop
     vertex  9.800000e+01  0.000000e+00  3.000000e+00
     vertex  9.500000e+01  0.000000e+00  6.000000e+00
     vertex  9.500000e+01  0.000000e+00  4.500000e+00
   endloop
 endfacet
 facet normal -0.000000e+00 -1.000000e+00  0.000000e+00
   outer loop
     vertex  1.000000e+02  0.000000e+00  1.800000e+00
     vertex  9.800000e+01  0.000000e+00  3.000000e+00
     vertex  9.800000e+01  0.000000e+00  0.000000e+00
   endloop
 endfacet
 facet normal -0.000000e+00 -1.000000e+00  0.000000e+00
   outer loop
     vertex  1.000000e+02  0.000000e+00  8.000000e-01
     vertex  1.000000e+02  0.000000e+00  1.800000e+00
     vertex  9.800000e+01  0.000000e+00  0.000000e+00
   endloop
 endfacet
 facet normal  0.000000e+00 -1.000000e+00  0.000000e+00
   outer loop
     vertex  1.000000e+02  0.000000e+00  0.000000e+00
     vertex  1.000000e+02  0.000000e+00  8.000000e-01
     vertex  9.800000e+01  0.000000e+00  0.000000e+00
   endloop
 endfacet
 facet normal  0.000000e+00 -1.000000e+00  0.000000e+00
   outer loop
     vertex  1.010000e+02  0.000000e+00  8.000000e-01
     vertex  1.000000e+02  0.000000e+00  1.800000e+00
     vertex  1.000000e+02  0.000000e+00  8.000000e-01
   endloop
 endfacet
 facet normal -0.000000e+00 -1.000000e+00  0.000000e+00
   outer loop
     vertex  1.030000e+02  0.000000e+00  1.800000e+00
     vertex  1.000000e+02  0.000000e+00  1.800000e+00
     vertex  1.010000e+02  0.000000e+00  8.000000e-01
   endloop
 endfacet
 facet normal -0.000000e+00 -1.000000e+00  0.000000e+00
   outer loop
     vertex  1.010000e+02  0.000000e+00 -2.300000e+00
     vertex  9.850000e+01  0.000000e+00 -2.300000e+00
     vertex  9.850000e+01  0.000000e+00 -3.300000e+00
   endloop
 endfacet
 facet normal  0.000000e+00 -1.000000e+00  0.000000e+00
   outer loop
     vertex  1.010000e+02  0.000000e+00 -2.300000e+00
     vertex  1.030000e+02  0.000000e+00  1.800000e+00
     vertex  1.010000e+02  0.000000e+00  8.000000e-01
   endloop
 endfacet
 facet normal  0.000000e+00 -1.000000e+00  0.000000e+00
   outer loop
     vertex  1.030000e+02  0.000000e+00 -3.300000e+00
     vertex  1.010000e+02  0.000000e+00 -2.300000e+00
     vertex  9.850000e+01  0.000000e+00 -3.300000e+00
   endloop
 endfacet
 facet normal  0.000000e+00 -1.000000e+00  0.000000e+00
   outer loop
     vertex  1.030000e+02  0.000000e+00 -3.300000e+00
     vertex  1.030000e+02  0.000000e+00  1.800000e+00
     vertex  1.010000e+02  0.000000e+00 -2.300000e+00
   endloop
 endfacet
 facet normal  0.000000e+00 -1.000000e+00  0.000000e+00
   outer loop
     vertex  1.000000e+02  0.000000e+00  1.800000e+00
     vertex  1.000000e+02  0.000000e+00  1.200000e+01
     vertex  9.800000e+01  0.000000e+00  3.000000e+00
   endloop
 endfacet
 facet normal -0.000000e+00 -1.000000e+00  0.000000e+00
   outer loop
     vertex  1.000000e+02  0.000000e+00  1.200000e+01
     vertex  0.000000e+00  0.000000e+00  1.200000e+01
     vertex  1.215385e+01  0.000000e+00  1.050000e+01
   endloop
 endfacet
 facet normal  0.000000e+00 -1.000000e+00  0.000000e+00
   outer loop
     vertex  1.000000e+02  0.000000e+00  1.200000e+01
     vertex  1.215385e+01  0.000000e+00  1.050000e+01
     vertex  1.630769e+01  0.000000e+00  1.050000e+01
   endloop
 endfacet
 facet normal  0.000000e+00 -1.000000e+00  0.000000e+00
   outer loop
     vertex  1.000000e+02  0.000000e+00  1.200000e+01
     vertex  1.630769e+01  0.000000e+00  1.050000e+01
     vertex  1.930769e+01  0.000000e+00  1.050000e+01
   endloop
 endfacet
 facet normal  0.000000e+00 -1.000000e+00  0.000000e+00
   outer loop
     vertex  1.000000e+02  0.000000e+00  1.200000e+01
     vertex  1.930769e+01  0.000000e+00  1.050000e+01
     vertex  2.346154e+01  0.000000e+00  1.050000e+01
   endloop
 endfacet
 facet normal  0.000000e+00 -1.000000e+00  0.000000e+00
   outer loop
     vertex  1.000000e+02  0.000000e+00  1.200000e+01
     vertex  2.346154e+01  0.000000e+00  1.050000e+01
     vertex  2.646154e+01  0.000000e+00  1.050000e+01
   endloop
 endfacet
 facet normal  0.000000e+00 -1.000000e+00  0.000000e+00
   outer loop
     vertex  1.000000e+02  0.000000e+00  1.200000e+01
     vertex  2.646154e+01  0.000000e+00  1.050000e+01
     vertex  3.061538e+01  0.000000e+00  1.050000e+01
   endloop
 endfacet
 facet normal  0.000000e+00 -1.000000e+00  0.000000e+00
   outer loop
     vertex  1.000000e+02  0.000000e+00  1.200000e+01
     vertex  3.061538e+01  0.000000e+00  1.050000e+01
     vertex  3.361538e+01  0.000000e+00  1.050000e+01
   endloop
 endfacet
 facet normal  0.000000e+00 -1.000000e+00  0.000000e+00
   outer loop
     vertex  1.000000e+02  0.000000e+00  1.200000e+01
     vertex  3.361538e+01  0.000000e+00  1.050000e+01
     vertex  3.776923e+01  0.000000e+00  1.050000e+01
   endloop
 endfacet
 facet normal  0.000000e+00 -1.000000e+00  0.000000e+00
   outer loop
     vertex  1.000000e+02  0.000000e+00  1.200000e+01
     vertex  3.776923e+01  0.000000e+00  1.050000e+01
     vertex  4.076923e+01  0.000000e+00  1.050000e+01
   endloop
 endfacet
 facet normal  0.000000e+00 -1.000000e+00  0.000000e+00
   outer loop
     vertex  1.000000e+02  0.000000e+00  1.200000e+01
     vertex  4.076923e+01  0.000000e+00  1.050000e+01
     vertex  4.492308e+01  0.000000e+00  1.050000e+01
   endloop
 endfacet
 facet normal  0.000000e+00 -1.000000e+00  0.000000e+00
   outer loop
     vertex  1.000000e+02  0.000000e+00  1.200000e+01
     vertex  4.492308e+01  0.000000e+00  1.050000e+01
     vertex  4.792308e+01  0.000000e+00  1.050000e+01
   endloop
 endfacet
 facet normal  0.000000e+00 -1.000000e+00  0.000000e+00
   outer loop
     vertex  1.000000e+02  0.000000e+00  1.200000e+01
     vertex  4.792308e+01  0.000000e+00  1.050000e+01
     vertex  5.007692e+01  0.000000e+00  1.050000e+01
   endloop
 endfacet
 facet normal  0.000000e+00 -1.000000e+00  0.000000e+00
   outer loop
     vertex  1.000000e+02  0.000000e+00  1.200000e+01
     vertex  5.007692e+01  0.000000e+00  1.050000e+01
     vertex  5.707692e+01  0.000000e+00  1.050000e+01
   endloop
 endfacet
 facet normal  0.000000e+00 -1.000000e+00  0.000000e+00
   outer loop
     vertex  1.000000e+02  0.000000e+00  1.200000e+01
     vertex  5.707692e+01  0.000000e+00  1.050000e+01
     vertex  5.923077e+01  0.000000e+00  1.050000e+01
   endloop
 endfacet
 facet normal  0.000000e+00 -1.000000e+00  0.000000e+00
   outer loop
     vertex  1.000000e+02  0.000000e+00  1.200000e+01
     vertex  5.923077e+01  0.000000e+00  1.050000e+01
     vertex  6.223077e+01  0.000000e+00  1.050000e+01
   endloop
 endfacet
 facet normal  0.000000e+00 -1.000000e+00  0.000000e+00
   outer loop
     vertex  1.000000e+02  0.000000e+00  1.200000e+01
     vertex  6.223077e+01  0.000000e+00  1.050000e+01
     vertex  6.638462e+01  0.000000e+00  1.050000e+01
   endloop
 endfacet
 facet normal  0.000000e+00 -1.000000e+00  0.000000e+00
   outer loop
     vertex  1.000000e+02  0.000000e+00  1.200000e+01
     vertex  6.638462e+01  0.000000e+00  1.050000e+01
     vertex  6.938462e+01  0.000000e+00  1.050000e+01
   endloop
 endfacet
 facet normal  0.000000e+00 -1.000000e+00  0.000000e+00
   outer loop
     vertex  1.000000e+02  0.000000e+00  1.200000e+01
     vertex  6.938462e+01  0.000000e+00  1.050000e+01
     vertex  7.353846e+01  0.000000e+00  1.050000e+01
   endloop
 endfacet
 facet normal  0.000000e+00 -1.000000e+00  0.000000e+00
   outer loop
     vertex  1.000000e+02  0.000000e+00  1.200000e+01
     vertex  7.353846e+01  0.000000e+00  1.050000e+01
     vertex  7.653846e+01  0.000000e+00  1.050000e+01
   endloop
 endfacet
 facet normal  0.000000e+00 -1.000000e+00  0.000000e+00
   outer loop
     vertex  1.000000e+02  0.000000e+00  1.200000e+01
     vertex  7.653846e+01  0.000000e+00  1.050000e+01
     vertex  8.069231e+01  0.000000e+00  1.050000e+01
   endloop
 endfacet
 facet normal  0.000000e+00 -1.000000e+00  0.000000e+00
   outer loop
     vertex  1.000000e+02  0.000000e+00  1.200000e+01
     vertex  8.069231e+01  0.000000e+00  1.050000e+01
     vertex  8.369231e+01  0.000000e+00  1.050000e+01
   endloop
 endfacet
 facet normal  0.000000e+00 -1.000000e+00  0.000000e+00
   outer loop
     vertex  0.000000e+00  0.000000e+00  1.200000e+01
     vertex  0.000000e+00  0.000000e+00  1.800000e+00
     vertex  2.000000e+00  0.000000e+00  3.000000e+00
   endloop
 endfacet
 facet normal  1.000000e+00  0.000000e+00  0.000000e+00
   outer loop
     vertex  1.030000e+02  0.000000e+00  1.800000e+00
     vertex  1.030000e+02  0.000000e+00 -3.300000e+00
     vertex  1.030000e+02  7.000000e+00 -3.300000e+00
   endloop
 endfacet
 facet normal  1.000000e+00 -0.000000e+00  0.000000e+00
   outer loop
     vertex  1.030000e+02  0.000000e+00  1.800000e+00
     vertex  1.030000e+02  7.000000e+00 -3.300000e+00
     vertex  1.030000e+02  7.000000e+00  1.800000e+00
   endloop
 endfacet
 facet normal -1.000000e+00  0.000000e+00  0.000000e+00
   outer loop
     vertex -3.000000e+00  0.000000e+00  1.800000e+00
     vertex -3.000000e+00  7.000000e+00 -3.300000e+00
     vertex -3.000000e+00  0.000000e+00 -3.300000e+00
   endloop
 endfacet
 facet normal -1.000000e+00  0.000000e+00  0.000000e+00
   outer loop
     vertex -3.000000e+00  0.000000e+00  1.800000e+00
     vertex -3.000000e+00  7.000000e+00  1.800000e+00
     vertex -3.000000e+00  7.000000e+00 -3.300000e+00
   endloop
 endfacet
 facet normal  0.000000e+00  1.000000e+00  0.000000e+00
   outer loop
     vertex  1.500000e+00  7.000000e+00 -3.300000e+00
     vertex -3.000000e+00  7.000000e+00 -3.300000e+00
     vertex -1.000000e+00  7.000000e+00 -2.300000e+00
   endloop
 endfacet
 facet normal  0.000000e+00  1.000000e+00  0.000000e+00
   outer loop
     vertex -3.000000e+00  7.000000e+00  1.800000e+00
     vertex -1.000000e+00  7.000000e+00 -2.300000e+00
     vertex -3.000000e+00  7.000000e+00 -3.300000e+00
   endloop
 endfacet
 facet normal  0.000000e+00  1.000000e+00  0.000000e+00
   outer loop
     vertex  1.500000e+00  7.000000e+00 -2.300000e+00
     vertex  1.500000e+00  7.000000e+00 -3.300000e+00
     vertex -1.000000e+00  7.000000e+00 -2.300000e+00
   endloop
 endfacet
 facet normal  0.000000e+00  1.000000e+00  0.000000e+00
   outer loop
     vertex -1.000000e+00  7.000000e+00  8.000000e-01
     vertex -1.000000e+00  7.000000e+00 -2.300000e+00
     vertex -3.000000e+00  7.000000e+00  1.800000e+00
   endloop
 endfacet
 facet normal  0.000000e+00  1.000000e+00  0.000000e+00
   outer loop
     vertex  0.000000e+00  7.000000e+00  1.800000e+00
     vertex  0.000000e+00  7.000000e+00  8.000000e-01
     vertex -1.000000e+00  7.000000e+00  8.000000e-01
   endloop
 endfacet
 facet normal  0.000000e+00  1.000000e+00  0.000000e+00
   outer loop
     vertex  0.000000e+00  7.000000e+00  1.800000e+00
     vertex -1.000000e+00  7.000000e+00  8.000000e-01
     vertex -3.000000e+00  7.000000e+00  1.800000e+00
   endloop
 endfacet
 facet normal  0.000000e+00  1.000000e+00  0.000000e+00
   outer loop
     vertex  1.010000e+02  7.000000e+00 -2.300000e+00
     vertex  9.850000e+01  7.000000e+00 -3.300000e+00
     vertex  9.850000e+01  7.000000e+00 -2.300000e+00
   endloop
 endfacet
 facet normal  0.000000e+00  1.000000e+00  0.000000e+00
   outer loop
     vertex  1.030000e+02  7.000000e+00 -3.300000e+00
     vertex  9.850000e+01  7.000000e+00 -3.300000e+00
     vertex  1.010000e+02  7.000000e+00 -2.300000e+00
   endloop
 endfacet
 facet normal  0.000000e+00  1.000000e+00  0.000000e+00
   outer loop
     vertex  1.010000e+02  7.000000e+00  8.000000e-01
     vertex  1.000000e+02  7.000000e+00  8.000000e-01
     vertex  1.000000e+02  7.000000e+00  1.800000e+00
   endloop
 endfacet
 facet normal  0.000000e+00  1.000000e+00  0.000000e+00
   outer loop
     vertex  1.030000e+02  7.000000e+00  1.800000e+00
     vertex  1.010000e+02  7.000000e+00 -2.300000e+00
     vertex  1.010000e+02  7.000000e+00  8.000000e-01
   endloop
 endfacet
 facet normal  0.000000e+00  1.000000e+00  0.000000e+00
   outer loop
     vertex  1.030000e+02  7.000000e+00  1.800000e+00
     vertex  1.030000e+02  7.000000e+00 -3.300000e+00
     vertex  1.010000e+02  7.000000e+00 -2.300000e+00
   endloop
 endfacet
 facet normal  0.000000e+00  1.000000e+00  0.000000e+00
   outer loop
     vertex  1.030000e+02  7.000000e+00  1.800000e+00
     vertex  1.010000e+02  7.000000e+00  8.000000e-01
     vertex  1.000000e+02  7.000000e+00  1.800000e+00
   endloop
 endfacet
 facet normal  0.000000e+00  0.000000e+00  1.000000e+00
   outer loop
     vertex  0.000000e+00  7.000000e+00  1.800000e+00
     vertex -3.000000e+00  7.000000e+00  1.800000e+00
     vertex -3.000000e+00  0.000000e+00  1.800000e+00
   endloop
 endfacet
 facet normal  0.000000e+00  0.000000e+00  1.000000e+00
   outer loop
     vertex  0.000000e+00  7.000000e+00  1.800000e+00
     vertex -3.000000e+00  0.000000e+00  1.800000e+00
     vertex  0.000000e+00  0.000000e+00  1.800000e+00
   endloop
 endfacet
 facet normal  0.000000e+00  0.000000e+00  1.000000e+00
   outer loop
     vertex  1.030000e+02  7.000000e+00  1.800000e+00
     vertex  1.000000e+02  7.000000e+00  1.800000e+00
     vertex  1.000000e+02  0.000000e+00  1.800000e+00
   endloop
 endfacet
 facet normal  0.000000e+00  0.000000e+00  1.000000e+00
   outer loop
     vertex  1.030000e+02  7.000000e+00  1.800000e+00
     vertex  1.000000e+02  0.000000e+00  1.800000e+00
     vertex  1.030000e+02  0.000000e+00  1.800000e+00
   endloop
 endfacet
 facet normal  0.000000e+00  0.000000e+00  1.000000e+00
   outer loop
     vertex  1.030000e+02  4.200000e+01  1.800000e+00
     vertex  1.000000e+02  4.200000e+01  1.800000e+00
     vertex  1.000000e+02  3.500000e+01  1.800000e+00
   endloop
 endfacet
 facet normal  0.000000e+00  0.000000e+00  1.000000e+00
   outer loop
     vertex  1.030000e+02  4.200000e+01  1.800000e+00
     vertex  1.000000e+02  3.500000e+01  1.800000e+00
     vertex  1.030000e+02  3.500000e+01  1.800000e+00
   endloop
 endfacet
 facet normal  1.000000e+00  0.000000e+00  0.000000e+00
   outer loop
     vertex  1.030000e+02  3.500000e+01  1.800000e+00
     vertex  1.030000e+02  3.500000e+01 -3.300000e+00
     vertex  1.030000e+02  4.200000e+01 -3.300000e+00
   endloop
 endfacet
 facet normal  1.000000e+00 -0.000000e+00  0.000000e+00
   outer loop
     vertex  1.030000e+02  3.500000e+01  1.800000e+00
     vertex  1.030000e+02  4.200000e+01 -3.300000e+00
     vertex  1.030000e+02  4.200000e+01  1.800000e+00
   endloop
 endfacet
 facet normal  0.000000e+00  1.000000e+00  0.000000e+00
   outer loop
     vertex  1.500000e+00  4.200000e+01 -3.300000e+00
     vertex -3.000000e+00  4.200000e+01 -3.300000e+00
     vertex -1.000000e+00  4.200000e+01 -2.300000e+00
   endloop
 endfacet
 facet normal  0.000000e+00  1.000000e+00  0.000000e+00
   outer loop
     vertex  1.500000e+00  4.200000e+01 -2.300000e+00
     vertex  1.500000e+00  4.200000e+01 -3.300000e+00
     vertex -1.000000e+00  4.200000e+01 -2.300000e+00
   endloop
 endfacet
 facet normal  0.000000e+00  1.000000e+00  0.000000e+00
   outer loop
     vertex -1.000000e+00  4.200000e+01  8.000000e-01
     vertex -3.000000e+00  4.200000e+01 -3.300000e+00
     vertex -3.000000e+00  4.200000e+01  1.800000e+00
   endloop
 endfacet
 facet normal  0.000000e+00  1.000000e+00  0.000000e+00
   outer loop
     vertex -1.000000e+00  4.200000e+01  8.000000e-01
     vertex -1.000000e+00  4.200000e+01 -2.300000e+00
     vertex -3.000000e+00  4.200000e+01 -3.300000e+00
   endloop
 endfacet
 facet normal  0.000000e+00  1.000000e+00  0.000000e+00
   outer loop
     vertex  0.000000e+00  4.200000e+01  1.800000e+00
     vertex  0.000000e+00  4.200000e+01  8.000000e-01
     vertex -1.000000e+00  4.200000e+01  8.000000e-01
   endloop
 endfacet
 facet normal  0.000000e+00  1.000000e+00  0.000000e+00
   outer loop
     vertex  0.000000e+00  4.200000e+01  1.800000e+00
     vertex -1.000000e+00  4.200000e+01  8.000000e-01
     vertex -3.000000e+00  4.200000e+01  1.800000e+00
   endloop
 endfacet
 facet normal  0.000000e+00  1.000000e+00  0.000000e+00
   outer loop
     vertex  2.000000e+00  4.200000e+01  0.000000e+00
     vertex  0.000000e+00  4.200000e+01  0.000000e+00
     vertex  0.000000e+00  4.200000e+01  8.000000e-01
   endloop
 endfacet
 facet normal  0.000000e+00  1.000000e+00  0.000000e+00
   outer loop
     vertex  2.000000e+00  4.200000e+01  0.000000e+00
     vertex  0.000000e+00  4.200000e+01  8.000000e-01
     vertex  0.000000e+00  4.200000e+01  1.800000e+00
   endloop
 endfacet
 facet normal  0.000000e+00  1.000000e+00  0.000000e+00
   outer loop
     vertex  2.000000e+00  4.200000e+01  3.000000e+00
     vertex  2.000000e+00  4.200000e+01  0.000000e+00
     vertex  0.000000e+00  4.200000e+01  1.800000e+00
   endloop
 endfacet
 facet normal  0.000000e+00  1.000000e+00  0.000000e+00
   outer loop
     vertex  5.000000e+00  4.200000e+01  4.500000e+00
     vertex  5.000000e+00  4.200000e+01  3.000000e+00
     vertex  2.000000e+00  4.200000e+01  3.000000e+00
   endloop
 endfacet
 facet normal  0.000000e+00  1.000000e+00  0.000000e+00
   outer loop
     vertex  5.000000e+00  4.200000e+01  6.000000e+00
     vertex  5.000000e+00  4.200000e+01  4.500000e+00
     vertex  2.000000e+00  4.200000e+01  3.000000e+00
   endloop
 endfacet
 facet normal  0.000000e+00  1.000000e+00  0.000000e+00
   outer loop
     vertex  0.000000e+00  4.200000e+01  1.200000e+01
     vertex  5.000000e+00  4.200000e+01  6.000000e+00
     vertex  2.000000e+00  4.200000e+01  3.000000e+00
   endloop
 endfacet
 facet normal  0.000000e+00  1.000000e+00  0.000000e+00
   outer loop
     vertex  9.153846e+00  4.200000e+01  6.000000e+00
     vertex  5.000000e+00  4.200000e+01  4.500000e+00
     vertex  5.000000e+00  4.200000e+01  6.000000e+00
   endloop
 endfacet
 facet normal  0.000000e+00  1.000000e+00  0.000000e+00
   outer loop
     vertex  9.153846e+00  4.200000e+01  6.000000e+00
     vertex  9.153846e+00  4.200000e+01  4.500000e+00
     vertex  5.000000e+00  4.200000e+01  4.500000e+00
   endloop
 endfacet
 facet normal  0.000000e+00  1.000000e+00  0.000000e+00
   outer loop
     vertex  1.215385e+01  4.200000e+01  3.000000e+00
     vertex  9.153846e+00  4.200000e+01  3.000000e+00
     vertex  9.153846e+00  4.200000e+01  4.500000e+00
   endloop
 endfacet
 facet normal  0.000000e+00  1.000000e+00  0.000000e+00
   outer loop
     vertex  5.000000e+00  4.200000e+01  1.050000e+01
     vertex  5.000000e+00  4.200000e+01  6.000000e+00
     vertex  0.000000e+00  4.200000e+01  1.200000e+01
   endloop
 endfacet
 facet normal  0.000000e+00  1.000000e+00  0.000000e+00
   outer loop
     vertex  1.215385e+01  4.200000e+01  4.500000e+00
     vertex  9.153846e+00  4.200000e+01  4.500000e+00
     vertex  9.153846e+00  4.200000e+01  6.000000e+00
   endloop
 endfacet
 facet normal  0.000000e+00  1.000000e+00  0.000000e+00
   outer loop
     vertex  1.215385e+01  4.200000e+01  4.500000e+00
     vertex  1.215385e+01  4.200000e+01  3.000000e+00
     vertex  9.153846e+00  4.200000e+01  4.500000e+00
   endloop
 endfacet
 facet normal  0.000000e+00  1.000000e+00  0.000000e+00
   outer loop
     vertex  1.215385e+01  4.200000e+01  6.000000e+00
     vertex  1.215385e+01  4.200000e+01  4.500000e+00
     vertex  9.153846e+00  4.200000e+01  6.000000e+00
   endloop
 endfacet
 facet normal  0.000000e+00  1.000000e+00  0.000000e+00
   outer loop
     vertex  9.153846e+00  4.200000e+01  1.050000e+01
     vertex  5.000000e+00  4.200000e+01  1.050000e+01
     vertex  0.000000e+00  4.200000e+01  1.200000e+01
   endloop
 endfacet
 facet normal  0.000000e+00  1.000000e+00  0.000000e+00
   outer loop
     vertex  1.930769e+01  4.200000e+01  3.000000e+00
     vertex  1.630769e+01  4.200000e+01  3.000000e+00
     vertex  1.630769e+01  4.200000e+01  4.500000e+00
   endloop
 endfacet
 facet normal  0.000000e+00  1.000000e+00  0.000000e+00
   outer loop
     vertex  1.630769e+01  4.200000e+01  6.000000e+00
     vertex  1.630769e+01  4.200000e+01  4.500000e+00
     vertex  1.215385e+01  4.200000e+01  4.500000e+00
   endloop
 endfacet
 facet normal  0.000000e+00  1.000000e+00  0.000000e+00
   outer loop
     vertex  1.630769e+01  4.200000e+01  6.000000e+00
     vertex  1.215385e+01  4.200000e+01  4.500000e+00
     vertex  1.215385e+01  4.200000e+01  6.000000e+00
   endloop
 endfacet
 facet normal  0.000000e+00  1.000000e+00  0.000000e+00
   outer loop
     vertex  1.215385e+01  4.200000e+01  1.050000e+01
     vertex  9.153846e+00  4.200000e+01  1.050000e+01
     vertex  0.000000e+00  4.200000e+01  1.200000e+01
   endloop
 endfacet
 facet normal  0.000000e+00  1.000000e+00  0.000000e+00
   outer loop
     vertex  1.215385e+01  4.200000e+01  1.050000e+01
     vertex  1.215385e+01  4.200000e+01  6.000000e+00
     vertex  9.153846e+00  4.200000e+01  6.000000e+00
   endloop
 endfacet
 facet normal  0.000000e+00  1.000000e+00  0.000000e+00
   outer loop
     vertex  1.215385e+01  4.200000e+01  1.050000e+01
     vertex  9.153846e+00  4.200000e+01  6.000000e+00
     vertex  9.153846e+00  4.200000e+01  1.050000e+01
   endloop
 endfacet
 facet normal  0.000000e+00  1.000000e+00  0.000000e+00
   outer loop
     vertex  1.930769e+01  4.200000e+01  4.500000e+00
     vertex  1.930769e+01  4.200000e+01  3.000000e+00
     vertex  1.630769e+01  4.200000e+01  4.500000e+00
   endloop
 endfacet
 facet normal  0.000000e+00  1.000000e+00  0.000000e+00
   outer loop
     vertex  1.930769e+01  4.200000e+01  4.500000e+00
     vertex  1.630769e+01  4.200000e+01  4.500000e+00
     vertex  1.630769e+01  4.200000e+01  6.000000e+00
   endloop
 endfacet
 facet normal  0.000000e+00  1.000000e+00  0.000000e+00
   outer loop
     vertex  1.930769e+01  4.200000e+01  6.000000e+00
     vertex  1.930769e+01  4.200000e+01  4.500000e+00
     vertex  1.630769e+01  4.200000e+01  6.000000e+00
   endloop
 endfacet
 facet normal  0.000000e+00  1.000000e+00  0.000000e+00
   outer loop
     vertex  2.346154e+01  4.200000e+01  6.000000e+00
     vertex  2.346154e+01  4.200000e+01  4.500000e+00
     vertex  1.930769e+01  4.200000e+01  4.500000e+00
   endloop
 endfacet
 facet normal  0.000000e+00  1.000000e+00  0.000000e+00
   outer loop
     vertex  2.346154e+01  4.200000e+01  6.000000e+00
     vertex  1.930769e+01  4.200000e+01  4.500000e+00
     vertex  1.930769e+01  4.200000e+01  6.000000e+00
   endloop
 endfacet
 facet normal  0.000000e+00  1.000000e+00  0.000000e+00
   outer loop
     vertex  1.930769e+01  4.200000e+01  1.050000e+01
     vertex  1.630769e+01  4.200000e+01  6.000000e+00
     vertex  1.630769e+01  4.200000e+01  1.050000e+01
   endloop
 endfacet
 facet normal  0.000000e+00  1.000000e+00  0.000000e+00
   outer loop
     vertex  1.930769e+01  4.200000e+01  1.050000e+01
     vertex  1.930769e+01  4.200000e+01  6.000000e+00
     vertex  1.630769e+01  4.200000e+01  6.000000e+00
   endloop
 endfacet
 facet normal  0.000000e+00  1.000000e+00  0.000000e+00
   outer loop
     vertex  2.646154e+01  4.200000e+01  4.500000e+00
     vertex  2.646154e+01  4.200000e+01  3.000000e+00
     vertex  2.346154e+01  4.200000e+01  3.000000e+00
   endloop
 endfacet
 facet normal  0.000000e+00  1.000000e+00  0.000000e+00
   outer loop
     vertex  2.646154e+01  4.200000e+01  4.500000e+00
     vertex  2.346154e+01  4.200000e+01  3.000000e+00
     vertex  2.346154e+01  4.200000e+01  4.500000e+00
   endloop
 endfacet
 facet normal  0.000000e+00  1.000000e+00  0.000000e+00
   outer loop
     vertex  2.646154e+01  4.200000e+01  6.000000e+00
     vertex  2.646154e+01  4.200000e+01  4.500000e+00
     vertex  2.346154e+01  4.200000e+01  4.500000e+00
   endloop
 endfacet
 facet normal  0.000000e+00  1.000000e+00  0.000000e+00
   outer loop
     vertex  2.646154e+01  4.200000e+01  6.000000e+00
     vertex  2.346154e+01  4.200000e+01  4.500000e+00
     vertex  2.346154e+01  4.200000e+01  6.000000e+00
   endloop
 endfacet
 facet normal  0.000000e+00  1.000000e+00  0.000000e+00
   outer loop
     vertex  2.346154e+01  4.200000e+01  1.050000e+01
     vertex  2.646154e+01  4.200000e+01  6.000000e+00
     vertex  2.346154e+01  4.200000e+01  6.000000e+00
   endloop
 endfacet
 facet normal  0.000000e+00  1.000000e+00  0.000000e+00
   outer loop
     vertex  3.061538e+01  4.200000e+01  6.000000e+00
     vertex  2.646154e+01  4.200000e+01  4.500000e+00
     vertex  2.646154e+01  4.200000e+01  6.000000e+00
   endloop
 endfacet
 facet normal  0.000000e+00  1.000000e+00  0.000000e+00
   outer loop
     vertex  3.061538e+01  4.200000e+01  6.000000e+00
     vertex  3.061538e+01  4.200000e+01  4.500000e+00
     vertex  2.646154e+01  4.200000e+01  4.500000e+00
   endloop
 endfacet
 facet normal  0.000000e+00  1.000000e+00  0.000000e+00
   outer loop
     vertex  2.646154e+01  4.200000e+01  1.050000e+01
     vertex  2.646154e+01  4.200000e+01  6.000000e+00
     vertex  2.346154e+01  4.200000e+01  1.050000e+01
   endloop
 endfacet
 facet normal  0.000000e+00  1.000000e+00  0.000000e+00
   outer loop
     vertex  3.361538e+01  4.200000e+01  4.500000e+00
     vertex  3.361538e+01  4.200000e+01  3.000000e+00
     vertex  3.061538e+01  4.200000e+01  3.000000e+00
   endloop
 endfacet
 facet normal  0.000000e+00  1.000000e+00  0.000000e+00
   outer loop
     vertex  3.361538e+01  4.200000e+01  4.500000e+00
     vertex  3.061538e+01  4.200000e+01  3.000000e+00
     vertex  3.061538e+01  4.200000e+01  4.500000e+00
   endloop
 endfacet
 facet normal  0.000000e+00  1.000000e+00  0.000000e+00
   outer loop
     vertex  3.361538e+01  4.200000e+01  4.500000e+00
     vertex  3.061538e+01  4.200000e+01  4.500000e+00
     vertex  3.061538e+01  4.200000e+01  6.000000e+00
   endloop
 endfacet
 facet normal  0.000000e+00  1.000000e+00  0.000000e+00
   outer loop
     vertex  3.361538e+01  4.200000e+01  6.000000e+00
     vertex  3.361538e+01  4.200000e+01  4.500000e+00
     vertex  3.061538e+01  4.200000e+01  6.000000e+00
   endloop
 endfacet
 facet normal  0.000000e+00  1.000000e+00  0.000000e+00
   outer loop
     vertex  3.061538e+01  4.200000e+01  1.050000e+01
     vertex  3.361538e+01  4.200000e+01  6.000000e+00
     vertex  3.061538e+01  4.200000e+01  6.000000e+00
   endloop
 endfacet
 facet normal  0.000000e+00  1.000000e+00  0.000000e+00
   outer loop
     vertex  3.776923e+01  4.200000e+01  6.000000e+00
     vertex  3.361538e+01  4.200000e+01  4.500000e+00
     vertex  3.361538e+01  4.200000e+01  6.000000e+00
   endloop
 endfacet
 facet normal  0.000000e+00  1.000000e+00  0.000000e+00
   outer loop
     vertex  3.776923e+01  4.200000e+01  6.000000e+00
     vertex  3.776923e+01  4.200000e+01  4.500000e+00
     vertex  3.361538e+01  4.200000e+01  4.500000e+00
   endloop
 endfacet
 facet normal  0.000000e+00  1.000000e+00  0.000000e+00
   outer loop
     vertex  3.361538e+01  4.200000e+01  1.050000e+01
     vertex  3.361538e+01  4.200000e+01  6.000000e+00
     vertex  3.061538e+01  4.200000e+01  1.050000e+01
   endloop
 endfacet
 facet normal  0.000000e+00  1.000000e+00  0.000000e+00
   outer loop
     vertex  4.076923e+01  4.200000e+01  4.500000e+00
     vertex  4.076923e+01  4.200000e+01  3.000000e+00
     vertex  3.776923e+01  4.200000e+01  3.000000e+00
   endloop
 endfacet
 facet normal  0.000000e+00  1.000000e+00  0.000000e+00
   outer loop
     vertex  4.076923e+01  4.200000e+01  4.500000e+00
     vertex  3.776923e+01  4.200000e+01  3.000000e+00
     vertex  3.776923e+01  4.200000e+01  4.500000e+00
   endloop
 endfacet
 facet normal  0.000000e+00  1.000000e+00  0.000000e+00
   outer loop
     vertex  4.076923e+01  4.200000e+01  6.000000e+00
     vertex  3.776923e+01  4.200000e+01  4.500000e+00
     vertex  3.776923e+01  4.200000e+01  6.000000e+00
   endloop
 endfacet
 facet normal  0.000000e+00  1.000000e+00  0.000000e+00
   outer loop
     vertex  4.076923e+01  4.200000e+01  6.000000e+00
     vertex  4.076923e+01  4.200000e+01  4.500000e+00
     vertex  3.776923e+01  4.200000e+01  4.500000e+00
   endloop
 endfacet
 facet normal  0.000000e+00  1.000000e+00  0.000000e+00
   outer loop
     vertex  4.492308e+01  4.200000e+01  6.000000e+00
     vertex  4.076923e+01  4.200000e+01  4.500000e+00
     vertex  4.076923e+01  4.200000e+01  6.000000e+00
   endloop
 endfacet
 facet normal  0.000000e+00  1.000000e+00  0.000000e+00
   outer loop
     vertex  4.492308e+01  4.200000e+01  6.000000e+00
     vertex  4.492308e+01  4.200000e+01  4.500000e+00
     vertex  4.076923e+01  4.200000e+01  4.500000e+00
   endloop
 endfacet
 facet normal  0.000000e+00  1.000000e+00  0.000000e+00
   outer loop
     vertex  4.076923e+01  4.200000e+01  1.050000e+01
     vertex  3.776923e+01  4.200000e+01  6.000000e+00
     vertex  3.776923e+01  4.200000e+01  1.050000e+01
   endloop
 endfacet
 facet normal  0.000000e+00  1.000000e+00  0.000000e+00
   outer loop
     vertex  4.076923e+01  4.200000e+01  1.050000e+01
     vertex  4.076923e+01  4.200000e+01  6.000000e+00
     vertex  3.776923e+01  4.200000e+01  6.000000e+00
   endloop
 endfacet
 facet normal  0.000000e+00  1.000000e+00  0.000000e+00
   outer loop
     vertex  4.792308e+01  4.200000e+01  4.500000e+00
     vertex  4.492308e+01  4.200000e+01  4.500000e+00
     vertex  4.492308e+01  4.200000e+01  6.000000e+00
   endloop
 endfacet
 facet normal  0.000000e+00  1.000000e+00  0.000000e+00
   outer loop
     vertex  4.792308e+01  4.200000e+01  4.500000e+00
     vertex  4.792308e+01  4.200000e+01  3.000000e+00
     vertex  4.492308e+01  4.200000e+01  3.000000e+00
   endloop
 endfacet
 facet normal  0.000000e+00  1.000000e+00  0.000000e+00
   outer loop
     vertex  4.792308e+01  4.200000e+01  4.500000e+00
     vertex  4.492308e+01  4.200000e+01  3.000000e+00
     vertex  4.492308e+01  4.200000e+01  4.500000e+00
   endloop
 endfacet
 facet normal  0.000000e+00  1.000000e+00  0.000000e+00
   outer loop
     vertex  4.792308e+01  4.200000e+01  6.000000e+00
     vertex  4.792308e+01  4.200000e+01  4.500000e+00
     vertex  4.492308e+01  4.200000e+01  6.000000e+00
   endloop
 endfacet
 facet normal  0.000000e+00  1.000000e+00  0.000000e+00
   outer loop
     vertex  4.492308e+01  4.200000e+01  1.050000e+01
     vertex  4.792308e+01  4.200000e+01  6.000000e+00
     vertex  4.492308e+01  4.200000e+01  6.000000e+00
   endloop
 endfacet
 facet normal  0.000000e+00  1.000000e+00  0.000000e+00
   outer loop
     vertex  5.207692e+01  4.200000e+01  6.000000e+00
     vertex  5.207692e+01  4.200000e+01  4.500000e+00
     vertex  4.792308e+01  4.200000e+01  4.500000e+00
   endloop
 endfacet
 facet normal  0.000000e+00  1.000000e+00  0.000000e+00
   outer loop
     vertex  5.207692e+01  4.200000e+01  6.000000e+00
     vertex  4.792308e+01  4.200000e+01  4.500000e+00
     vertex  4.792308e+01  4.200000e+01  6.000000e+00
   endloop
 endfacet
 facet normal  0.000000e+00  1.000000e+00  0.000000e+00
   outer loop
     vertex  4.792308e+01  4.200000e+01  1.050000e+01
     vertex  4.792308e+01  4.200000e+01  6.000000e+00
     vertex  4.492308e+01  4.200000e+01  1.050000e+01
   endloop
 endfacet
 facet normal  0.000000e+00  1.000000e+00  0.000000e+00
   outer loop
     vertex  5.507692e+01  4.200000e+01  4.500000e+00
     vertex  5.507692e+01  4.200000e+01  3.000000e+00
     vertex  5.207692e+01  4.200000e+01  3.000000e+00
   endloop
 endfacet
 facet normal  0.000000e+00  1.000000e+00  0.000000e+00
   outer loop
     vertex  5.507692e+01  4.200000e+01  4.500000e+00
     vertex  5.207692e+01  4.200000e+01  3.000000e+00
     vertex  5.207692e+01  4.200000e+01  4.500000e+00
   endloop
 endfacet
 facet normal  0.000000e+00  1.000000e+00  0.000000e+00
   outer loop
     vertex  5.507692e+01  4.200000e+01  6.000000e+00
     vertex  5.207692e+01  4.200000e+01  4.500000e+00
     vertex  5.207692e+01  4.200000e+01  6.000000e+00
   endloop
 endfacet
 facet normal  0.000000e+00  1.000000e+00  0.000000e+00
   outer loop
     vertex  5.507692e+01  4.200000e+01  6.000000e+00
     vertex  5.507692e+01  4.200000e+01  4.500000e+00
     vertex  5.207692e+01  4.200000e+01  4.500000e+00
   endloop
 endfacet
 facet normal  0.000000e+00  1.000000e+00  0.000000e+00
   outer loop
     vertex  5.923077e+01  4.200000e+01  6.000000e+00
     vertex  5.923077e+01  4.200000e+01  4.500000e+00
     vertex  5.507692e+01  4.200000e+01  4.500000e+00
   endloop
 endfacet
 facet normal  0.000000e+00  1.000000e+00  0.000000e+00
   outer loop
     vertex  5.923077e+01  4.200000e+01  6.000000e+00
     vertex  5.507692e+01  4.200000e+01  4.500000e+00
     vertex  5.507692e+01  4.200000e+01  6.000000e+00
   endloop
 endfacet
 facet normal  0.000000e+00  1.000000e+00  0.000000e+00
   outer loop
     vertex  5.507692e+01  4.200000e+01  1.050000e+01
     vertex  5.207692e+01  4.200000e+01  6.000000e+00
     vertex  5.207692e+01  4.200000e+01  1.050000e+01
   endloop
 endfacet
 facet normal  0.000000e+00  1.000000e+00  0.000000e+00
   outer loop
     vertex  5.507692e+01  4.200000e+01  1.050000e+01
     vertex  5.507692e+01  4.200000e+01  6.000000e+00
     vertex  5.207692e+01  4.200000e+01  6.000000e+00
   endloop
 endfacet
 facet normal  0.000000e+00  1.000000e+00  0.000000e+00
   outer loop
     vertex  6.223077e+01  4.200000e+01  4.500000e+00
     vertex  6.223077e+01  4.200000e+01  3.000000e+00
     vertex  5.923077e+01  4.200000e+01  3.000000e+00
   endloop
 endfacet
 facet normal  0.000000e+00  1.000000e+00  0.000000e+00
   outer loop
     vertex  6.223077e+01  4.200000e+01  4.500000e+00
     vertex  5.923077e+01  4.200000e+01  3.000000e+00
     vertex  5.923077e+01  4.200000e+01  4.500000e+00
   endloop
 endfacet
 facet normal  0.000000e+00  1.000000e+00  0.000000e+00
   outer loop
     vertex  6.223077e+01  4.200000e+01  6.000000e+00
     vertex  5.923077e+01  4.200000e+01  4.500000e+00
     vertex  5.923077e+01  4.200000e+01  6.000000e+00
   endloop
 endfacet
 facet normal  0.000000e+00  1.000000e+00  0.000000e+00
   outer loop
     vertex  6.223077e+01  4.200000e+01  6.000000e+00
     vertex  6.223077e+01  4.200000e+01  4.500000e+00
     vertex  5.923077e+01  4.200000e+01  4.500000e+00
   endloop
 endfacet
 facet normal  0.000000e+00  1.000000e+00  0.000000e+00
   outer loop
     vertex  5.923077e+01  4.200000e+01  1.050000e+01
     vertex  6.223077e+01  4.200000e+01  6.000000e+00
     vertex  5.923077e+01  4.200000e+01  6.000000e+00
   endloop
 endfacet
 facet normal  0.000000e+00  1.000000e+00  0.000000e+00
   outer loop
     vertex  6.638462e+01  4.200000e+01  4.500000e+00
     vertex  6.223077e+01  4.200000e+01  4.500000e+00
     vertex  6.223077e+01  4.200000e+01  6.000000e+00
   endloop
 endfacet
 facet normal  0.000000e+00  1.000000e+00  0.000000e+00
   outer loop
     vertex  6.638462e+01  4.200000e+01  6.000000e+00
     vertex  6.638462e+01  4.200000e+01  4.500000e+00
     vertex  6.223077e+01  4.200000e+01  6.000000e+00
   endloop
 endfacet
 facet normal  0.000000e+00  1.000000e+00  0.000000e+00
   outer loop
     vertex  6.223077e+01  4.200000e+01  1.050000e+01
     vertex  6.223077e+01  4.200000e+01  6.000000e+00
     vertex  5.923077e+01  4.200000e+01  1.050000e+01
   endloop
 endfacet
 facet normal  0.000000e+00  1.000000e+00  0.000000e+00
   outer loop
     vertex  6.938462e+01  4.200000e+01  4.500000e+00
     vertex  6.938462e+01  4.200000e+01  3.000000e+00
     vertex  6.638462e+01  4.200000e+01  3.000000e+00
   endloop
 endfacet
 facet normal  0.000000e+00  1.000000e+00  0.000000e+00
   outer loop
     vertex  6.938462e+01  4.200000e+01  4.500000e+00
     vertex  6.638462e+01  4.200000e+01  3.000000e+00
     vertex  6.638462e+01  4.200000e+01  4.500000e+00
   endloop
 endfacet
 facet normal  0.000000e+00  1.000000e+00  0.000000e+00
   outer loop
     vertex  6.938462e+01  4.200000e+01  4.500000e+00
     vertex  6.638462e+01  4.200000e+01  4.500000e+00
     vertex  6.638462e+01  4.200000e+01  6.000000e+00
   endloop
 endfacet
 facet normal  0.000000e+00  1.000000e+00  0.000000e+00
   outer loop
     vertex  6.938462e+01  4.200000e+01  6.000000e+00
     vertex  6.938462e+01  4.200000e+01  4.500000e+00
     vertex  6.638462e+01  4.200000e+01  6.000000e+00
   endloop
 endfacet
 facet normal  0.000000e+00  1.000000e+00  0.000000e+00
   outer loop
     vertex  7.353846e+01  4.200000e+01  4.500000e+00
     vertex  6.938462e+01  4.200000e+01  4.500000e+00
     vertex  6.938462e+01  4.200000e+01  6.000000e+00
   endloop
 endfacet
 facet normal  0.000000e+00  1.000000e+00  0.000000e+00
   outer loop
     vertex  7.353846e+01  4.200000e+01  6.000000e+00
     vertex  7.353846e+01  4.200000e+01  4.500000e+00
     vertex  6.938462e+01  4.200000e+01  6.000000e+00
   endloop
 endfacet
 facet normal  0.000000e+00  1.000000e+00  0.000000e+00
   outer loop
     vertex  6.938462e+01  4.200000e+01  1.050000e+01
     vertex  6.938462e+01  4.200000e+01  6.000000e+00
     vertex  6.638462e+01  4.200000e+01  6.000000e+00
   endloop
 endfacet
 facet normal  0.000000e+00  1.000000e+00  0.000000e+00
   outer loop
     vertex  6.938462e+01  4.200000e+01  1.050000e+01
     vertex  6.638462e+01  4.200000e+01  6.000000e+00
     vertex  6.638462e+01  4.200000e+01  1.050000e+01
   endloop
 endfacet
 facet normal  0.000000e+00  1.000000e+00  0.000000e+00
   outer loop
     vertex  7.653846e+01  4.200000e+01  4.500000e+00
     vertex  7.353846e+01  4.200000e+01  4.500000e+00
     vertex  7.353846e+01  4.200000e+01  6.000000e+00
   endloop
 endfacet
 facet normal  0.000000e+00  1.000000e+00  0.000000e+00
   outer loop
     vertex  7.653846e+01  4.200000e+01  4.500000e+00
     vertex  7.653846e+01  4.200000e+01  3.000000e+00
     vertex  7.353846e+01  4.200000e+01  3.000000e+00
   endloop
 endfacet
 facet normal  0.000000e+00  1.000000e+00  0.000000e+00
   outer loop
     vertex  7.653846e+01  4.200000e+01  4.500000e+00
     vertex  7.353846e+01  4.200000e+01  3.000000e+00
     vertex  7.353846e+01  4.200000e+01  4.500000e+00
   endloop
 endfacet
 facet normal  0.000000e+00  1.000000e+00  0.000000e+00
   outer loop
     vertex  7.653846e+01  4.200000e+01  6.000000e+00
     vertex  7.653846e+01  4.200000e+01  4.500000e+00
     vertex  7.353846e+01  4.200000e+01  6.000000e+00
   endloop
 endfacet
 facet normal  0.000000e+00  1.000000e+00  0.000000e+00
   outer loop
     vertex  8.069231e+01  4.200000e+01  6.000000e+00
     vertex  7.653846e+01  4.200000e+01  4.500000e+00
     vertex  7.653846e+01  4.200000e+01  6.000000e+00
   endloop
 endfacet
 facet normal  0.000000e+00  1.000000e+00  0.000000e+00
   outer loop
     vertex  8.069231e+01  4.200000e+01  6.000000e+00
     vertex  8.069231e+01  4.200000e+01  4.500000e+00
     vertex  7.653846e+01  4.200000e+01  4.500000e+00
   endloop
 endfacet
 facet normal  0.000000e+00  1.000000e+00  0.000000e+00
   outer loop
     vertex  7.653846e+01  4.200000e+01  1.050000e+01
     vertex  7.653846e+01  4.200000e+01  6.000000e+00
     vertex  7.353846e+01  4.200000e+01  6.000000e+00
   endloop
 endfacet
 facet normal  0.000000e+00  1.000000e+00  0.000000e+00
   outer loop
     vertex  7.653846e+01  4.200000e+01  1.050000e+01
     vertex  7.353846e+01  4.200000e+01  6.000000e+00
     vertex  7.353846e+01  4.200000e+01  1.050000e+01
   endloop
 endfacet
 facet normal  0.000000e+00  1.000000e+00  0.000000e+00
   outer loop
     vertex  8.369231e+01  4.200000e+01  4.500000e+00
     vertex  8.069231e+01  4.200000e+01  4.500000e+00
     vertex  8.069231e+01  4.200000e+01  6.000000e+00
   endloop
 endfacet
 facet normal  0.000000e+00  1.000000e+00  0.000000e+00
   outer loop
     vertex  8.369231e+01  4.200000e+01  4.500000e+00
     vertex  8.369231e+01  4.200000e+01  3.000000e+00
     vertex  8.069231e+01  4.200000e+01  3.000000e+00
   endloop
 endfacet
 facet normal  0.000000e+00  1.000000e+00  0.000000e+00
   outer loop
     vertex  8.369231e+01  4.200000e+01  4.500000e+00
     vertex  8.069231e+01  4.200000e+01  3.000000e+00
     vertex  8.069231e+01  4.200000e+01  4.500000e+00
   endloop
 endfacet
 facet normal  0.000000e+00  1.000000e+00  0.000000e+00
   outer loop
     vertex  8.369231e+01  4.200000e+01  6.000000e+00
     vertex  8.369231e+01  4.200000e+01  4.500000e+00
     vertex  8.069231e+01  4.200000e+01  6.000000e+00
   endloop
 endfacet
 facet normal  0.000000e+00  1.000000e+00  0.000000e+00
   outer loop
     vertex  8.784615e+01  4.200000e+01  4.500000e+00
     vertex  8.369231e+01  4.200000e+01  4.500000e+00
     vertex  8.369231e+01  4.200000e+01  6.000000e+00
   endloop
 endfacet
 facet normal  0.000000e+00  1.000000e+00  0.000000e+00
   outer loop
     vertex  8.784615e+01  4.200000e+01  6.000000e+00
     vertex  8.784615e+01  4.200000e+01  4.500000e+00
     vertex  8.369231e+01  4.200000e+01  6.000000e+00
   endloop
 endfacet
 facet normal  0.000000e+00  1.000000e+00  0.000000e+00
   outer loop
     vertex  8.369231e+01  4.200000e+01  1.050000e+01
     vertex  8.369231e+01  4.200000e+01  6.000000e+00
     vertex  8.069231e+01  4.200000e+01  6.000000e+00
   endloop
 endfacet
 facet normal  0.000000e+00  1.000000e+00  0.000000e+00
   outer loop
     vertex  8.369231e+01  4.200000e+01  1.050000e+01
     vertex  8.069231e+01  4.200000e+01  6.000000e+00
     vertex  8.069231e+01  4.200000e+01  1.050000e+01
   endloop
 endfacet
 facet normal  0.000000e+00  1.000000e+00  0.000000e+00
   outer loop
     vertex  9.084615e+01  4.200000e+01  4.500000e+00
     vertex  9.084615e+01  4.200000e+01  3.000000e+00
     vertex  8.784615e+01  4.200000e+01  3.000000e+00
   endloop
 endfacet
 facet normal  0.000000e+00  1.000000e+00  0.000000e+00
   outer loop
     vertex  9.084615e+01  4.200000e+01  4.500000e+00
     vertex  8.784615e+01  4.200000e+01  3.000000e+00
     vertex  8.784615e+01  4.200000e+01  4.500000e+00
   endloop
 endfacet
 facet normal  0.000000e+00  1.000000e+00  0.000000e+00
   outer loop
     vertex  9.084615e+01  4.200000e+01  6.000000e+00
     vertex  8.784615e+01  4.200000e+01  4.500000e+00
     vertex  8.784615e+01  4.200000e+01  6.000000e+00
   endloop
 endfacet
 facet normal  0.000000e+00  1.000000e+00  0.000000e+00
   outer loop
     vertex  9.084615e+01  4.200000e+01  6.000000e+00
     vertex  9.084615e+01  4.200000e+01  4.500000e+00
     vertex  8.784615e+01  4.200000e+01  4.500000e+00
   endloop
 endfacet
 facet normal  0.000000e+00  1.000000e+00  0.000000e+00
   outer loop
     vertex  1.010000e+02  4.200000e+01 -2.300000e+00
     vertex  9.850000e+01  4.200000e+01 -3.300000e+00
     vertex  9.850000e+01  4.200000e+01 -2.300000e+00
   endloop
 endfacet
 facet normal  0.000000e+00  1.000000e+00  0.000000e+00
   outer loop
     vertex  9.500000e+01  4.200000e+01  4.500000e+00
     vertex  9.084615e+01  4.200000e+01  4.500000e+00
     vertex  9.084615e+01  4.200000e+01  6.000000e+00
   endloop
 endfacet
 facet normal  0.000000e+00  1.000000e+00  0.000000e+00
   outer loop
     vertex  1.030000e+02  4.200000e+01 -3.300000e+00
     vertex  9.850000e+01  4.200000e+01 -3.300000e+00
     vertex  1.010000e+02  4.200000e+01 -2.300000e+00
   endloop
 endfacet
 facet normal  0.000000e+00  1.000000e+00  0.000000e+00
   outer loop
     vertex  1.000000e+02  4.200000e+01  8.000000e-01
     vertex  1.000000e+02  4.200000e+01  0.000000e+00
     vertex  9.800000e+01  4.200000e+01  0.000000e+00
   endloop
 endfacet
 facet normal  0.000000e+00  1.000000e+00  0.000000e+00
   outer loop
     vertex  9.800000e+01  4.200000e+01  3.000000e+00
     vertex  9.500000e+01  4.200000e+01  3.000000e+00
     vertex  9.500000e+01  4.200000e+01  4.500000e+00
   endloop
 endfacet
 facet normal  0.000000e+00  1.000000e+00  0.000000e+00
   outer loop
     vertex  9.500000e+01  4.200000e+01  6.000000e+00
     vertex  9.500000e+01  4.200000e+01  4.500000e+00
     vertex  9.084615e+01  4.200000e+01  6.000000e+00
   endloop
 endfacet
 facet normal  0.000000e+00  1.000000e+00  0.000000e+00
   outer loop
     vertex  9.500000e+01  4.200000e+01  6.000000e+00
     vertex  9.800000e+01  4.200000e+01  3.000000e+00
     vertex  9.500000e+01  4.200000e+01  4.500000e+00
   endloop
 endfacet
 facet normal  0.000000e+00  1.000000e+00  0.000000e+00
   outer loop
     vertex  9.084615e+01  4.200000e+01  1.050000e+01
     vertex  9.084615e+01  4.200000e+01  6.000000e+00
     vertex  8.784615e+01  4.200000e+01  6.000000e+00
   endloop
 endfacet
 facet normal  0.000000e+00  1.000000e+00  0.000000e+00
   outer loop
     vertex  9.084615e+01  4.200000e+01  1.050000e+01
     vertex  8.784615e+01  4.200000e+01  6.000000e+00
     vertex  8.784615e+01  4.200000e+01  1.050000e+01
   endloop
 endfacet
 facet normal  0.000000e+00  1.000000e+00  0.000000e+00
   outer loop
     vertex  1.000000e+02  4.200000e+01  1.800000e+00
     vertex  9.800000e+01  4.200000e+01  0.000000e+00
     vertex  9.800000e+01  4.200000e+01  3.000000e+00
   endloop
 endfacet
 facet normal  0.000000e+00  1.000000e+00  0.000000e+00
   outer loop
     vertex  1.000000e+02  4.200000e+01  1.800000e+00
     vertex  1.000000e+02  4.200000e+01  8.000000e-01
     vertex  9.800000e+01  4.200000e+01  0.000000e+00
   endloop
 endfacet
 facet normal  0.000000e+00  1.000000e+00  0.000000e+00
   outer loop
     vertex  1.010000e+02  4.200000e+01  8.000000e-01
     vertex  1.000000e+02  4.200000e+01  8.000000e-01
     vertex  1.000000e+02  4.200000e+01  1.800000e+00
   endloop
 endfacet
 facet normal  0.000000e+00  1.000000e+00  0.000000e+00
   outer loop
     vertex  1.030000e+02  4.200000e+01  1.800000e+00
     vertex  1.010000e+02  4.200000e+01 -2.300000e+00
     vertex  1.010000e+02  4.200000e+01  8.000000e-01
   endloop
 endfacet
 facet normal  0.000000e+00  1.000000e+00  0.000000e+00
   outer loop
     vertex  1.030000e+02  4.200000e+01  1.800000e+00
     vertex  1.030000e+02  4.200000e+01 -3.300000e+00
     vertex  1.010000e+02  4.200000e+01 -2.300000e+00
   endloop
 endfacet
 facet normal  0.000000e+00  1.000000e+00  0.000000e+00
   outer loop
     vertex  1.030000e+02  4.200000e+01  1.800000e+00
     vertex  1.010000e+02  4.200000e+01  8.000000e-01
     vertex  1.000000e+02  4.200000e+01  1.800000e+00
   endloop
 endfacet
 facet normal  0.000000e+00  1.000000e+00  0.000000e+00
   outer loop
     vertex  1.000000e+02  4.200000e+01  1.200000e+01
     vertex  9.084615e+01  4.200000e+01  1.050000e+01
     vertex  8.784615e+01  4.200000e+01  1.050000e+01
   endloop
 endfacet
 facet normal  0.000000e+00  1.000000e+00  0.000000e+00
   outer loop
     vertex  1.000000e+02  4.200000e+01  1.200000e+01
     vertex  9.800000e+01  4.200000e+01  3.000000e+00
     vertex  9.500000e+01  4.200000e+01  6.000000e+00
   endloop
 endfacet
 facet normal  0.000000e+00  1.000000e+00  0.000000e+00
   outer loop
     vertex  1.000000e+02  4.200000e+01  1.200000e+01
     vertex  8.784615e+01  4.200000e+01  1.050000e+01
     vertex  8.369231e+01  4.200000e+01  1.050000e+01
   endloop
 endfacet
 facet normal  0.000000e+00  1.000000e+00  0.000000e+00
   outer loop
     vertex  1.000000e+02  4.200000e+01  1.200000e+01
     vertex  9.500000e+01  4.200000e+01  6.000000e+00
     vertex  9.500000e+01  4.200000e+01  1.050000e+01
   endloop
 endfacet
 facet normal  0.000000e+00  1.000000e+00  0.000000e+00
   outer loop
     vertex  1.000000e+02  4.200000e+01  1.200000e+01
     vertex  9.500000e+01  4.200000e+01  1.050000e+01
     vertex  9.084615e+01  4.200000e+01  1.050000e+01
   endloop
 endfacet
 facet normal  0.000000e+00  1.000000e+00  0.000000e+00
   outer loop
     vertex  0.000000e+00  4.200000e+01  1.800000e+00
     vertex  0.000000e+00  4.200000e+01  1.200000e+01
     vertex  2.000000e+00  4.200000e+01  3.000000e+00
   endloop
 endfacet
 facet normal -0.000000e+00  1.000000e+00  0.000000e+00
   outer loop
     vertex  0.000000e+00  4.200000e+01  1.200000e+01
     vertex  1.000000e+02  4.200000e+01  1.200000e+01
     vertex  8.369231e+01  4.200000e+01  1.050000e+01
   endloop
 endfacet
 facet normal  0.000000e+00  1.000000e+00  0.000000e+00
   outer loop
     vertex  0.000000e+00  4.200000e+01  1.200000e+01
     vertex  8.369231e+01  4.200000e+01  1.050000e+01
     vertex  8.069231e+01  4.200000e+01  1.050000e+01
   endloop
 endfacet
 facet normal  0.000000e+00  1.000000e+00  0.000000e+00
   outer loop
     vertex  0.000000e+00  4.200000e+01  1.200000e+01
     vertex  8.069231e+01  4.200000e+01  1.050000e+01
     vertex  7.653846e+01  4.200000e+01  1.050000e+01
   endloop
 endfacet
 facet normal  0.000000e+00  1.000000e+00  0.000000e+00
   outer loop
     vertex  0.000000e+00  4.200000e+01  1.200000e+01
     vertex  7.653846e+01  4.200000e+01  1.050000e+01
     vertex  7.353846e+01  4.200000e+01  1.050000e+01
   endloop
 endfacet
 facet normal  0.000000e+00  1.000000e+00  0.000000e+00
   outer loop
     vertex  0.000000e+00  4.200000e+01  1.200000e+01
     vertex  7.353846e+01  4.200000e+01  1.050000e+01
     vertex  6.938462e+01  4.200000e+01  1.050000e+01
   endloop
 endfacet
 facet normal  0.000000e+00  1.000000e+00  0.000000e+00
   outer loop
     vertex  0.000000e+00  4.200000e+01  1.200000e+01
     vertex  6.938462e+01  4.200000e+01  1.050000e+01
     vertex  6.638462e+01  4.200000e+01  1.050000e+01
   endloop
 endfacet
 facet normal  0.000000e+00  1.000000e+00  0.000000e+00
   outer loop
     vertex  0.000000e+00  4.200000e+01  1.200000e+01
     vertex  6.638462e+01  4.200000e+01  1.050000e+01
     vertex  6.223077e+01  4.200000e+01  1.050000e+01
   endloop
 endfacet
 facet normal  0.000000e+00  1.000000e+00  0.000000e+00
   outer loop
     vertex  0.000000e+00  4.200000e+01  1.200000e+01
     vertex  6.223077e+01  4.200000e+01  1.050000e+01
     vertex  5.923077e+01  4.200000e+01  1.050000e+01
   endloop
 endfacet
 facet normal  0.000000e+00  1.000000e+00  0.000000e+00
   outer loop
     vertex  0.000000e+00  4.200000e+01  1.200000e+01
     vertex  5.923077e+01  4.200000e+01  1.050000e+01
     vertex  5.507692e+01  4.200000e+01  1.050000e+01
   endloop
 endfacet
 facet normal  0.000000e+00  1.000000e+00  0.000000e+00
   outer loop
     vertex  0.000000e+00  4.200000e+01  1.200000e+01
     vertex  5.507692e+01  4.200000e+01  1.050000e+01
     vertex  5.207692e+01  4.200000e+01  1.050000e+01
   endloop
 endfacet
 facet normal  0.000000e+00  1.000000e+00  0.000000e+00
   outer loop
     vertex  0.000000e+00  4.200000e+01  1.200000e+01
     vertex  5.207692e+01  4.200000e+01  1.050000e+01
     vertex  4.792308e+01  4.200000e+01  1.050000e+01
   endloop
 endfacet
 facet normal  0.000000e+00  1.000000e+00  0.000000e+00
   outer loop
     vertex  0.000000e+00  4.200000e+01  1.200000e+01
     vertex  4.792308e+01  4.200000e+01  1.050000e+01
     vertex  4.492308e+01  4.200000e+01  1.050000e+01
   endloop
 endfacet
 facet normal  0.000000e+00  1.000000e+00  0.000000e+00
   outer loop
     vertex  0.000000e+00  4.200000e+01  1.200000e+01
     vertex  4.492308e+01  4.200000e+01  1.050000e+01
     vertex  4.076923e+01  4.200000e+01  1.050000e+01
   endloop
 endfacet
 facet normal  0.000000e+00  1.000000e+00  0.000000e+00
   outer loop
     vertex  0.000000e+00  4.200000e+01  1.200000e+01
     vertex  4.076923e+01  4.200000e+01  1.050000e+01
     vertex  3.776923e+01  4.200000e+01  1.050000e+01
   endloop
 endfacet
 facet normal  0.000000e+00  1.000000e+00  0.000000e+00
   outer loop
     vertex  0.000000e+00  4.200000e+01  1.200000e+01
     vertex  3.776923e+01  4.200000e+01  1.050000e+01
     vertex  3.361538e+01  4.200000e+01  1.050000e+01
   endloop
 endfacet
 facet normal  0.000000e+00  1.000000e+00  0.000000e+00
   outer loop
     vertex  0.000000e+00  4.200000e+01  1.200000e+01
     vertex  3.361538e+01  4.200000e+01  1.050000e+01
     vertex  3.061538e+01  4.200000e+01  1.050000e+01
   endloop
 endfacet
 facet normal  0.000000e+00  1.000000e+00  0.000000e+00
   outer loop
     vertex  0.000000e+00  4.200000e+01  1.200000e+01
     vertex  3.061538e+01  4.200000e+01  1.050000e+01
     vertex  2.646154e+01  4.200000e+01  1.050000e+01
   endloop
 endfacet
 facet normal  0.000000e+00  1.000000e+00  0.000000e+00
   outer loop
     vertex  0.000000e+00  4.200000e+01  1.200000e+01
     vertex  2.646154e+01  4.200000e+01  1.050000e+01
     vertex  2.346154e+01  4.200000e+01  1.050000e+01
   endloop
 endfacet
 facet normal  0.000000e+00  1.000000e+00  0.000000e+00
   outer loop
     vertex  0.000000e+00  4.200000e+01  1.200000e+01
     vertex  2.346154e+01  4.200000e+01  1.050000e+01
     vertex  1.930769e+01  4.200000e+01  1.050000e+01
   endloop
 endfacet
 facet normal  0.000000e+00  1.000000e+00  0.000000e+00
   outer loop
     vertex  0.000000e+00  4.200000e+01  1.200000e+01
     vertex  1.930769e+01  4.200000e+01  1.050000e+01
     vertex  1.630769e+01  4.200000e+01  1.050000e+01
   endloop
 endfacet
 facet normal  0.000000e+00  1.000000e+00  0.000000e+00
   outer loop
     vertex  0.000000e+00  4.200000e+01  1.200000e+01
     vertex  1.630769e+01  4.200000e+01  1.050000e+01
     vertex  1.215385e+01  4.200000e+01  1.050000e+01
   endloop
 endfacet
 facet normal  0.000000e+00  1.000000e+00  0.000000e+00
   outer loop
     vertex  1.000000e+02  4.200000e+01  1.200000e+01
     vertex  1.000000e+02  4.200000e+01  1.800000e+00
     vertex  9.800000e+01  4.200000e+01  3.000000e+00
   endloop
 endfacet
 facet normal -0.000000e+00 -1.000000e+00  0.000000e+00
   outer loop
     vertex  0.000000e+00  3.500000e+01  1.800000e+00
     vertex -3.000000e+00  3.500000e+01  1.800000e+00
     vertex -1.000000e+00  3.500000e+01  8.000000e-01
   endloop
 endfacet
 facet normal  0.000000e+00 -1.000000e+00  0.000000e+00
   outer loop
     vertex  0.000000e+00  3.500000e+01  8.000000e-01
     vertex  0.000000e+00  3.500000e+01  1.800000e+00
     vertex -1.000000e+00  3.500000e+01  8.000000e-01
   endloop
 endfacet
 facet normal -0.000000e+00 -1.000000e+00  0.000000e+00
   outer loop
     vertex -1.000000e+00  3.500000e+01 -2.300000e+00
     vertex -3.000000e+00  3.500000e+01  1.800000e+00
     vertex -3.000000e+00  3.500000e+01 -3.300000e+00
   endloop
 endfacet
 facet normal  0.000000e+00 -1.000000e+00  0.000000e+00
   outer loop
     vertex -1.000000e+00  3.500000e+01 -2.300000e+00
     vertex -1.000000e+00  3.500000e+01  8.000000e-01
     vertex -3.000000e+00  3.500000e+01  1.800000e+00
   endloop
 endfacet
 facet normal  0.000000e+00 -1.000000e+00  0.000000e+00
   outer loop
     vertex  1.500000e+00  3.500000e+01 -3.300000e+00
     vertex  1.500000e+00  3.500000e+01 -2.300000e+00
     vertex -1.000000e+00  3.500000e+01 -2.300000e+00
   endloop
 endfacet
 facet normal  0.000000e+00 -1.000000e+00  0.000000e+00
   outer loop
     vertex  1.500000e+00  3.500000e+01 -3.300000e+00
     vertex -1.000000e+00  3.500000e+01 -2.300000e+00
     vertex -3.000000e+00  3.500000e+01 -3.300000e+00
   endloop
 endfacet
 facet normal  0.000000e+00 -1.000000e+00  0.000000e+00
   outer loop
     vertex  1.010000e+02  3.500000e+01  8.000000e-01
     vertex  1.000000e+02  3.500000e+01  1.800000e+00
     vertex  1.000000e+02  3.500000e+01  8.000000e-01
   endloop
 endfacet
 facet normal -0.000000e+00 -1.000000e+00  0.000000e+00
   outer loop
     vertex  1.030000e+02  3.500000e+01  1.800000e+00
     vertex  1.000000e+02  3.500000e+01  1.800000e+00
     vertex  1.010000e+02  3.500000e+01  8.000000e-01
   endloop
 endfacet
 facet normal -0.000000e+00 -1.000000e+00  0.000000e+00
   outer loop
     vertex  1.010000e+02  3.500000e+01 -2.300000e+00
     vertex  9.850000e+01  3.500000e+01 -2.300000e+00
     vertex  9.850000e+01  3.500000e+01 -3.300000e+00
   endloop
 endfacet
 facet normal  0.000000e+00 -1.000000e+00  0.000000e+00
   outer loop
     vertex  1.030000e+02  3.500000e+01 -3.300000e+00
     vertex  1.010000e+02  3.500000e+01  8.000000e-01
     vertex  1.010000e+02  3.500000e+01 -2.300000e+00
   endloop
 endfacet
 facet normal  0.000000e+00 -1.000000e+00  0.000000e+00
   outer loop
     vertex  1.030000e+02  3.500000e+01 -3.300000e+00
     vertex  1.030000e+02  3.500000e+01  1.800000e+00
     vertex  1.010000e+02  3.500000e+01  8.000000e-01
   endloop
 endfacet
 facet normal  0.000000e+00 -1.000000e+00  0.000000e+00
   outer loop
     vertex  1.030000e+02  3.500000e+01 -3.300000e+00
     vertex  1.010000e+02  3.500000e+01 -2.300000e+00
     vertex  9.850000e+01  3.500000e+01 -3.300000e+00
   endloop
 endfacet
 facet normal  0.000000e+00  0.000000e+00 -1.000000e+00
   outer loop
     vertex  5.007692e+01  2.300000e+00  0.000000e+00
     vertex  5.707692e+01  2.300000e+00  0.000000e+00
     vertex  5.707692e+01  0.000000e+00  0.000000e+00
   endloop
 endfacet
 facet normal  0.000000e+00  0.000000e+00 -1.000000e+00
   outer loop
     vertex  5.007692e+01  2.300000e+00  0.000000e+00
     vertex  5.707692e+01  0.000000e+00  0.000000e+00
     vertex  5.007692e+01  0.000000e+00  0.000000e+00
   endloop
 endfacet
 facet normal -1.000000e+00  0.000000e+00  0.000000e+00
   outer loop
     vertex  5.007692e+01  1.300000e+00  3.000000e+00
     vertex  5.007692e+01  0.000000e+00  4.500000e+00
     vertex  5.007692e+01  2.000000e+00  4.500000e+00
   endloop
 endfacet
 facet normal -1.000000e+00  0.000000e+00  0.000000e+00
   outer loop
     vertex  5.007692e+01  1.300000e+00  3.000000e+00
     vertex  5.007692e+01  2.000000e+00  4.500000e+00
     vertex  5.007692e+01  2.000000e+00  3.000000e+00
   endloop
 endfacet
 facet normal -1.000000e+00  0.000000e+00  0.000000e+00
   outer loop
     vertex  5.007692e+01  2.300000e+00  0.000000e+00
     vertex  5.007692e+01  1.300000e+00  1.200000e+00
     vertex  5.007692e+01  2.300000e+00  1.200000e+00
   endloop
 endfacet
 facet normal -1.000000e+00  0.000000e+00  0.000000e+00
   outer loop
     vertex  5.007692e+01  0.000000e+00  0.000000e+00
     vertex  5.007692e+01  1.300000e+00  3.000000e+00
     vertex  5.007692e+01  1.300000e+00  1.200000e+00
   endloop
 endfacet
 facet normal -1.000000e+00  0.000000e+00  0.000000e+00
   outer loop
     vertex  5.007692e+01  0.000000e+00  0.000000e+00
     vertex  5.007692e+01  1.300000e+00  1.200000e+00
     vertex  5.007692e+01  2.300000e+00  0.000000e+00
   endloop
 endfacet
 facet normal -1.000000e+00  0.000000e+00  0.000000e+00
   outer loop
     vertex  5.007692e+01  0.000000e+00  0.000000e+00
     vertex  5.007692e+01  0.000000e+00  4.500000e+00
     vertex  5.007692e+01  1.300000e+00  3.000000e+00
   endloop
 endfacet
 facet normal  1.000000e+00 -0.000000e+00  0.000000e+00
   outer loop
     vertex  5.707692e+01  1.300000e+00  1.200000e+00
     vertex  5.707692e+01  2.300000e+00  0.000000e+00
     vertex  5.707692e+01  2.300000e+00  1.200000e+00
   endloop
 endfacet
 facet normal  1.000000e+00  0.000000e+00  0.000000e+00
   outer loop
     vertex  5.707692e+01  0.000000e+00  0.000000e+00
     vertex  5.707692e+01  2.300000e+00  0.000000e+00
     vertex  5.707692e+01  1.300000e+00  1.200000e+00
   endloop
 endfacet
 facet normal  1.000000e+00  0.000000e+00  0.000000e+00
   outer loop
     vertex  5.707692e+01  1.300000e+00  3.000000e+00
     vertex  5.707692e+01  0.000000e+00  0.000000e+00
     vertex  5.707692e+01  1.300000e+00  1.200000e+00
   endloop
 endfacet
 facet normal  1.000000e+00  0.000000e+00  0.000000e+00
   outer loop
     vertex  5.707692e+01  2.000000e+00  4.500000e+00
     vertex  5.707692e+01  1.300000e+00  3.000000e+00
     vertex  5.707692e+01  2.000000e+00  3.000000e+00
   endloop
 endfacet
 facet normal  1.000000e+00 -0.000000e+00  0.000000e+00
   outer loop
     vertex  5.707692e+01  0.000000e+00  4.500000e+00
     vertex  5.707692e+01  1.300000e+00  3.000000e+00
     vertex  5.707692e+01  2.000000e+00  4.500000e+00
   endloop
 endfacet
 facet normal  1.000000e+00  0.000000e+00  0.000000e+00
   outer loop
     vertex  5.707692e+01  0.000000e+00  4.500000e+00
     vertex  5.707692e+01  0.000000e+00  0.000000e+00
     vertex  5.707692e+01  1.300000e+00  3.000000e+00
   endloop
 endfacet
 facet normal  0.000000e+00  0.000000e+00 -1.000000e+00
   outer loop
     vertex -3.000000e+00  7.000000e+00 -3.300000e+00
     vertex  1.500000e+00  7.000000e+00 -3.300000e+00
     vertex  1.500000e+00  0.000000e+00 -3.300000e+00
   endloop
 endfacet
 facet normal  0.000000e+00  0.000000e+00 -1.000000e+00
   outer loop
     vertex -3.000000e+00  7.000000e+00 -3.300000e+00
     vertex  1.500000e+00  0.000000e+00 -3.300000e+00
     vertex -3.000000e+00  0.000000e+00 -3.300000e+00
   endloop
 endfacet
 facet normal  0.000000e+00  0.000000e+00 -1.000000e+00
   outer loop
     vertex -3.000000e+00  4.200000e+01 -3.300000e+00
     vertex  1.500000e+00  4.200000e+01 -3.300000e+00
     vertex  1.500000e+00  3.500000e+01 -3.300000e+00
   endloop
 endfacet
 facet normal  0.000000e+00  0.000000e+00 -1.000000e+00
   outer loop
     vertex -3.000000e+00  4.200000e+01 -3.300000e+00
     vertex  1.500000e+00  3.500000e+01 -3.300000e+00
     vertex -3.000000e+00  3.500000e+01 -3.300000e+00
   endloop
 endfacet
 facet normal  0.000000e+00  0.000000e+00 -1.000000e+00
   outer loop
     vertex  9.850000e+01  7.000000e+00 -3.300000e+00
     vertex  1.030000e+02  7.000000e+00 -3.300000e+00
     vertex  1.030000e+02  0.000000e+00 -3.300000e+00
   endloop
 endfacet
 facet normal  0.000000e+00  0.000000e+00 -1.000000e+00
   outer loop
     vertex  9.850000e+01  7.000000e+00 -3.300000e+00
     vertex  1.030000e+02  0.000000e+00 -3.300000e+00
     vertex  9.850000e+01  0.000000e+00 -3.300000e+00
   endloop
 endfacet
 facet normal  0.000000e+00  0.000000e+00 -1.000000e+00
   outer loop
     vertex  9.850000e+01  4.200000e+01 -3.300000e+00
     vertex  1.030000e+02  4.200000e+01 -3.300000e+00
     vertex  1.030000e+02  3.500000e+01 -3.300000e+00
   endloop
 endfacet
 facet normal  0.000000e+00  0.000000e+00 -1.000000e+00
   outer loop
     vertex  9.850000e+01  4.200000e+01 -3.300000e+00
     vertex  1.030000e+02  3.500000e+01 -3.300000e+00
     vertex  9.850000e+01  3.500000e+01 -3.300000e+00
   endloop
 endfacet
endsolid
